{"temperature_r2": -179.10854871469292, "moisture_r2": 0.0696136112911282, "light_r2": 0.9676467074376167, "conductivity_r2": 0.0}