Timestamp,MAC,Temperature,Moisture,Light,Conductivity
2025-04-28 21:19:56,c4:7c:8d:6d:4e:df,25.3,100,84,4883
2025-04-28 21:19:59,c4:7c:8d:6d:26:c9,26.1,11,245,14
2025-04-28 21:20:01,c4:7c:8d:6d:28:fa,25.5,100,220,4856
2025-04-28 21:20:04,c4:7c:8d:6d:24:ed,26.2,77,132,2420
2025-04-28 21:30:29,c4:7c:8d:6d:4e:df,25.4,100,125,4874
2025-04-28 21:30:33,c4:7c:8d:6d:28:fa,25.4,100,139,4874
2025-04-28 21:30:36,c4:7c:8d:6d:24:ed,26.0,76,74,2425
2025-04-28 21:41:00,c4:7c:8d:6d:4e:df,25.2,100,107,4892
2025-04-28 21:41:04,c4:7c:8d:6d:28:fa,25.4,100,281,4874
2025-04-28 21:41:08,c4:7c:8d:6d:24:ed,26.0,76,89,2397
2025-04-28 21:45:59,c4:7c:8d:6d:26:c9,26.0,11,228,11
2025-04-28 21:46:04,c4:7c:8d:6d:24:ed,26.0,76,131,2397
2025-04-28 21:56:29,c4:7c:8d:6d:4e:df,25.1,100,66,4892
2025-04-28 21:56:32,c4:7c:8d:6d:26:c9,25.8,11,261,12
2025-04-28 21:56:34,c4:7c:8d:6d:28:fa,25.3,100,203,4883
2025-04-28 21:56:39,c4:7c:8d:6d:24:ed,25.8,76,94,2346
2025-04-28 22:07:06,c4:7c:8d:6d:4e:df,25.1,100,105,4901
2025-04-28 22:07:08,c4:7c:8d:6d:26:c9,25.5,11,131,12
2025-04-28 22:07:11,c4:7c:8d:6d:28:fa,25.1,100,203,4892
2025-04-28 22:07:19,c4:7c:8d:6d:24:ed,25.5,76,113,2364
2025-04-28 22:17:43,c4:7c:8d:6d:4e:df,25.0,100,43,4901
2025-04-28 22:17:45,c4:7c:8d:6d:26:c9,25.9,11,229,12
2025-04-28 22:17:47,c4:7c:8d:6d:28:fa,24.9,100,66,4919
2025-04-28 22:17:50,c4:7c:8d:6d:24:ed,25.6,76,0,2273
2025-04-28 22:28:14,c4:7c:8d:6d:4e:df,25.1,100,126,4901
2025-04-28 22:28:16,c4:7c:8d:6d:26:c9,25.9,11,178,11
2025-04-28 22:28:19,c4:7c:8d:6d:28:fa,24.7,100,249,4928
2025-04-28 22:28:23,c4:7c:8d:6d:24:ed,25.7,76,115,2300
2025-04-28 22:38:47,c4:7c:8d:6d:4e:df,25.0,100,90,4910
2025-04-28 22:38:49,c4:7c:8d:6d:26:c9,26.1,11,260,11
2025-04-28 22:38:52,c4:7c:8d:6d:28:fa,24.7,100,107,4928
2025-04-28 22:38:55,c4:7c:8d:6d:24:ed,25.8,76,52,2273
2025-04-28 22:49:20,c4:7c:8d:6d:4e:df,25.0,100,102,4910
2025-04-28 22:49:23,c4:7c:8d:6d:26:c9,26.0,11,162,12
2025-04-28 22:49:26,c4:7c:8d:6d:28:fa,24.7,100,220,4928
2025-04-28 22:49:29,c4:7c:8d:6d:24:ed,25.6,75,115,2296
2025-04-28 22:59:52,c4:7c:8d:6d:4e:df,25.0,100,105,4919
2025-04-28 22:59:55,c4:7c:8d:6d:26:c9,26.0,11,225,12
2025-04-28 22:59:59,c4:7c:8d:6d:28:fa,24.7,100,104,4928
2025-04-28 23:00:05,c4:7c:8d:6d:24:ed,25.7,76,69,2273
2025-04-28 23:10:28,c4:7c:8d:6d:4e:df,24.8,100,66,4919
2025-04-28 23:10:31,c4:7c:8d:6d:26:c9,25.9,11,245,11
2025-04-28 23:10:34,c4:7c:8d:6d:28:fa,24.7,100,203,4928
2025-04-28 23:10:38,c4:7c:8d:6d:24:ed,25.7,75,112,2304
2025-04-28 23:21:03,c4:7c:8d:6d:4e:df,24.8,100,107,4937
2025-04-28 23:21:06,c4:7c:8d:6d:26:c9,25.7,11,160,12
2025-04-28 23:21:09,c4:7c:8d:6d:28:fa,24.6,100,220,4937
2025-04-28 23:21:13,c4:7c:8d:6d:24:ed,25.4,75,92,2281
2025-04-28 23:31:38,c4:7c:8d:6d:4e:df,24.5,100,0,4955
2025-04-28 23:31:42,c4:7c:8d:6d:26:c9,25.5,11,276,12
2025-04-28 23:31:47,c4:7c:8d:6d:28:fa,24.4,100,203,4955
2025-04-28 23:31:51,c4:7c:8d:6d:24:ed,25.2,75,115,2257
2025-04-28 23:42:16,c4:7c:8d:6d:4e:df,24.2,100,0,4982
2025-04-28 23:42:19,c4:7c:8d:6d:26:c9,25.4,11,262,12
2025-04-28 23:42:21,c4:7c:8d:6d:28:fa,24.3,100,84,4982
2025-04-28 23:52:50,c4:7c:8d:6d:4e:df,24.0,100,0,4982
2025-04-28 23:52:54,c4:7c:8d:6d:26:c9,25.1,11,162,12
2025-04-28 23:52:58,c4:7c:8d:6d:28:fa,24.0,100,220,4991
2025-04-28 23:53:01,c4:7c:8d:6d:24:ed,25.1,75,117,2246
2025-04-29 00:03:24,c4:7c:8d:6d:4e:df,24.0,100,0,5000
2025-04-29 00:03:27,c4:7c:8d:6d:26:c9,25.1,11,261,11
2025-04-29 00:03:30,c4:7c:8d:6d:28:fa,24.0,100,126,5000
2025-04-29 00:03:34,c4:7c:8d:6d:24:ed,24.9,75,90,2250
2025-04-29 00:13:57,c4:7c:8d:6d:4e:df,23.8,100,105,4966
2025-04-29 00:14:00,c4:7c:8d:6d:26:c9,25.0,11,245,10
2025-04-29 00:14:03,c4:7c:8d:6d:28:fa,23.9,100,203,5018
2025-04-29 00:14:07,c4:7c:8d:6d:24:ed,24.8,75,16,2234
2025-04-29 00:24:31,c4:7c:8d:6d:4e:df,23.8,100,0,4993
2025-04-29 00:24:34,c4:7c:8d:6d:26:c9,24.9,11,229,12
2025-04-29 00:24:36,c4:7c:8d:6d:28:fa,23.7,100,104,5018
2025-04-29 00:24:39,c4:7c:8d:6d:24:ed,24.6,75,113,2238
2025-04-29 00:35:03,c4:7c:8d:6d:4e:df,23.7,100,68,4952
2025-04-29 00:35:06,c4:7c:8d:6d:26:c9,24.6,11,177,10
2025-04-29 00:35:10,c4:7c:8d:6d:28:fa,23.6,100,203,5036
2025-04-29 00:35:14,c4:7c:8d:6d:24:ed,24.4,75,132,2206
2025-04-29 00:45:37,c4:7c:8d:6d:4e:df,23.6,100,66,4869
2025-04-29 00:45:40,c4:7c:8d:6d:26:c9,24.6,11,197,12
2025-04-29 00:45:44,c4:7c:8d:6d:28:fa,23.6,100,158,5063
2025-04-29 00:45:49,c4:7c:8d:6d:24:ed,24.2,75,0,2222
2025-04-29 00:56:12,c4:7c:8d:6d:4e:df,23.5,100,107,4869
2025-04-29 00:56:15,c4:7c:8d:6d:26:c9,24.5,11,245,12
2025-04-29 00:56:18,c4:7c:8d:6d:28:fa,23.4,100,218,5063
2025-04-29 00:56:21,c4:7c:8d:6d:24:ed,24.3,74,118,2215
2025-04-29 01:06:44,c4:7c:8d:6d:4e:df,23.4,100,68,4978
2025-04-29 01:06:47,c4:7c:8d:6d:26:c9,24.4,11,162,11
2025-04-29 01:06:50,c4:7c:8d:6d:28:fa,23.3,100,66,5063
2025-04-29 01:06:55,c4:7c:8d:6d:24:ed,24.1,74,71,2215
2025-04-29 01:17:20,c4:7c:8d:6d:4e:df,23.3,100,110,4895
2025-04-29 01:17:23,c4:7c:8d:6d:26:c9,24.2,11,245,10
2025-04-29 01:17:27,c4:7c:8d:6d:28:fa,23.2,100,250,5072
2025-04-29 01:17:35,c4:7c:8d:6d:24:ed,23.9,74,134,2207
2025-04-29 01:27:59,c4:7c:8d:6d:4e:df,23.2,100,0,4954
2025-04-29 01:28:02,c4:7c:8d:6d:26:c9,24.1,11,264,10
2025-04-29 01:28:05,c4:7c:8d:6d:28:fa,23.1,100,87,5081
2025-04-29 01:28:08,c4:7c:8d:6d:24:ed,23.9,74,78,2207
2025-04-29 01:38:31,c4:7c:8d:6d:4e:df,23.2,100,30,4954
2025-04-29 01:38:34,c4:7c:8d:6d:26:c9,23.9,11,94,12
2025-04-29 01:38:38,c4:7c:8d:6d:28:fa,23.1,100,202,5081
2025-04-29 01:38:43,c4:7c:8d:6d:24:ed,23.9,75,90,2186
2025-04-29 01:49:06,c4:7c:8d:6d:4e:df,23.0,100,66,4913
2025-04-29 01:49:09,c4:7c:8d:6d:26:c9,24.0,11,248,12
2025-04-29 01:49:12,c4:7c:8d:6d:28:fa,23.0,100,126,5090
2025-04-29 01:49:16,c4:7c:8d:6d:24:ed,23.8,73,134,2214
2025-04-29 01:59:40,c4:7c:8d:6d:4e:df,22.9,100,108,4922
2025-04-29 01:59:44,c4:7c:8d:6d:26:c9,23.9,11,178,12
2025-04-29 01:59:47,c4:7c:8d:6d:28:fa,22.9,100,202,5108
2025-04-29 01:59:51,c4:7c:8d:6d:24:ed,23.6,74,37,2194
2025-04-29 02:10:15,c4:7c:8d:6d:4e:df,22.8,100,29,4897
2025-04-29 02:10:18,c4:7c:8d:6d:26:c9,23.9,11,245,11
2025-04-29 02:10:21,c4:7c:8d:6d:28:fa,22.8,100,234,5108
2025-04-29 02:10:24,c4:7c:8d:6d:24:ed,23.5,73,0,2202
2025-04-29 02:20:47,c4:7c:8d:6d:4e:df,22.8,100,71,4897
2025-04-29 02:20:50,c4:7c:8d:6d:26:c9,23.7,11,163,11
2025-04-29 02:20:54,c4:7c:8d:6d:28:fa,22.7,100,126,5117
2025-04-29 02:20:58,c4:7c:8d:6d:24:ed,23.3,74,74,2206
2025-04-29 02:31:23,c4:7c:8d:6d:4e:df,22.7,100,125,4864
2025-04-29 02:31:26,c4:7c:8d:6d:26:c9,23.6,11,211,11
2025-04-29 02:31:29,c4:7c:8d:6d:28:fa,22.5,100,202,5126
2025-04-29 02:31:33,c4:7c:8d:6d:24:ed,23.2,73,117,2191
2025-04-29 02:41:56,c4:7c:8d:6d:4e:df,22.8,100,68,4872
2025-04-29 02:41:59,c4:7c:8d:6d:26:c9,23.5,11,230,11
2025-04-29 02:42:01,c4:7c:8d:6d:28:fa,22.5,100,126,5117
2025-04-29 02:42:05,c4:7c:8d:6d:24:ed,23.1,73,71,2207
2025-04-29 02:52:31,c4:7c:8d:6d:4e:df,22.7,100,110,4829
2025-04-29 02:52:34,c4:7c:8d:6d:26:c9,23.3,11,179,11
2025-04-29 02:52:39,c4:7c:8d:6d:28:fa,22.4,100,202,5144
2025-04-29 02:52:42,c4:7c:8d:6d:24:ed,23.1,73,136,2191
2025-04-29 03:03:05,c4:7c:8d:6d:4e:df,22.5,100,89,4787
2025-04-29 03:03:08,c4:7c:8d:6d:26:c9,23.3,11,182,11
2025-04-29 03:03:10,c4:7c:8d:6d:28:fa,22.4,100,84,5144
2025-04-29 03:03:13,c4:7c:8d:6d:24:ed,23.1,73,37,2182
2025-04-29 03:13:36,c4:7c:8d:6d:4e:df,22.4,100,107,4804
2025-04-29 03:13:39,c4:7c:8d:6d:26:c9,23.3,11,147,12
2025-04-29 03:13:41,c4:7c:8d:6d:28:fa,22.3,100,234,5162
2025-04-29 03:13:45,c4:7c:8d:6d:24:ed,22.9,73,117,2174
2025-04-29 03:24:12,c4:7c:8d:6d:4e:df,22.4,100,29,4889
2025-04-29 03:24:15,c4:7c:8d:6d:26:c9,23.2,11,246,11
2025-04-29 03:24:18,c4:7c:8d:6d:28:fa,22.2,100,202,5162
2025-04-29 03:24:24,c4:7c:8d:6d:24:ed,22.8,73,74,2206
2025-04-29 03:34:47,c4:7c:8d:6d:4e:df,22.2,100,69,4812
2025-04-29 03:34:51,c4:7c:8d:6d:26:c9,23.1,11,214,11
2025-04-29 03:34:54,c4:7c:8d:6d:28:fa,22.2,100,87,5162
2025-04-29 03:34:57,c4:7c:8d:6d:24:ed,22.8,73,76,2194
2025-04-29 03:45:20,c4:7c:8d:6d:4e:df,22.3,100,69,4863
2025-04-29 03:45:23,c4:7c:8d:6d:26:c9,23.0,11,147,11
2025-04-29 03:45:26,c4:7c:8d:6d:28:fa,22.0,100,234,5171
2025-04-29 03:45:29,c4:7c:8d:6d:24:ed,22.7,73,0,2198
2025-04-29 03:55:52,c4:7c:8d:6d:4e:df,22.2,100,112,4778
2025-04-29 03:55:55,c4:7c:8d:6d:26:c9,23.0,11,215,11
2025-04-29 03:55:59,c4:7c:8d:6d:28:fa,22.0,100,86,5180
2025-04-29 03:56:05,c4:7c:8d:6d:24:ed,22.5,72,0,2177
2025-04-29 04:06:28,c4:7c:8d:6d:4e:df,22.1,100,69,4787
2025-04-29 04:06:31,c4:7c:8d:6d:26:c9,22.9,11,249,11
2025-04-29 04:06:34,c4:7c:8d:6d:28:fa,22.0,100,265,5180
2025-04-29 04:06:40,c4:7c:8d:6d:24:ed,22.7,72,35,2157
2025-04-29 04:17:03,c4:7c:8d:6d:4e:df,22.1,100,32,4838
2025-04-29 04:17:06,c4:7c:8d:6d:26:c9,22.9,11,178,10
2025-04-29 04:17:09,c4:7c:8d:6d:28:fa,21.8,100,237,5189
2025-04-29 04:17:12,c4:7c:8d:6d:24:ed,22.5,72,117,2177
2025-04-29 04:27:36,c4:7c:8d:6d:4e:df,22.1,100,84,4710
2025-04-29 04:27:39,c4:7c:8d:6d:26:c9,22.7,11,230,10
2025-04-29 04:27:43,c4:7c:8d:6d:28:fa,21.8,100,105,5189
2025-04-29 04:27:48,c4:7c:8d:6d:24:ed,22.5,72,0,2157
2025-04-29 04:38:11,c4:7c:8d:6d:4e:df,21.9,100,69,4753
2025-04-29 04:38:13,c4:7c:8d:6d:26:c9,22.8,11,246,10
2025-04-29 04:38:17,c4:7c:8d:6d:28:fa,21.7,100,234,5207
2025-04-29 04:38:22,c4:7c:8d:6d:24:ed,22.3,73,71,2161
2025-04-29 04:48:45,c4:7c:8d:6d:4e:df,21.9,100,50,4753
2025-04-29 04:48:48,c4:7c:8d:6d:26:c9,22.6,11,246,8
2025-04-29 04:48:51,c4:7c:8d:6d:28:fa,21.7,100,68,5216
2025-04-29 04:48:54,c4:7c:8d:6d:24:ed,22.3,72,39,2161
2025-04-29 04:59:17,c4:7c:8d:6d:4e:df,21.8,100,110,4727
2025-04-29 04:59:19,c4:7c:8d:6d:26:c9,22.6,11,163,8
2025-04-29 04:59:23,c4:7c:8d:6d:28:fa,21.6,100,202,5216
2025-04-29 04:59:30,c4:7c:8d:6d:24:ed,22.2,72,0,2156
2025-04-29 05:09:54,c4:7c:8d:6d:4e:df,21.6,100,0,4727
2025-04-29 05:09:57,c4:7c:8d:6d:26:c9,22.5,11,202,8
2025-04-29 05:10:00,c4:7c:8d:6d:28:fa,21.5,100,87,5216
2025-04-29 05:10:03,c4:7c:8d:6d:24:ed,22.2,72,136,2152
2025-04-29 05:20:26,c4:7c:8d:6d:4e:df,21.6,100,110,4743
2025-04-29 05:20:28,c4:7c:8d:6d:26:c9,22.5,10,146,8
2025-04-29 05:20:31,c4:7c:8d:6d:28:fa,21.5,100,221,5234
2025-04-29 05:20:35,c4:7c:8d:6d:24:ed,22.1,72,97,2148
2025-04-29 05:31:01,c4:7c:8d:6d:4e:df,21.6,100,473,4727
2025-04-29 05:31:03,c4:7c:8d:6d:26:c9,22.5,11,1130,11
2025-04-29 05:31:07,c4:7c:8d:6d:28:fa,21.5,100,1398,5234
2025-04-29 05:31:15,c4:7c:8d:6d:24:ed,22.2,72,661,2136
2025-04-29 05:41:38,c4:7c:8d:6d:4e:df,22.1,100,112,4676
2025-04-29 05:41:41,c4:7c:8d:6d:26:c9,22.6,11,230,8
2025-04-29 05:41:45,c4:7c:8d:6d:28:fa,21.6,100,105,5216
2025-04-29 05:41:50,c4:7c:8d:6d:24:ed,22.3,72,92,2116
2025-04-29 05:52:15,c4:7c:8d:6d:26:c9,22.5,11,248,11
2025-04-29 05:52:18,c4:7c:8d:6d:28:fa,21.2,100,202,5252
2025-04-29 05:52:21,c4:7c:8d:6d:24:ed,22.2,71,136,2124
2025-04-29 06:02:44,c4:7c:8d:6d:4e:df,21.6,100,50,4700
2025-04-29 06:02:47,c4:7c:8d:6d:26:c9,22.4,11,179,11
2025-04-29 06:02:50,c4:7c:8d:6d:28:fa,21.2,100,86,5243
2025-04-29 06:02:53,c4:7c:8d:6d:24:ed,22.0,71,97,2136
2025-04-29 06:13:16,c4:7c:8d:6d:4e:df,21.6,100,0,4619
2025-04-29 06:13:19,c4:7c:8d:6d:26:c9,22.4,11,214,11
2025-04-29 06:13:22,c4:7c:8d:6d:28:fa,21.5,100,202,5234
2025-04-29 06:13:25,c4:7c:8d:6d:24:ed,22.1,71,113,2124
2025-04-29 06:23:48,c4:7c:8d:6d:4e:df,21.7,100,0,4657
2025-04-29 06:23:51,c4:7c:8d:6d:26:c9,22.4,11,131,8
2025-04-29 06:23:53,c4:7c:8d:6d:28:fa,21.4,100,52,5234
2025-04-29 06:23:56,c4:7c:8d:6d:24:ed,22.0,73,115,2572
2025-04-29 06:34:19,c4:7c:8d:6d:4e:df,21.5,100,108,4657
2025-04-29 06:34:23,c4:7c:8d:6d:26:c9,22.3,11,268,8
2025-04-29 06:34:26,c4:7c:8d:6d:28:fa,21.3,100,202,5243
2025-04-29 06:44:54,c4:7c:8d:6d:4e:df,21.5,100,27,4627
2025-04-29 06:44:57,c4:7c:8d:6d:26:c9,22.3,11,179,11
2025-04-29 06:45:00,c4:7c:8d:6d:28:fa,21.2,100,202,5252
2025-04-29 06:45:04,c4:7c:8d:6d:24:ed,21.7,73,136,2644
2025-04-29 06:55:30,c4:7c:8d:6d:4e:df,21.4,100,92,4665
2025-04-29 06:55:33,c4:7c:8d:6d:26:c9,22.2,11,268,10
2025-04-29 06:55:36,c4:7c:8d:6d:28:fa,21.0,100,206,5261
2025-04-29 06:55:39,c4:7c:8d:6d:24:ed,21.8,73,117,2620
2025-04-29 07:06:03,c4:7c:8d:6d:4e:df,21.5,100,86,4597
2025-04-29 07:06:06,c4:7c:8d:6d:26:c9,22.2,11,136,8
2025-04-29 07:06:09,c4:7c:8d:6d:28:fa,21.0,100,123,5261
2025-04-29 07:16:38,c4:7c:8d:6d:4e:df,21.5,100,30,4582
2025-04-29 07:16:42,c4:7c:8d:6d:26:c9,22.2,11,215,10
2025-04-29 07:16:45,c4:7c:8d:6d:28:fa,21.0,100,206,5261
2025-04-29 07:16:48,c4:7c:8d:6d:24:ed,21.8,73,135,2560
2025-04-29 07:27:13,c4:7c:8d:6d:26:c9,22.3,11,181,8
2025-04-29 07:27:19,c4:7c:8d:6d:28:fa,21.2,100,123,5261
2025-04-29 07:27:22,c4:7c:8d:6d:24:ed,21.8,72,99,2585
2025-04-29 07:37:46,c4:7c:8d:6d:4e:df,21.7,100,110,4597
2025-04-29 07:37:48,c4:7c:8d:6d:26:c9,22.4,11,233,8
2025-04-29 07:37:52,c4:7c:8d:6d:28:fa,21.3,100,268,5252
2025-04-29 07:37:57,c4:7c:8d:6d:24:ed,22.0,73,136,2547
2025-04-29 07:48:21,c4:7c:8d:6d:4e:df,21.6,100,50,4484
2025-04-29 07:48:24,c4:7c:8d:6d:26:c9,22.5,11,249,10
2025-04-29 07:48:29,c4:7c:8d:6d:28:fa,21.4,100,187,5243
2025-04-29 07:48:35,c4:7c:8d:6d:24:ed,22.1,73,113,2576
2025-04-29 07:58:59,c4:7c:8d:6d:4e:df,21.9,100,110,4513
2025-04-29 07:59:01,c4:7c:8d:6d:26:c9,22.8,11,248,8
2025-04-29 07:59:09,c4:7c:8d:6d:28:fa,21.4,100,174,5234
2025-04-29 07:59:12,c4:7c:8d:6d:24:ed,22.1,72,40,2538
2025-04-29 08:09:37,c4:7c:8d:6d:4e:df,21.9,100,69,4505
2025-04-29 08:09:39,c4:7c:8d:6d:26:c9,22.8,11,215,8
2025-04-29 08:09:42,c4:7c:8d:6d:28:fa,21.6,100,252,5234
2025-04-29 08:09:45,c4:7c:8d:6d:24:ed,22.2,72,135,2508
2025-04-29 08:20:08,c4:7c:8d:6d:4e:df,22.0,100,132,4535
2025-04-29 08:20:10,c4:7c:8d:6d:26:c9,22.6,11,249,10
2025-04-29 08:20:13,c4:7c:8d:6d:28:fa,21.5,100,174,5216
2025-04-29 08:20:17,c4:7c:8d:6d:24:ed,22.2,71,21,2504
2025-04-29 08:30:43,c4:7c:8d:6d:4e:df,21.9,100,11,4513
2025-04-29 08:30:46,c4:7c:8d:6d:26:c9,22.7,11,233,8
2025-04-29 08:30:50,c4:7c:8d:6d:28:fa,21.5,100,206,5216
2025-04-29 08:30:55,c4:7c:8d:6d:24:ed,22.3,71,3,2475
2025-04-29 08:41:18,c4:7c:8d:6d:4e:df,22.2,100,90,4476
2025-04-29 08:41:25,c4:7c:8d:6d:26:c9,22.8,11,248,8
2025-04-29 08:41:29,c4:7c:8d:6d:28:fa,21.6,100,126,5207
2025-04-29 08:41:33,c4:7c:8d:6d:24:ed,22.3,71,0,2471
2025-04-29 08:52:02,c4:7c:8d:6d:4e:df,22.1,100,126,4371
2025-04-29 08:52:06,c4:7c:8d:6d:26:c9,22.9,11,232,10
2025-04-29 08:52:10,c4:7c:8d:6d:28:fa,21.6,100,252,5207
2025-04-29 08:52:15,c4:7c:8d:6d:24:ed,22.5,71,134,2437
2025-04-29 09:02:39,c4:7c:8d:6d:4e:df,22.2,100,65,4461
2025-04-29 09:02:47,c4:7c:8d:6d:28:fa,21.7,100,105,5198
2025-04-29 09:02:49,c4:7c:8d:6d:24:ed,22.5,71,113,2432
2025-04-29 09:13:14,c4:7c:8d:6d:4e:df,22.3,100,107,4482
2025-04-29 09:13:18,c4:7c:8d:6d:26:c9,23.0,11,167,8
2025-04-29 09:13:21,c4:7c:8d:6d:28:fa,21.9,100,221,5189
2025-04-29 09:13:24,c4:7c:8d:6d:24:ed,22.7,71,95,2432
2025-04-29 09:23:47,c4:7c:8d:6d:4e:df,22.4,100,87,4445
2025-04-29 09:23:50,c4:7c:8d:6d:28:fa,22.1,100,140,5171
2025-04-29 09:34:16,c4:7c:8d:6d:4e:df,22.5,100,50,4437
2025-04-29 09:34:19,c4:7c:8d:6d:26:c9,23.2,11,164,11
2025-04-29 09:34:22,c4:7c:8d:6d:28:fa,22.1,100,252,5162
2025-04-29 09:34:25,c4:7c:8d:6d:24:ed,23.0,71,97,2391
2025-04-29 09:44:49,c4:7c:8d:6d:4e:df,22.4,100,8,4458
2025-04-29 09:44:51,c4:7c:8d:6d:26:c9,23.3,11,246,8
2025-04-29 09:44:54,c4:7c:8d:6d:28:fa,22.0,100,123,5162
2025-04-29 09:44:57,c4:7c:8d:6d:24:ed,22.9,71,134,2419
2025-04-29 09:55:21,c4:7c:8d:6d:4e:df,22.6,100,73,4466
2025-04-29 09:55:23,c4:7c:8d:6d:26:c9,23.3,11,164,8
2025-04-29 09:55:27,c4:7c:8d:6d:28:fa,22.0,100,237,5171
2025-04-29 09:55:31,c4:7c:8d:6d:24:ed,22.9,71,135,2361
2025-04-29 10:05:55,c4:7c:8d:6d:4e:df,22.9,100,50,4414
2025-04-29 10:05:57,c4:7c:8d:6d:26:c9,23.5,11,264,8
2025-04-29 10:06:00,c4:7c:8d:6d:28:fa,22.3,100,105,5153
2025-04-29 10:06:02,c4:7c:8d:6d:24:ed,23.1,71,95,2382
2025-04-30 14:49:30,c4:7c:8d:6d:4e:df,24.5,87,107,2853
2025-04-30 14:49:34,c4:7c:8d:6d:26:c9,25.2,12,162,6
2025-04-30 14:49:37,c4:7c:8d:6d:28:fa,24.4,100,310,4297
2025-04-30 14:49:40,c4:7c:8d:6d:24:ed,25.0,65,134,1735
2025-04-30 15:00:04,c4:7c:8d:6d:4e:df,24.6,88,65,2876
2025-04-30 15:00:07,c4:7c:8d:6d:26:c9,25.3,13,229,5
2025-04-30 15:00:10,c4:7c:8d:6d:28:fa,24.6,100,217,4274
2025-04-30 15:00:13,c4:7c:8d:6d:24:ed,25.3,65,71,1706
2025-04-30 15:10:37,c4:7c:8d:6d:4e:df,25.0,88,125,2827
2025-04-30 15:10:39,c4:7c:8d:6d:26:c9,25.5,13,160,5
2025-04-30 15:10:43,c4:7c:8d:6d:28:fa,25.2,100,248,4235
2025-04-30 15:10:47,c4:7c:8d:6d:24:ed,25.7,65,117,1693
2025-04-30 15:21:14,c4:7c:8d:6d:4e:df,25.1,88,100,2821
2025-04-30 15:21:16,c4:7c:8d:6d:26:c9,25.9,13,242,6
2025-04-30 15:21:19,c4:7c:8d:6d:28:fa,25.4,100,140,4212
2025-04-30 15:21:23,c4:7c:8d:6d:24:ed,26.1,65,0,1684
2025-04-30 15:31:49,c4:7c:8d:6d:4e:df,25.2,88,126,2787
2025-04-30 15:31:51,c4:7c:8d:6d:26:c9,26.0,13,177,6
2025-04-30 15:31:54,c4:7c:8d:6d:28:fa,25.6,100,248,4196
2025-04-30 15:31:57,c4:7c:8d:6d:24:ed,26.2,65,94,1677
2025-04-30 15:42:21,c4:7c:8d:6d:4e:df,25.4,88,0,2806
2025-04-30 15:42:24,c4:7c:8d:6d:26:c9,26.0,13,246,5
2025-04-30 15:42:26,c4:7c:8d:6d:28:fa,25.7,100,86,4223
2025-04-30 15:42:29,c4:7c:8d:6d:24:ed,26.2,65,76,1674
2025-04-30 15:52:52,c4:7c:8d:6d:4e:df,25.5,88,0,2801
2025-04-30 15:52:55,c4:7c:8d:6d:26:c9,26.3,13,178,5
2025-04-30 15:52:57,c4:7c:8d:6d:28:fa,25.8,100,248,4173
2025-04-30 15:53:00,c4:7c:8d:6d:24:ed,26.4,65,90,1671
2025-04-30 16:03:23,c4:7c:8d:6d:26:c9,26.3,13,211,5
2025-04-30 16:03:26,c4:7c:8d:6d:28:fa,26.0,100,156,4173
2025-04-30 16:03:30,c4:7c:8d:6d:24:ed,26.5,65,131,1657
2025-04-30 16:13:56,c4:7c:8d:6d:4e:df,25.7,88,0,2766
2025-04-30 16:14:00,c4:7c:8d:6d:26:c9,26.2,13,178,6
2025-04-30 16:14:04,c4:7c:8d:6d:28:fa,25.8,100,264,4173
2025-04-30 16:14:07,c4:7c:8d:6d:24:ed,26.5,65,108,1657
2025-04-30 16:24:31,c4:7c:8d:6d:4e:df,25.6,88,0,2790
2025-04-30 16:24:34,c4:7c:8d:6d:26:c9,26.3,13,245,6
2025-04-30 16:24:37,c4:7c:8d:6d:28:fa,26.0,100,156,4173
2025-04-30 16:24:42,c4:7c:8d:6d:24:ed,26.7,65,131,1657
2025-04-30 16:35:06,c4:7c:8d:6d:4e:df,25.6,88,30,2738
2025-04-30 16:35:08,c4:7c:8d:6d:26:c9,26.6,13,160,5
2025-04-30 16:35:12,c4:7c:8d:6d:28:fa,25.7,100,220,4168
2025-04-30 16:35:16,c4:7c:8d:6d:24:ed,26.3,65,90,1649
2025-04-30 16:45:40,c4:7c:8d:6d:4e:df,25.7,87,0,2715
2025-04-30 16:45:44,c4:7c:8d:6d:26:c9,26.6,13,210,5
2025-04-30 16:45:47,c4:7c:8d:6d:28:fa,25.7,100,105,4168
2025-04-30 16:45:50,c4:7c:8d:6d:24:ed,26.3,65,115,1655
2025-04-30 16:56:13,c4:7c:8d:6d:4e:df,25.8,88,27,2738
2025-04-30 16:56:16,c4:7c:8d:6d:26:c9,26.8,13,159,5
2025-04-30 16:56:19,c4:7c:8d:6d:28:fa,25.7,100,248,4168
2025-04-30 16:56:23,c4:7c:8d:6d:24:ed,26.5,65,89,1661
2025-04-30 17:06:48,c4:7c:8d:6d:4e:df,25.9,86,81,2733
2025-04-30 17:06:51,c4:7c:8d:6d:26:c9,26.9,13,182,5
2025-04-30 17:06:54,c4:7c:8d:6d:28:fa,25.8,100,248,4145
2025-04-30 17:06:57,c4:7c:8d:6d:24:ed,26.5,65,132,1651
2025-04-30 17:17:21,c4:7c:8d:6d:4e:df,26.1,88,123,2728
2025-04-30 17:17:23,c4:7c:8d:6d:26:c9,27.1,13,144,6
2025-04-30 17:17:26,c4:7c:8d:6d:28:fa,26.0,100,171,4109
2025-04-30 17:17:29,c4:7c:8d:6d:24:ed,26.6,65,110,1639
2025-04-30 17:27:52,c4:7c:8d:6d:4e:df,26.2,86,100,2735
2025-04-30 17:27:55,c4:7c:8d:6d:26:c9,27.1,13,246,6
2025-04-30 17:27:58,c4:7c:8d:6d:28:fa,26.0,100,248,4129
2025-04-30 17:28:01,c4:7c:8d:6d:24:ed,26.8,65,131,1648
2025-04-30 17:38:24,c4:7c:8d:6d:4e:df,26.4,88,48,2630
2025-04-30 17:38:27,c4:7c:8d:6d:26:c9,27.3,13,132,5
2025-04-30 17:38:30,c4:7c:8d:6d:28:fa,26.2,100,102,4142
2025-04-30 17:38:34,c4:7c:8d:6d:24:ed,27.1,65,89,1630
2025-04-30 17:48:58,c4:7c:8d:6d:4e:df,26.5,86,84,2730
2025-04-30 17:49:02,c4:7c:8d:6d:26:c9,27.2,13,242,5
2025-04-30 17:49:05,c4:7c:8d:6d:28:fa,26.3,100,234,4134
2025-04-30 17:49:08,c4:7c:8d:6d:24:ed,27.1,64,110,1622
2025-04-30 17:59:31,c4:7c:8d:6d:4e:df,26.5,88,125,2669
2025-04-30 17:59:34,c4:7c:8d:6d:26:c9,27.4,13,177,4
2025-04-30 17:59:37,c4:7c:8d:6d:28:fa,26.6,100,105,4083
2025-04-30 17:59:40,c4:7c:8d:6d:24:ed,27.3,65,89,1621
2025-04-30 18:10:03,c4:7c:8d:6d:4e:df,27.0,88,102,2677
2025-04-30 18:10:06,c4:7c:8d:6d:26:c9,27.4,13,241,5
2025-04-30 18:10:09,c4:7c:8d:6d:28:fa,26.6,100,217,4055
2025-04-30 18:10:13,c4:7c:8d:6d:24:ed,27.3,65,94,1627
2025-04-30 18:20:37,c4:7c:8d:6d:4e:df,27.1,87,65,2699
2025-04-30 18:20:40,c4:7c:8d:6d:26:c9,27.7,13,159,6
2025-04-30 18:20:44,c4:7c:8d:6d:28:fa,26.7,100,217,4075
2025-04-30 18:20:49,c4:7c:8d:6d:24:ed,27.5,65,29,1632
2025-04-30 18:31:12,c4:7c:8d:6d:4e:df,27.3,87,58,2634
2025-04-30 18:31:15,c4:7c:8d:6d:26:c9,27.9,12,242,5
2025-04-30 18:31:19,c4:7c:8d:6d:28:fa,26.9,100,105,4095
2025-04-30 18:31:23,c4:7c:8d:6d:24:ed,27.6,65,113,1623
2025-04-30 18:41:46,c4:7c:8d:6d:4e:df,27.3,87,123,2607
2025-04-30 18:41:49,c4:7c:8d:6d:26:c9,27.8,12,242,5
2025-04-30 18:41:51,c4:7c:8d:6d:28:fa,27.0,100,234,4032
2025-04-30 18:41:54,c4:7c:8d:6d:24:ed,27.7,65,89,1630
2025-04-30 18:52:17,c4:7c:8d:6d:4e:df,27.3,87,61,2617
2025-04-30 18:52:20,c4:7c:8d:6d:26:c9,27.9,12,142,6
2025-04-30 18:52:22,c4:7c:8d:6d:28:fa,26.7,100,105,4083
2025-04-30 18:52:25,c4:7c:8d:6d:24:ed,27.6,65,110,1606
2025-04-30 19:02:48,c4:7c:8d:6d:4e:df,27.1,87,102,2639
2025-04-30 19:02:51,c4:7c:8d:6d:26:c9,27.8,12,228,5
2025-04-30 19:02:53,c4:7c:8d:6d:28:fa,26.5,100,234,4126
2025-04-30 19:02:56,c4:7c:8d:6d:24:ed,27.5,65,52,1629
2025-04-30 19:13:19,c4:7c:8d:6d:4e:df,27.1,88,43,2649
2025-04-30 19:13:22,c4:7c:8d:6d:26:c9,27.8,12,158,6
2025-04-30 19:13:26,c4:7c:8d:6d:28:fa,26.5,100,105,4091
2025-04-30 19:13:32,c4:7c:8d:6d:24:ed,27.3,65,110,1636
2025-04-30 19:23:55,c4:7c:8d:6d:4e:df,26.9,86,105,2568
2025-04-30 19:23:58,c4:7c:8d:6d:26:c9,27.7,13,211,6
2025-04-30 19:24:01,c4:7c:8d:6d:28:fa,26.5,100,234,4126
2025-04-30 19:24:04,c4:7c:8d:6d:24:ed,27.4,65,68,1632
2025-04-30 19:34:27,c4:7c:8d:6d:4e:df,26.9,87,123,2541
2025-04-30 19:34:31,c4:7c:8d:6d:26:c9,27.8,12,159,5
2025-04-30 19:34:34,c4:7c:8d:6d:28:fa,26.6,100,105,4098
2025-04-30 19:34:38,c4:7c:8d:6d:24:ed,27.5,65,132,1608
2025-04-30 19:45:03,c4:7c:8d:6d:4e:df,27.3,86,185,2607
2025-04-30 19:45:06,c4:7c:8d:6d:26:c9,28.2,13,5145,4
2025-04-30 19:45:09,c4:7c:8d:6d:28:fa,27.0,100,3105,4025
2025-04-30 19:45:12,c4:7c:8d:6d:24:ed,27.9,65,1334,1617
2025-04-30 19:55:36,c4:7c:8d:6d:4e:df,27.4,87,211,2571
2025-04-30 19:55:40,c4:7c:8d:6d:26:c9,28.6,13,5048,6
2025-04-30 19:55:44,c4:7c:8d:6d:28:fa,27.3,100,3029,4029
2025-04-30 19:55:49,c4:7c:8d:6d:24:ed,28.2,65,1374,1604
2025-04-30 20:06:12,c4:7c:8d:6d:4e:df,27.5,86,175,2597
2025-04-30 20:06:15,c4:7c:8d:6d:26:c9,28.8,13,5185,6
2025-04-30 20:06:18,c4:7c:8d:6d:28:fa,27.5,100,3134,4021
2025-04-30 20:16:45,c4:7c:8d:6d:4e:df,27.5,86,238,2571
2025-04-30 20:16:48,c4:7c:8d:6d:26:c9,28.8,13,5072,5
2025-04-30 20:16:51,c4:7c:8d:6d:28:fa,27.5,100,3087,3994
2025-04-30 20:16:54,c4:7c:8d:6d:24:ed,28.3,65,1334,1601
2025-04-30 20:27:17,c4:7c:8d:6d:4e:df,27.4,86,205,2522
2025-04-30 20:27:20,c4:7c:8d:6d:26:c9,28.8,13,5215,4
2025-04-30 20:27:23,c4:7c:8d:6d:28:fa,27.5,100,2987,3994
2025-04-30 20:27:26,c4:7c:8d:6d:24:ed,28.3,65,1379,1601
2025-04-30 20:37:49,c4:7c:8d:6d:4e:df,27.3,86,240,2581
2025-04-30 20:37:52,c4:7c:8d:6d:26:c9,28.8,14,5087,5
2025-04-30 20:37:55,c4:7c:8d:6d:28:fa,27.2,100,3147,3982
2025-04-30 20:37:58,c4:7c:8d:6d:24:ed,28.1,65,1285,1604
2025-04-30 20:48:21,c4:7c:8d:6d:4e:df,26.9,86,191,2546
2025-04-30 20:48:24,c4:7c:8d:6d:26:c9,28.3,13,5204,5
2025-04-30 20:48:27,c4:7c:8d:6d:28:fa,26.9,100,3029,4040
2025-04-30 20:48:30,c4:7c:8d:6d:24:ed,27.7,65,1408,1603
2025-04-30 20:58:53,c4:7c:8d:6d:4e:df,26.6,86,228,2561
2025-04-30 20:58:56,c4:7c:8d:6d:26:c9,28.2,13,5063,5
2025-04-30 20:58:59,c4:7c:8d:6d:28:fa,26.5,100,3193,4071
2025-04-30 20:59:02,c4:7c:8d:6d:24:ed,27.6,65,1305,1612
2025-04-30 21:09:26,c4:7c:8d:6d:4e:df,26.6,86,191,2538
2025-04-30 21:09:29,c4:7c:8d:6d:26:c9,28.1,13,5185,5
2025-04-30 21:09:34,c4:7c:8d:6d:28:fa,26.3,100,3105,4058
2025-04-30 21:19:59,c4:7c:8d:6d:4e:df,26.5,86,225,2511
2025-04-30 21:20:02,c4:7c:8d:6d:26:c9,28.1,13,5198,5
2025-04-30 21:20:05,c4:7c:8d:6d:28:fa,26.3,100,3222,4058
2025-04-30 21:20:08,c4:7c:8d:6d:24:ed,27.3,64,1391,1624
2025-04-30 21:30:31,c4:7c:8d:6d:4e:df,26.5,85,69,2511
2025-04-30 21:30:33,c4:7c:8d:6d:26:c9,28.1,13,5063,5
2025-04-30 21:30:36,c4:7c:8d:6d:28:fa,26.2,100,3190,4058
2025-04-30 21:30:39,c4:7c:8d:6d:24:ed,27.3,64,1366,1608
2025-04-30 21:41:02,c4:7c:8d:6d:4e:df,26.4,85,110,2429
2025-04-30 21:41:05,c4:7c:8d:6d:26:c9,28.1,13,5175,5
2025-04-30 21:41:08,c4:7c:8d:6d:28:fa,26.2,100,3366,4046
2025-04-30 21:41:11,c4:7c:8d:6d:24:ed,27.3,64,1395,1619
2025-04-30 21:51:34,c4:7c:8d:6d:4e:df,26.3,85,190,2434
2025-04-30 21:51:37,c4:7c:8d:6d:26:c9,28.0,12,5076,5
2025-04-30 21:51:40,c4:7c:8d:6d:28:fa,26.2,100,3308,4046
2025-04-30 21:51:43,c4:7c:8d:6d:24:ed,27.2,63,1322,1625
2025-04-30 22:02:07,c4:7c:8d:6d:4e:df,26.3,85,225,2375
2025-04-30 22:02:10,c4:7c:8d:6d:26:c9,27.9,12,5198,5
2025-04-30 22:02:13,c4:7c:8d:6d:28:fa,26.1,100,3443,3991
2025-04-30 22:02:16,c4:7c:8d:6d:24:ed,27.1,64,1339,1614
2025-04-30 22:12:39,c4:7c:8d:6d:4e:df,26.4,85,207,2407
2025-04-30 22:12:43,c4:7c:8d:6d:26:c9,27.8,12,5084,4
2025-04-30 22:12:46,c4:7c:8d:6d:28:fa,26.1,100,3351,4011
2025-04-30 22:12:49,c4:7c:8d:6d:24:ed,27.1,63,1350,1606
2025-04-30 22:23:12,c4:7c:8d:6d:4e:df,26.4,85,163,2325
2025-04-30 22:23:15,c4:7c:8d:6d:26:c9,27.9,12,5198,5
2025-04-30 22:23:18,c4:7c:8d:6d:28:fa,26.1,100,3675,4019
2025-04-30 22:23:21,c4:7c:8d:6d:24:ed,27.1,64,1383,1614
2025-04-30 22:33:45,c4:7c:8d:6d:4e:df,26.3,84,256,2379
2025-04-30 22:33:48,c4:7c:8d:6d:26:c9,27.8,12,5140,5
2025-04-30 22:33:51,c4:7c:8d:6d:28:fa,26.0,100,3514,3963
2025-04-30 22:33:54,c4:7c:8d:6d:24:ed,27.1,63,1297,1609
2025-04-30 22:44:17,c4:7c:8d:6d:4e:df,26.3,83,206,2329
2025-04-30 22:44:20,c4:7c:8d:6d:26:c9,27.8,13,5198,5
2025-04-30 22:44:23,c4:7c:8d:6d:28:fa,26.0,100,3646,3998
2025-04-30 22:44:27,c4:7c:8d:6d:24:ed,27.0,63,1354,1600
2025-04-30 22:54:52,c4:7c:8d:6d:4e:df,26.3,83,193,2274
2025-04-30 22:54:55,c4:7c:8d:6d:26:c9,27.8,12,5126,6
2025-04-30 22:54:59,c4:7c:8d:6d:28:fa,26.0,100,3704,3970
2025-04-30 22:55:03,c4:7c:8d:6d:24:ed,27.0,63,1395,1600
2025-04-30 23:05:26,c4:7c:8d:6d:4e:df,26.2,83,142,2302
2025-04-30 23:05:29,c4:7c:8d:6d:26:c9,27.7,12,5190,5
2025-04-30 23:05:32,c4:7c:8d:6d:28:fa,25.8,100,3572,3978
2025-04-30 23:05:36,c4:7c:8d:6d:24:ed,26.8,63,1390,1582
2025-04-30 23:16:02,c4:7c:8d:6d:4e:df,26.2,83,194,2279
2025-04-30 23:16:05,c4:7c:8d:6d:26:c9,27.7,12,5084,5
2025-04-30 23:16:08,c4:7c:8d:6d:28:fa,25.9,100,3675,3978
2025-04-30 23:16:11,c4:7c:8d:6d:24:ed,27.0,63,1395,1587
2025-04-30 23:26:34,c4:7c:8d:6d:4e:df,26.3,83,205,2215
2025-04-30 23:26:37,c4:7c:8d:6d:26:c9,27.7,12,5190,5
2025-04-30 23:26:40,c4:7c:8d:6d:28:fa,25.9,100,3587,3915
2025-04-30 23:26:43,c4:7c:8d:6d:24:ed,27.1,63,1338,1568
2025-04-30 23:37:06,c4:7c:8d:6d:4e:df,26.2,83,84,2252
2025-04-30 23:37:10,c4:7c:8d:6d:26:c9,27.7,12,158,5
2025-04-30 23:37:14,c4:7c:8d:6d:28:fa,25.8,100,234,3950
2025-04-30 23:37:18,c4:7c:8d:6d:24:ed,27.0,63,112,1559
2025-04-30 23:47:43,c4:7c:8d:6d:4e:df,25.9,83,45,2185
2025-04-30 23:47:45,c4:7c:8d:6d:26:c9,27.0,13,195,5
2025-04-30 23:47:48,c4:7c:8d:6d:28:fa,25.4,100,140,3959
2025-04-30 23:47:51,c4:7c:8d:6d:24:ed,26.4,63,76,1577
2025-04-30 23:58:14,c4:7c:8d:6d:4e:df,25.5,82,104,2189
2025-04-30 23:58:16,c4:7c:8d:6d:26:c9,26.4,13,143,5
2025-04-30 23:58:19,c4:7c:8d:6d:28:fa,25.2,100,217,3941
2025-04-30 23:58:21,c4:7c:8d:6d:24:ed,25.9,63,71,1598
2025-05-01 00:08:45,c4:7c:8d:6d:4e:df,25.3,82,81,2178
2025-05-01 00:08:47,c4:7c:8d:6d:26:c9,26.2,13,246,5
2025-05-01 00:08:50,c4:7c:8d:6d:28:fa,24.9,100,68,3875
2025-05-01 00:08:52,c4:7c:8d:6d:24:ed,25.6,62,92,1586
2025-05-01 00:19:17,c4:7c:8d:6d:4e:df,25.3,82,107,2151
2025-05-01 00:19:19,c4:7c:8d:6d:26:c9,25.9,13,132,5
2025-05-01 00:19:22,c4:7c:8d:6d:28:fa,24.6,100,248,3929
2025-05-01 00:19:25,c4:7c:8d:6d:24:ed,25.5,63,115,1592
2025-05-01 00:29:49,c4:7c:8d:6d:4e:df,25.1,81,81,2190
2025-05-01 00:29:51,c4:7c:8d:6d:26:c9,25.7,13,226,6
2025-05-01 00:29:54,c4:7c:8d:6d:28:fa,24.5,100,140,3937
2025-05-01 00:29:56,c4:7c:8d:6d:24:ed,25.3,62,113,1595
2025-05-01 00:40:21,c4:7c:8d:6d:4e:df,25.0,81,107,2179
2025-05-01 00:40:24,c4:7c:8d:6d:26:c9,25.8,13,146,5
2025-05-01 00:40:27,c4:7c:8d:6d:28:fa,24.4,100,248,3910
2025-05-01 00:40:29,c4:7c:8d:6d:24:ed,25.4,62,135,1593
2025-05-01 00:50:53,c4:7c:8d:6d:4e:df,24.9,81,66,2159
2025-05-01 00:50:56,c4:7c:8d:6d:26:c9,25.6,13,246,6
2025-05-01 00:50:59,c4:7c:8d:6d:28:fa,24.4,100,139,3910
2025-05-01 00:51:01,c4:7c:8d:6d:24:ed,25.1,62,0,1599
2025-05-01 01:01:25,c4:7c:8d:6d:4e:df,24.9,81,125,2163
2025-05-01 01:01:28,c4:7c:8d:6d:26:c9,25.5,13,146,5
2025-05-01 01:01:31,c4:7c:8d:6d:28:fa,24.2,100,217,3837
2025-05-01 01:01:33,c4:7c:8d:6d:24:ed,25.0,62,97,1585
2025-05-01 01:11:57,c4:7c:8d:6d:4e:df,24.6,81,47,2167
2025-05-01 01:12:00,c4:7c:8d:6d:26:c9,25.3,13,245,5
2025-05-01 01:12:03,c4:7c:8d:6d:28:fa,24.3,100,105,3884
2025-05-01 01:12:05,c4:7c:8d:6d:24:ed,25.0,62,69,1579
2025-05-01 01:22:29,c4:7c:8d:6d:4e:df,24.6,81,125,2163
2025-05-01 01:22:32,c4:7c:8d:6d:26:c9,25.3,13,177,5
2025-05-01 01:22:35,c4:7c:8d:6d:28:fa,24.2,100,217,3858
2025-05-01 01:22:38,c4:7c:8d:6d:24:ed,24.9,62,135,1574
2025-05-01 01:33:04,c4:7c:8d:6d:4e:df,24.5,0,104,2136
2025-05-01 01:33:07,c4:7c:8d:6d:26:c9,25.2,13,245,5
2025-05-01 01:33:10,c4:7c:8d:6d:28:fa,24.0,100,248,3817
2025-05-01 01:33:14,c4:7c:8d:6d:24:ed,24.9,61,94,1566
2025-05-01 01:43:38,c4:7c:8d:6d:4e:df,24.2,81,0,2148
2025-05-01 01:43:41,c4:7c:8d:6d:26:c9,25.2,13,163,5
2025-05-01 01:43:47,c4:7c:8d:6d:28:fa,23.8,100,217,3823
2025-05-01 01:43:49,c4:7c:8d:6d:24:ed,24.8,61,113,1571
2025-05-01 01:54:13,c4:7c:8d:6d:4e:df,24.3,81,107,2148
2025-05-01 01:54:16,c4:7c:8d:6d:26:c9,25.0,13,229,5
2025-05-01 01:54:19,c4:7c:8d:6d:28:fa,23.7,100,84,3837
2025-05-01 01:54:21,c4:7c:8d:6d:24:ed,24.6,61,71,1574
2025-05-01 02:04:45,c4:7c:8d:6d:4e:df,24.3,81,65,2128
2025-05-01 02:04:47,c4:7c:8d:6d:26:c9,24.9,13,160,4
2025-05-01 02:04:51,c4:7c:8d:6d:28:fa,23.6,100,248,3804
2025-05-01 02:04:54,c4:7c:8d:6d:24:ed,24.5,61,135,1562
2025-05-01 02:15:19,c4:7c:8d:6d:4e:df,24.1,81,128,2136
2025-05-01 02:15:22,c4:7c:8d:6d:26:c9,24.7,12,229,2
2025-05-01 02:15:25,c4:7c:8d:6d:28:fa,23.6,100,140,3817
2025-05-01 02:15:27,c4:7c:8d:6d:24:ed,24.3,61,115,1551
2025-05-01 02:25:51,c4:7c:8d:6d:4e:df,24.0,80,29,2131
2025-05-01 02:25:53,c4:7c:8d:6d:26:c9,24.5,12,134,5
2025-05-01 02:25:56,c4:7c:8d:6d:28:fa,23.4,100,217,3776
2025-05-01 02:26:00,c4:7c:8d:6d:24:ed,24.1,61,71,1557
2025-05-01 02:36:24,c4:7c:8d:6d:4e:df,23.9,80,105,2108
2025-05-01 02:36:26,c4:7c:8d:6d:26:c9,24.6,12,229,5
2025-05-01 02:36:30,c4:7c:8d:6d:28:fa,23.3,100,217,3783
2025-05-01 02:36:33,c4:7c:8d:6d:24:ed,24.1,61,115,1560
2025-05-01 02:46:59,c4:7c:8d:6d:4e:df,23.7,80,86,2128
2025-05-01 02:47:01,c4:7c:8d:6d:26:c9,24.2,12,160,5
2025-05-01 02:47:03,c4:7c:8d:6d:28:fa,23.3,100,217,3700
2025-05-01 02:47:08,c4:7c:8d:6d:24:ed,23.9,61,90,1556
2025-05-01 02:57:33,c4:7c:8d:6d:4e:df,23.6,80,128,2091
2025-05-01 02:57:35,c4:7c:8d:6d:26:c9,24.1,12,246,5
2025-05-01 02:57:38,c4:7c:8d:6d:28:fa,23.3,100,250,3672
2025-05-01 02:57:42,c4:7c:8d:6d:24:ed,23.7,61,94,1565
2025-05-01 03:08:07,c4:7c:8d:6d:4e:df,23.3,80,86,2115
2025-05-01 03:08:09,c4:7c:8d:6d:26:c9,23.9,12,160,5
2025-05-01 03:08:12,c4:7c:8d:6d:28:fa,23.2,100,236,3706
2025-05-01 03:08:15,c4:7c:8d:6d:24:ed,23.6,61,95,1550
2025-05-01 03:18:39,c4:7c:8d:6d:4e:df,23.2,80,90,2115
2025-05-01 03:18:42,c4:7c:8d:6d:26:c9,23.7,12,230,6
2025-05-01 03:18:44,c4:7c:8d:6d:28:fa,23.0,100,84,3672
2025-05-01 03:18:48,c4:7c:8d:6d:24:ed,23.5,61,115,1541
2025-05-01 03:29:13,c4:7c:8d:6d:4e:df,23.2,80,0,2119
2025-05-01 03:29:15,c4:7c:8d:6d:26:c9,23.8,12,150,5
2025-05-01 03:29:19,c4:7c:8d:6d:28:fa,23.0,100,236,3685
2025-05-01 03:29:21,c4:7c:8d:6d:24:ed,23.4,60,94,1544
2025-05-01 03:39:45,c4:7c:8d:6d:4e:df,23.1,80,107,2099
2025-05-01 03:39:48,c4:7c:8d:6d:26:c9,23.8,12,246,6
2025-05-01 03:39:51,c4:7c:8d:6d:28:fa,22.7,100,121,3692
2025-05-01 03:39:53,c4:7c:8d:6d:24:ed,23.3,61,0,1535
2025-05-01 03:50:17,c4:7c:8d:6d:4e:df,23.1,79,89,2075
2025-05-01 03:50:20,c4:7c:8d:6d:26:c9,23.8,12,163,6
2025-05-01 03:50:22,c4:7c:8d:6d:28:fa,22.6,100,203,3614
2025-05-01 03:50:25,c4:7c:8d:6d:24:ed,23.3,60,74,1530
2025-05-01 04:00:49,c4:7c:8d:6d:4e:df,23.1,78,52,2087
2025-05-01 04:00:53,c4:7c:8d:6d:26:c9,23.8,12,232,6
2025-05-01 04:00:55,c4:7c:8d:6d:28:fa,22.5,100,121,3627
2025-05-01 04:00:58,c4:7c:8d:6d:24:ed,23.2,60,74,1518
2025-05-01 04:11:22,c4:7c:8d:6d:4e:df,23.0,78,63,2059
2025-05-01 04:11:25,c4:7c:8d:6d:26:c9,23.6,12,131,5
2025-05-01 04:11:27,c4:7c:8d:6d:28:fa,22.5,100,203,3592
2025-05-01 04:11:30,c4:7c:8d:6d:24:ed,23.3,60,55,1512
2025-05-01 04:21:54,c4:7c:8d:6d:4e:df,22.9,78,108,2066
2025-05-01 04:21:57,c4:7c:8d:6d:26:c9,23.4,12,230,6
2025-05-01 04:22:00,c4:7c:8d:6d:28:fa,22.3,100,121,3592
2025-05-01 04:22:04,c4:7c:8d:6d:24:ed,23.2,60,0,1518
2025-05-01 04:32:28,c4:7c:8d:6d:4e:df,22.8,78,48,2073
2025-05-01 04:32:31,c4:7c:8d:6d:26:c9,23.3,11,233,3
2025-05-01 04:32:34,c4:7c:8d:6d:28:fa,22.3,100,236,3592
2025-05-01 04:32:38,c4:7c:8d:6d:24:ed,23.0,60,115,1509
2025-05-01 04:43:02,c4:7c:8d:6d:4e:df,22.8,78,108,2073
2025-05-01 04:43:04,c4:7c:8d:6d:26:c9,23.2,12,230,3
2025-05-01 04:43:06,c4:7c:8d:6d:28:fa,22.2,100,121,3556
2025-05-01 04:43:09,c4:7c:8d:6d:24:ed,22.9,60,0,1520
2025-05-01 04:53:33,c4:7c:8d:6d:4e:df,22.6,79,61,2053
2025-05-01 04:53:35,c4:7c:8d:6d:26:c9,23.2,11,148,6
2025-05-01 04:53:38,c4:7c:8d:6d:28:fa,22.2,99,236,3605
2025-05-01 04:53:43,c4:7c:8d:6d:24:ed,22.8,60,92,1505
2025-05-01 05:04:07,c4:7c:8d:6d:4e:df,22.5,78,13,2064
2025-05-01 05:04:09,c4:7c:8d:6d:26:c9,23.1,12,248,3
2025-05-01 05:04:11,c4:7c:8d:6d:28:fa,22.1,98,155,3562
2025-05-01 05:04:14,c4:7c:8d:6d:24:ed,22.7,60,95,1504
2025-05-01 05:14:39,c4:7c:8d:6d:4e:df,22.4,78,0,2048
2025-05-01 05:14:41,c4:7c:8d:6d:26:c9,23.0,11,195,5
2025-05-01 05:14:44,c4:7c:8d:6d:28:fa,22.0,98,236,3532
2025-05-01 05:14:50,c4:7c:8d:6d:24:ed,22.6,60,117,1502
2025-05-01 05:25:14,c4:7c:8d:6d:4e:df,22.4,78,29,2061
2025-05-01 05:25:16,c4:7c:8d:6d:26:c9,23.1,11,249,6
2025-05-01 05:25:19,c4:7c:8d:6d:28:fa,22.0,98,155,3532
2025-05-01 05:25:23,c4:7c:8d:6d:24:ed,22.6,60,0,1493
2025-05-01 05:35:47,c4:7c:8d:6d:4e:df,22.5,78,110,2052
2025-05-01 05:35:49,c4:7c:8d:6d:26:c9,23.0,11,249,5
2025-05-01 05:35:52,c4:7c:8d:6d:28:fa,21.9,98,203,3538
2025-05-01 05:35:55,c4:7c:8d:6d:24:ed,22.5,60,134,1495
2025-05-01 05:46:20,c4:7c:8d:6d:4e:df,22.4,78,105,2043
2025-05-01 05:46:22,c4:7c:8d:6d:26:c9,22.9,11,166,3
2025-05-01 05:46:25,c4:7c:8d:6d:28:fa,22.0,98,84,3503
2025-05-01 05:46:28,c4:7c:8d:6d:24:ed,22.6,60,22,1489
2025-05-01 05:56:52,c4:7c:8d:6d:4e:df,22.2,78,90,2018
2025-05-01 05:56:54,c4:7c:8d:6d:26:c9,22.8,11,232,3
2025-05-01 05:56:57,c4:7c:8d:6d:28:fa,21.8,98,234,3483
2025-05-01 05:57:00,c4:7c:8d:6d:24:ed,22.4,59,94,1489
2025-05-01 06:07:24,c4:7c:8d:6d:4e:df,22.2,77,82,2018
2025-05-01 06:07:26,c4:7c:8d:6d:26:c9,22.8,11,166,3
2025-05-01 06:07:29,c4:7c:8d:6d:28:fa,21.6,98,126,3483
2025-05-01 06:07:33,c4:7c:8d:6d:24:ed,22.5,59,76,1494
2025-05-01 06:17:58,c4:7c:8d:6d:4e:df,22.2,77,0,2034
2025-05-01 06:18:01,c4:7c:8d:6d:26:c9,22.8,11,248,5
2025-05-01 06:18:04,c4:7c:8d:6d:28:fa,21.7,98,234,3509
2025-05-01 06:18:07,c4:7c:8d:6d:24:ed,22.3,60,0,1491
2025-05-01 06:28:33,c4:7c:8d:6d:4e:df,22.1,77,84,2022
2025-05-01 06:28:35,c4:7c:8d:6d:26:c9,22.8,11,56,3
2025-05-01 06:28:38,c4:7c:8d:6d:28:fa,21.6,98,126,3432
2025-05-01 06:28:41,c4:7c:8d:6d:24:ed,22.3,59,117,1476
2025-05-01 06:39:05,c4:7c:8d:6d:4e:df,22.4,77,110,2011
2025-05-01 06:39:08,c4:7c:8d:6d:26:c9,23.0,11,232,3
2025-05-01 06:39:10,c4:7c:8d:6d:28:fa,21.9,98,236,3439
2025-05-01 06:39:13,c4:7c:8d:6d:24:ed,22.6,60,97,1471
2025-05-01 06:49:36,c4:7c:8d:6d:4e:df,22.2,77,87,2018
2025-05-01 06:49:40,c4:7c:8d:6d:26:c9,22.9,11,130,3
2025-05-01 06:49:42,c4:7c:8d:6d:28:fa,21.8,98,87,3477
2025-05-01 06:49:45,c4:7c:8d:6d:24:ed,22.5,59,115,1465
2025-05-01 07:00:10,c4:7c:8d:6d:4e:df,22.1,77,110,2025
2025-05-01 07:00:13,c4:7c:8d:6d:26:c9,22.6,11,218,3
2025-05-01 07:00:15,c4:7c:8d:6d:28:fa,21.6,98,202,3463
2025-05-01 07:00:18,c4:7c:8d:6d:24:ed,22.2,59,0,1470
2025-05-01 07:10:41,c4:7c:8d:6d:4e:df,22.0,76,66,2005
2025-05-01 07:10:45,c4:7c:8d:6d:26:c9,22.8,11,198,3
2025-05-01 07:10:48,c4:7c:8d:6d:28:fa,21.6,97,87,3463
2025-05-01 07:10:53,c4:7c:8d:6d:24:ed,22.1,59,74,1470
2025-05-01 07:21:17,c4:7c:8d:6d:4e:df,22.0,76,0,2005
2025-05-01 07:21:21,c4:7c:8d:6d:26:c9,22.5,11,182,5
2025-05-01 07:21:24,c4:7c:8d:6d:28:fa,21.5,97,234,3444
2025-05-01 07:21:28,c4:7c:8d:6d:24:ed,22.2,59,117,1461
2025-05-01 07:31:52,c4:7c:8d:6d:4e:df,21.9,76,0,1993
2025-05-01 07:31:56,c4:7c:8d:6d:26:c9,22.6,11,250,6
2025-05-01 07:31:58,c4:7c:8d:6d:28:fa,21.5,97,84,3444
2025-05-01 07:32:02,c4:7c:8d:6d:24:ed,22.2,58,94,1464
2025-05-01 07:42:29,c4:7c:8d:6d:4e:df,22.3,91,1189,2504
2025-05-01 07:42:31,c4:7c:8d:6d:26:c9,22.7,11,884,5
2025-05-01 07:42:33,c4:7c:8d:6d:28:fa,21.3,100,1070,4776
2025-05-01 07:42:36,c4:7c:8d:6d:24:ed,22.4,63,673,1537
2025-05-01 07:53:00,c4:7c:8d:6d:4e:df,22.6,96,1113,3202
2025-05-01 07:53:03,c4:7c:8d:6d:26:c9,22.9,12,1060,5
2025-05-01 07:53:05,c4:7c:8d:6d:28:fa,21.2,100,900,4983
2025-05-01 07:53:09,c4:7c:8d:6d:24:ed,22.7,65,620,1637
2025-05-01 08:03:33,c4:7c:8d:6d:4e:df,22.5,96,1147,3550
2025-05-01 08:03:36,c4:7c:8d:6d:26:c9,22.8,12,991,6
2025-05-01 08:03:46,c4:7c:8d:6d:28:fa,21.1,100,1040,5035
2025-05-01 08:03:49,c4:7c:8d:6d:24:ed,22.4,65,685,1708
2025-05-01 08:14:12,c4:7c:8d:6d:4e:df,22.4,98,1101,3765
2025-05-01 08:14:15,c4:7c:8d:6d:26:c9,22.7,12,1064,6
2025-05-01 08:14:17,c4:7c:8d:6d:28:fa,21.3,100,962,5035
2025-05-01 08:14:20,c4:7c:8d:6d:24:ed,22.3,65,651,1726
2025-05-01 08:24:44,c4:7c:8d:6d:4e:df,22.8,97,1502,3858
2025-05-01 08:24:47,c4:7c:8d:6d:26:c9,23.4,12,4726,3
2025-05-01 08:24:49,c4:7c:8d:6d:28:fa,22.0,100,3177,5017
2025-05-01 08:24:52,c4:7c:8d:6d:24:ed,23.0,65,1874,1714
2025-05-01 08:35:15,c4:7c:8d:6d:4e:df,23.2,98,1590,3831
2025-05-01 08:35:19,c4:7c:8d:6d:26:c9,24.0,12,4931,6
2025-05-01 08:35:22,c4:7c:8d:6d:28:fa,22.4,100,3110,4982
2025-05-01 08:35:25,c4:7c:8d:6d:24:ed,23.4,64,1809,1716
2025-05-01 08:45:48,c4:7c:8d:6d:4e:df,23.3,98,1586,3941
2025-05-01 08:45:51,c4:7c:8d:6d:26:c9,24.1,13,4960,2
2025-05-01 08:45:54,c4:7c:8d:6d:28:fa,22.4,100,3200,5016
2025-05-01 08:45:57,c4:7c:8d:6d:24:ed,23.7,64,1907,1716
2025-05-01 08:56:20,c4:7c:8d:6d:4e:df,23.4,98,1578,3988
2025-05-01 08:56:24,c4:7c:8d:6d:26:c9,24.1,13,5095,2
2025-05-01 08:56:27,c4:7c:8d:6d:28:fa,22.4,100,3037,5007
2025-05-01 08:56:30,c4:7c:8d:6d:24:ed,23.6,64,1864,1736
2025-05-01 09:06:53,c4:7c:8d:6d:4e:df,23.4,98,1463,3988
2025-05-01 09:06:57,c4:7c:8d:6d:26:c9,24.3,13,5039,2
2025-05-01 09:07:00,c4:7c:8d:6d:28:fa,22.5,100,3186,5016
2025-05-01 09:07:03,c4:7c:8d:6d:24:ed,23.7,64,1938,1725
2025-05-01 09:17:26,c4:7c:8d:6d:4e:df,23.3,98,1547,3941
2025-05-01 09:17:29,c4:7c:8d:6d:26:c9,24.3,13,5111,2
2025-05-01 09:17:32,c4:7c:8d:6d:28:fa,22.5,100,3007,4990
2025-05-01 09:17:36,c4:7c:8d:6d:24:ed,23.6,64,1896,1727
2025-05-01 09:28:01,c4:7c:8d:6d:4e:df,23.4,98,1516,3988
2025-05-01 09:28:04,c4:7c:8d:6d:26:c9,24.2,13,5039,5
2025-05-01 09:28:07,c4:7c:8d:6d:28:fa,22.7,100,3142,4998
2025-05-01 09:28:10,c4:7c:8d:6d:24:ed,23.6,65,1954,1733
2025-05-01 09:38:33,c4:7c:8d:6d:4e:df,23.4,98,1600,4022
2025-05-01 09:38:36,c4:7c:8d:6d:26:c9,24.4,13,5146,2
2025-05-01 09:38:38,c4:7c:8d:6d:28:fa,22.7,100,2931,4948
2025-05-01 09:38:41,c4:7c:8d:6d:24:ed,23.5,66,1891,1742
2025-05-01 09:49:04,c4:7c:8d:6d:4e:df,23.3,98,1590,4022
2025-05-01 09:49:07,c4:7c:8d:6d:26:c9,24.2,13,5064,2
2025-05-01 09:49:09,c4:7c:8d:6d:28:fa,22.7,100,2995,4998
2025-05-01 09:49:12,c4:7c:8d:6d:24:ed,23.6,65,1924,1713
2025-05-01 09:59:36,c4:7c:8d:6d:4e:df,23.5,98,1502,4022
2025-05-01 09:59:39,c4:7c:8d:6d:26:c9,24.2,13,5139,2
2025-05-01 09:59:41,c4:7c:8d:6d:28:fa,22.7,100,2761,4998
2025-05-01 09:59:44,c4:7c:8d:6d:24:ed,23.5,65,1903,1765
2025-05-01 10:10:07,c4:7c:8d:6d:4e:df,23.5,98,1557,4022
2025-05-01 10:10:10,c4:7c:8d:6d:26:c9,24.4,13,5039,2
2025-05-01 10:10:13,c4:7c:8d:6d:28:fa,22.7,100,2855,4948
2025-05-01 10:10:17,c4:7c:8d:6d:24:ed,23.6,64,1848,1754
2025-05-01 10:20:41,c4:7c:8d:6d:4e:df,23.4,98,1567,3981
2025-05-01 10:20:45,c4:7c:8d:6d:26:c9,24.2,13,5132,2
2025-05-01 10:20:47,c4:7c:8d:6d:28:fa,22.7,100,2717,4990
2025-05-01 10:20:50,c4:7c:8d:6d:24:ed,23.5,65,1941,1754
2025-05-01 10:31:13,c4:7c:8d:6d:4e:df,23.4,98,1528,4015
2025-05-01 10:31:16,c4:7c:8d:6d:26:c9,24.4,13,5034,2
2025-05-01 10:31:18,c4:7c:8d:6d:28:fa,22.8,100,2704,4981
2025-05-01 10:31:21,c4:7c:8d:6d:24:ed,23.5,65,1933,1762
2025-05-01 10:41:44,c4:7c:8d:6d:4e:df,23.5,98,1177,3981
2025-05-01 10:41:47,c4:7c:8d:6d:26:c9,24.0,13,1191,3
2025-05-01 10:41:51,c4:7c:8d:6d:28:fa,22.7,100,884,4956
2025-05-01 10:41:55,c4:7c:8d:6d:24:ed,23.2,65,685,1772
2025-05-01 10:52:18,c4:7c:8d:6d:4e:df,23.4,97,1037,4037
2025-05-01 10:52:21,c4:7c:8d:6d:26:c9,23.7,13,1175,3
2025-05-01 10:52:26,c4:7c:8d:6d:28:fa,22.4,100,1070,4932
2025-05-01 10:52:29,c4:7c:8d:6d:24:ed,23.0,65,681,1778
2025-05-01 11:02:52,c4:7c:8d:6d:4e:df,23.3,96,1104,3988
2025-05-01 11:02:55,c4:7c:8d:6d:26:c9,23.5,12,1085,3
2025-05-01 11:02:59,c4:7c:8d:6d:28:fa,22.4,100,945,4974
2025-05-01 11:03:03,c4:7c:8d:6d:24:ed,22.9,65,718,1773
2025-05-01 11:13:26,c4:7c:8d:6d:4e:df,23.3,99,1111,3948
2025-05-01 11:13:31,c4:7c:8d:6d:26:c9,23.3,13,1207,3
2025-05-01 11:13:34,c4:7c:8d:6d:28:fa,22.4,100,1087,4974
2025-05-01 11:13:37,c4:7c:8d:6d:24:ed,22.7,65,685,1767
2025-05-01 11:24:01,c4:7c:8d:6d:4e:df,23.3,97,1113,3941
2025-05-01 11:24:04,c4:7c:8d:6d:26:c9,23.3,13,1053,5
2025-05-01 11:24:07,c4:7c:8d:6d:28:fa,22.5,100,915,4965
2025-05-01 11:24:10,c4:7c:8d:6d:24:ed,22.9,65,721,1761
2025-05-01 11:34:33,c4:7c:8d:6d:4e:df,23.6,98,1139,3941
2025-05-01 11:34:37,c4:7c:8d:6d:26:c9,23.2,13,1109,3
2025-05-01 11:34:40,c4:7c:8d:6d:28:fa,22.5,100,1087,4956
2025-05-01 11:34:43,c4:7c:8d:6d:24:ed,22.7,65,704,1764
2025-05-01 11:45:06,c4:7c:8d:6d:4e:df,23.4,97,1073,3967
2025-05-01 11:45:09,c4:7c:8d:6d:26:c9,23.3,13,1007,6
2025-05-01 11:45:13,c4:7c:8d:6d:28:fa,22.7,100,915,4956
2025-05-01 11:45:18,c4:7c:8d:6d:24:ed,22.9,65,736,1752
2025-05-01 11:55:41,c4:7c:8d:6d:4e:df,23.6,96,1127,3941
2025-05-01 11:55:44,c4:7c:8d:6d:26:c9,23.4,13,1077,6
2025-05-01 11:55:47,c4:7c:8d:6d:28:fa,22.7,100,1087,4948
2025-05-01 11:55:51,c4:7c:8d:6d:24:ed,22.8,65,603,1767
2025-05-01 12:06:16,c4:7c:8d:6d:4e:df,23.4,97,1030,3892
2025-05-01 12:06:18,c4:7c:8d:6d:26:c9,23.4,13,988,3
2025-05-01 12:06:21,c4:7c:8d:6d:28:fa,22.8,100,1132,4939
2025-05-01 12:06:24,c4:7c:8d:6d:24:ed,22.8,65,583,1761
2025-05-01 12:16:47,c4:7c:8d:6d:4e:df,23.5,96,1097,3941
2025-05-01 12:16:50,c4:7c:8d:6d:26:c9,23.3,13,1060,6
2025-05-01 12:16:54,c4:7c:8d:6d:28:fa,22.9,100,1023,4939
2025-05-01 12:16:58,c4:7c:8d:6d:24:ed,23.0,65,684,1752
2025-05-01 12:27:22,c4:7c:8d:6d:4e:df,23.4,96,1056,3941
2025-05-01 12:27:25,c4:7c:8d:6d:26:c9,23.4,13,1031,6
2025-05-01 12:27:29,c4:7c:8d:6d:28:fa,22.9,100,1148,4922
2025-05-01 12:27:34,c4:7c:8d:6d:24:ed,23.0,65,736,1764
2025-05-01 12:37:57,c4:7c:8d:6d:4e:df,23.4,96,1010,3892
2025-05-01 12:38:00,c4:7c:8d:6d:26:c9,23.4,13,1027,3
2025-05-01 12:38:02,c4:7c:8d:6d:28:fa,22.9,100,1009,4880
2025-05-01 12:38:05,c4:7c:8d:6d:24:ed,22.9,65,576,1761
2025-05-01 12:48:28,c4:7c:8d:6d:4e:df,23.4,97,1040,3844
2025-05-01 12:48:31,c4:7c:8d:6d:26:c9,23.4,13,972,5
2025-05-01 12:48:33,c4:7c:8d:6d:28:fa,22.9,100,1148,4880
2025-05-01 12:48:36,c4:7c:8d:6d:24:ed,23.0,65,702,1745
2025-05-01 12:58:59,c4:7c:8d:6d:4e:df,23.6,96,1076,3844
2025-05-01 12:59:02,c4:7c:8d:6d:26:c9,23.4,13,1093,5
2025-05-01 12:59:04,c4:7c:8d:6d:28:fa,23.0,100,1023,4880
2025-05-01 12:59:08,c4:7c:8d:6d:24:ed,23.1,65,670,1754
2025-05-01 13:09:33,c4:7c:8d:6d:4e:df,23.7,96,1297,3790
2025-05-01 13:09:36,c4:7c:8d:6d:26:c9,23.6,13,4975,5
2025-05-01 13:09:38,c4:7c:8d:6d:28:fa,23.0,100,2022,4871
2025-05-01 13:09:41,c4:7c:8d:6d:24:ed,23.1,64,1880,1745
2025-05-01 13:20:05,c4:7c:8d:6d:4e:df,24.0,96,1373,3777
2025-05-01 13:20:08,c4:7c:8d:6d:26:c9,24.3,13,5291,4
2025-05-01 13:20:10,c4:7c:8d:6d:28:fa,23.4,100,1976,4837
2025-05-01 13:20:13,c4:7c:8d:6d:24:ed,23.6,64,1923,1739
2025-05-01 13:30:36,c4:7c:8d:6d:4e:df,24.1,96,1339,3810
2025-05-01 13:30:39,c4:7c:8d:6d:26:c9,24.6,13,5280,4
2025-05-01 13:30:42,c4:7c:8d:6d:28:fa,23.6,100,2126,4828
2025-05-01 13:30:48,c4:7c:8d:6d:24:ed,23.8,65,1912,1718
2025-05-01 13:41:11,c4:7c:8d:6d:4e:df,24.3,96,1373,3756
2025-05-01 13:41:14,c4:7c:8d:6d:26:c9,24.9,13,5418,2
2025-05-01 13:41:17,c4:7c:8d:6d:28:fa,23.7,100,1947,4828
2025-05-01 13:41:20,c4:7c:8d:6d:24:ed,24.1,64,1924,1697
2025-05-01 13:51:44,c4:7c:8d:6d:4e:df,24.5,96,1335,3756
2025-05-01 13:51:48,c4:7c:8d:6d:26:c9,25.1,13,5319,2
2025-05-01 13:51:51,c4:7c:8d:6d:28:fa,23.7,100,2080,4727
2025-05-01 13:51:54,c4:7c:8d:6d:24:ed,24.3,64,1980,1700
2025-05-01 14:02:17,c4:7c:8d:6d:4e:df,24.5,96,1344,3702
2025-05-01 14:02:20,c4:7c:8d:6d:26:c9,25.3,13,5425,2
2025-05-01 14:02:24,c4:7c:8d:6d:28:fa,23.8,100,1962,4770
2025-05-01 14:02:29,c4:7c:8d:6d:24:ed,24.5,64,1837,1697
2025-05-01 14:12:52,c4:7c:8d:6d:4e:df,24.7,96,1248,3743
2025-05-01 14:12:55,c4:7c:8d:6d:26:c9,25.3,13,5426,5
2025-05-01 14:12:59,c4:7c:8d:6d:28:fa,24.0,100,2067,4753
2025-05-01 14:13:04,c4:7c:8d:6d:24:ed,24.6,64,2001,1699
2025-05-01 14:23:27,c4:7c:8d:6d:4e:df,24.7,96,1307,3682
2025-05-01 14:23:30,c4:7c:8d:6d:26:c9,25.5,13,5418,5
2025-05-01 14:23:33,c4:7c:8d:6d:28:fa,24.0,100,2007,4753
2025-05-01 14:23:36,c4:7c:8d:6d:24:ed,24.8,65,1959,1690
2025-05-01 14:33:59,c4:7c:8d:6d:4e:df,24.7,96,417,3641
2025-05-01 14:34:02,c4:7c:8d:6d:26:c9,25.6,13,4483,2
2025-05-01 14:34:05,c4:7c:8d:6d:28:fa,24.1,100,1164,4753
2025-05-01 14:34:08,c4:7c:8d:6d:24:ed,24.9,64,1404,1693
2025-05-01 14:44:31,c4:7c:8d:6d:4e:df,24.6,95,318,3581
2025-05-01 14:44:33,c4:7c:8d:6d:26:c9,25.5,13,4544,2
2025-05-01 14:44:37,c4:7c:8d:6d:28:fa,24.0,100,1054,4719
2025-05-01 14:44:43,c4:7c:8d:6d:24:ed,24.6,64,1346,1699
2025-05-01 14:55:06,c4:7c:8d:6d:4e:df,24.6,95,1172,3614
2025-05-01 14:55:08,c4:7c:8d:6d:26:c9,25.7,13,5392,4
2025-05-01 14:55:11,c4:7c:8d:6d:28:fa,24.2,100,1919,4653
2025-05-01 14:55:15,c4:7c:8d:6d:24:ed,25.0,64,1980,1687
2025-05-01 15:05:40,c4:7c:8d:6d:4e:df,25.0,95,1115,3555
2025-05-01 15:05:42,c4:7c:8d:6d:26:c9,26.0,13,5267,4
2025-05-01 15:05:45,c4:7c:8d:6d:28:fa,24.5,100,1742,4587
2025-05-01 15:05:48,c4:7c:8d:6d:24:ed,25.3,65,1938,1677
2025-05-01 15:16:12,c4:7c:8d:6d:4e:df,25.3,95,1064,3529
2025-05-01 15:16:14,c4:7c:8d:6d:26:c9,26.2,13,5377,4
2025-05-01 15:16:18,c4:7c:8d:6d:28:fa,24.7,100,1962,4611
2025-05-01 15:16:24,c4:7c:8d:6d:24:ed,25.5,65,1980,1660
2025-05-01 15:26:48,c4:7c:8d:6d:4e:df,25.4,95,1011,3568
2025-05-01 15:26:50,c4:7c:8d:6d:26:c9,26.4,13,5363,5
2025-05-01 15:26:53,c4:7c:8d:6d:28:fa,24.9,100,1856,4594
2025-05-01 15:26:57,c4:7c:8d:6d:24:ed,25.9,65,1975,1671
2025-05-01 15:37:21,c4:7c:8d:6d:4e:df,25.5,95,1069,3542
2025-05-01 15:37:24,c4:7c:8d:6d:26:c9,26.6,13,5223,4
2025-05-01 15:37:26,c4:7c:8d:6d:28:fa,25.1,100,2012,4545
2025-05-01 15:37:29,c4:7c:8d:6d:24:ed,26.0,65,1954,1671
2025-05-01 15:47:52,c4:7c:8d:6d:4e:df,25.8,95,1045,3503
2025-05-01 15:47:56,c4:7c:8d:6d:26:c9,26.5,13,5392,5
2025-05-01 15:48:00,c4:7c:8d:6d:28:fa,25.1,100,1947,4577
2025-05-01 15:48:05,c4:7c:8d:6d:24:ed,26.0,65,1990,1667
2025-05-01 15:58:28,c4:7c:8d:6d:4e:df,25.8,95,1056,3490
2025-05-01 15:58:32,c4:7c:8d:6d:26:c9,26.7,13,5392,5
2025-05-01 15:58:34,c4:7c:8d:6d:28:fa,25.2,100,2021,4520
2025-05-01 15:58:37,c4:7c:8d:6d:24:ed,26.1,65,1932,1664
2025-05-01 16:09:00,c4:7c:8d:6d:4e:df,26.0,95,1015,3437
2025-05-01 16:09:03,c4:7c:8d:6d:26:c9,27.0,13,5261,6
2025-05-01 16:09:05,c4:7c:8d:6d:28:fa,25.4,100,1809,4512
2025-05-01 16:09:09,c4:7c:8d:6d:24:ed,26.2,65,1960,1667
2025-05-01 16:19:35,c4:7c:8d:6d:4e:df,26.2,95,1040,3470
2025-05-01 16:19:38,c4:7c:8d:6d:26:c9,27.1,13,5426,6
2025-05-01 16:19:40,c4:7c:8d:6d:28:fa,25.6,100,2007,4504
2025-05-01 16:19:43,c4:7c:8d:6d:24:ed,26.3,65,1912,1640
2025-05-01 16:30:06,c4:7c:8d:6d:4e:df,26.3,95,1015,3392
2025-05-01 16:30:09,c4:7c:8d:6d:26:c9,27.1,13,5303,5
2025-05-01 16:30:11,c4:7c:8d:6d:28:fa,25.6,100,1887,4447
2025-05-01 16:30:14,c4:7c:8d:6d:24:ed,26.4,65,1974,1674
2025-05-01 16:40:38,c4:7c:8d:6d:4e:df,26.2,95,1035,3418
2025-05-01 16:40:41,c4:7c:8d:6d:26:c9,27.0,14,5406,5
2025-05-01 16:40:44,c4:7c:8d:6d:28:fa,25.8,100,2050,4527
2025-05-01 16:40:48,c4:7c:8d:6d:24:ed,26.5,65,1989,1661
2025-05-01 16:51:13,c4:7c:8d:6d:4e:df,26.2,94,995,3379
2025-05-01 16:51:16,c4:7c:8d:6d:26:c9,27.1,13,5276,6
2025-05-01 16:51:19,c4:7c:8d:6d:28:fa,25.8,100,2067,4487
2025-05-01 16:51:22,c4:7c:8d:6d:24:ed,26.4,65,1933,1649
2025-05-01 17:01:47,c4:7c:8d:6d:4e:df,25.4,100,5580,4865
2025-05-01 17:01:50,c4:7c:8d:6d:26:c9,27.2,14,5455,5
2025-05-01 17:01:53,c4:7c:8d:6d:28:fa,25.1,100,2837,4910
2025-05-01 17:01:56,c4:7c:8d:6d:24:ed,26.7,62,2004,1557
2025-05-01 17:12:22,c4:7c:8d:6d:4e:df,25.1,100,5553,4901
2025-05-01 17:12:28,c4:7c:8d:6d:28:fa,24.2,100,2703,4991
2025-05-01 17:12:31,c4:7c:8d:6d:24:ed,26.5,62,1979,1563
2025-05-01 17:22:54,c4:7c:8d:6d:4e:df,25.4,100,5528,4892
2025-05-01 17:22:57,c4:7c:8d:6d:26:c9,27.1,14,5371,6
2025-05-01 17:23:00,c4:7c:8d:6d:28:fa,24.0,100,1976,5000
2025-05-01 17:33:23,c4:7c:8d:6d:4e:df,25.4,100,5457,4883
2025-05-01 17:33:26,c4:7c:8d:6d:26:c9,26.8,13,5450,5
2025-05-01 17:33:29,c4:7c:8d:6d:28:fa,23.4,100,2036,5063
2025-05-01 17:33:32,c4:7c:8d:6d:24:ed,26.1,61,1965,1578
2025-05-01 17:43:55,c4:7c:8d:6d:4e:df,24.8,100,5424,4919
2025-05-01 17:43:58,c4:7c:8d:6d:26:c9,26.6,13,5307,4
2025-05-01 17:44:01,c4:7c:8d:6d:28:fa,23.0,100,1947,5090
2025-05-01 17:44:04,c4:7c:8d:6d:24:ed,26.0,61,1964,1583
2025-05-01 17:54:27,c4:7c:8d:6d:4e:df,25.0,100,5419,4901
2025-05-01 17:54:30,c4:7c:8d:6d:26:c9,26.9,13,5406,5
2025-05-01 17:54:34,c4:7c:8d:6d:28:fa,23.1,100,2172,5081
2025-05-01 17:54:37,c4:7c:8d:6d:24:ed,26.1,61,1990,1586
2025-05-01 18:05:01,c4:7c:8d:6d:4e:df,25.6,100,5455,4865
2025-05-01 18:05:03,c4:7c:8d:6d:26:c9,27.1,14,5413,5
2025-05-01 18:05:06,c4:7c:8d:6d:28:fa,23.7,100,2065,5018
2025-05-01 18:05:09,c4:7c:8d:6d:24:ed,26.4,61,1932,1566
2025-05-01 18:15:32,c4:7c:8d:6d:4e:df,25.8,100,5376,4829
2025-05-01 18:15:35,c4:7c:8d:6d:26:c9,27.4,14,5284,7
2025-05-01 18:15:38,c4:7c:8d:6d:28:fa,24.1,100,2312,4991
2025-05-01 18:15:41,c4:7c:8d:6d:24:ed,26.5,62,1985,1568
2025-05-01 18:26:04,c4:7c:8d:6d:4e:df,26.0,100,5323,4829
2025-05-01 18:26:06,c4:7c:8d:6d:26:c9,27.4,14,5435,6
2025-05-01 18:26:09,c4:7c:8d:6d:28:fa,24.2,100,2344,4991
2025-05-01 18:26:11,c4:7c:8d:6d:24:ed,26.8,62,1917,1560
2025-05-01 18:36:35,c4:7c:8d:6d:4e:df,26.0,100,5151,4820
2025-05-01 18:36:38,c4:7c:8d:6d:26:c9,27.4,14,5269,5
2025-05-01 18:36:41,c4:7c:8d:6d:28:fa,24.2,100,2585,4973
2025-05-01 18:36:44,c4:7c:8d:6d:24:ed,26.8,62,1954,1560
2025-05-01 18:47:07,c4:7c:8d:6d:4e:df,26.0,100,4842,4811
2025-05-01 18:47:10,c4:7c:8d:6d:26:c9,27.4,14,5362,6
2025-05-01 18:47:13,c4:7c:8d:6d:28:fa,24.5,100,2492,4955
2025-05-01 18:47:18,c4:7c:8d:6d:24:ed,26.8,61,1869,1541
2025-05-01 18:57:42,c4:7c:8d:6d:4e:df,26.1,100,4698,4802
2025-05-01 18:57:45,c4:7c:8d:6d:26:c9,27.5,14,5370,6
2025-05-01 18:57:48,c4:7c:8d:6d:28:fa,24.6,100,2747,4946
2025-05-01 18:57:52,c4:7c:8d:6d:24:ed,26.8,61,1975,1557
2025-05-01 19:08:16,c4:7c:8d:6d:4e:df,26.1,100,4541,4811
2025-05-01 19:08:20,c4:7c:8d:6d:26:c9,27.5,14,5246,5
2025-05-01 19:08:23,c4:7c:8d:6d:28:fa,24.7,100,2690,4928
2025-05-01 19:08:27,c4:7c:8d:6d:24:ed,26.8,61,1853,1546
2025-05-01 19:18:52,c4:7c:8d:6d:4e:df,26.0,100,4476,4811
2025-05-01 19:18:54,c4:7c:8d:6d:26:c9,27.5,14,5335,6
2025-05-01 19:18:58,c4:7c:8d:6d:28:fa,24.9,100,2659,4910
2025-05-01 19:19:01,c4:7c:8d:6d:24:ed,26.9,62,1989,1546
2025-05-01 19:29:27,c4:7c:8d:6d:4e:df,26.0,100,4361,4820
2025-05-01 19:29:29,c4:7c:8d:6d:26:c9,27.6,14,5269,5
2025-05-01 19:29:33,c4:7c:8d:6d:28:fa,24.9,100,2703,4910
2025-05-01 19:29:37,c4:7c:8d:6d:24:ed,26.9,62,1943,1549
2025-05-01 19:40:01,c4:7c:8d:6d:4e:df,26.2,100,4342,4802
2025-05-01 19:40:04,c4:7c:8d:6d:26:c9,27.6,14,5384,6
2025-05-01 19:40:08,c4:7c:8d:6d:28:fa,24.9,100,2630,4910
2025-05-01 19:40:11,c4:7c:8d:6d:24:ed,26.8,61,1949,1557
2025-05-01 19:50:35,c4:7c:8d:6d:4e:df,26.0,100,4244,4811
2025-05-01 19:50:38,c4:7c:8d:6d:26:c9,27.6,14,5393,6
2025-05-01 19:50:41,c4:7c:8d:6d:28:fa,25.0,100,2778,4901
2025-05-01 19:50:43,c4:7c:8d:6d:24:ed,26.9,62,1964,1549
2025-05-01 20:01:08,c4:7c:8d:6d:4e:df,26.1,100,4216,4811
2025-05-01 20:01:12,c4:7c:8d:6d:26:c9,27.5,14,5284,5
2025-05-01 20:01:15,c4:7c:8d:6d:28:fa,25.1,100,2614,4901
2025-05-01 20:01:17,c4:7c:8d:6d:24:ed,26.9,61,1979,1554
2025-05-01 20:11:41,c4:7c:8d:6d:4e:df,25.9,100,86,4838
2025-05-01 20:11:44,c4:7c:8d:6d:26:c9,27.1,14,245,5
2025-05-01 20:11:47,c4:7c:8d:6d:28:fa,24.4,100,250,4964
2025-05-01 20:11:49,c4:7c:8d:6d:24:ed,26.3,61,0,1558
2025-05-01 20:22:13,c4:7c:8d:6d:4e:df,24.9,100,47,4928
2025-05-01 20:22:16,c4:7c:8d:6d:26:c9,26.1,14,177,6
2025-05-01 20:22:19,c4:7c:8d:6d:28:fa,23.3,100,126,5054
2025-05-01 20:22:21,c4:7c:8d:6d:24:ed,25.7,61,97,1576
2025-05-01 20:32:45,c4:7c:8d:6d:4e:df,24.2,100,86,4982
2025-05-01 20:32:48,c4:7c:8d:6d:26:c9,25.7,13,198,5
2025-05-01 20:32:51,c4:7c:8d:6d:28:fa,23.0,100,220,5081
2025-05-01 20:43:16,c4:7c:8d:6d:4e:df,24.0,100,130,5000
2025-05-01 20:43:18,c4:7c:8d:6d:26:c9,25.5,13,147,6
2025-05-01 20:43:22,c4:7c:8d:6d:28:fa,23.0,100,87,5090
2025-05-01 20:43:25,c4:7c:8d:6d:24:ed,25.0,61,71,1583
2025-05-01 20:53:49,c4:7c:8d:6d:4e:df,23.9,100,45,5009
2025-05-01 20:53:54,c4:7c:8d:6d:26:c9,25.4,13,232,6
2025-05-01 20:53:57,c4:7c:8d:6d:28:fa,23.0,100,234,5090
2025-05-01 20:53:59,c4:7c:8d:6d:24:ed,25.1,61,117,1583
2025-05-01 21:04:23,c4:7c:8d:6d:4e:df,23.8,100,87,5027
2025-05-01 21:04:25,c4:7c:8d:6d:26:c9,25.2,13,131,7
2025-05-01 21:04:28,c4:7c:8d:6d:28:fa,23.0,100,121,5090
2025-05-01 21:04:30,c4:7c:8d:6d:24:ed,25.0,61,74,1585
2025-05-01 21:14:54,c4:7c:8d:6d:4e:df,23.7,100,65,5027
2025-05-01 21:14:56,c4:7c:8d:6d:26:c9,25.0,13,232,6
2025-05-01 21:15:00,c4:7c:8d:6d:28:fa,22.9,100,234,5108
2025-05-01 21:15:03,c4:7c:8d:6d:24:ed,24.8,61,118,1588
2025-05-01 21:25:27,c4:7c:8d:6d:4e:df,23.5,100,0,5027
2025-05-01 21:25:29,c4:7c:8d:6d:26:c9,25.0,13,246,6
2025-05-01 21:25:32,c4:7c:8d:6d:28:fa,22.9,100,105,5099
2025-05-01 21:25:34,c4:7c:8d:6d:24:ed,24.7,60,112,1585
2025-05-01 21:35:59,c4:7c:8d:6d:4e:df,23.7,100,0,5009
2025-05-01 21:36:02,c4:7c:8d:6d:26:c9,25.2,13,179,5
2025-05-01 21:36:06,c4:7c:8d:6d:28:fa,23.0,100,202,5090
2025-05-01 21:36:11,c4:7c:8d:6d:24:ed,24.7,60,134,1566
2025-05-01 21:46:35,c4:7c:8d:6d:4e:df,23.9,100,0,5000
2025-05-01 21:46:38,c4:7c:8d:6d:26:c9,25.3,13,246,6
2025-05-01 21:46:41,c4:7c:8d:6d:28:fa,23.1,100,126,5081
2025-05-01 21:46:44,c4:7c:8d:6d:24:ed,24.9,60,117,1563
2025-05-01 21:57:09,c4:7c:8d:6d:4e:df,23.8,100,9,5009
2025-05-01 21:57:11,c4:7c:8d:6d:26:c9,25.1,13,147,5
2025-05-01 21:57:15,c4:7c:8d:6d:28:fa,23.1,100,234,5081
2025-05-01 21:57:19,c4:7c:8d:6d:24:ed,25.0,60,136,1566
2025-05-01 22:07:43,c4:7c:8d:6d:4e:df,24.0,100,105,5009
2025-05-01 22:07:46,c4:7c:8d:6d:26:c9,25.1,13,248,5
2025-05-01 22:07:49,c4:7c:8d:6d:28:fa,23.1,100,87,5081
2025-05-01 22:07:52,c4:7c:8d:6d:24:ed,24.8,60,92,1576
2025-05-01 22:18:17,c4:7c:8d:6d:4e:df,23.9,100,107,5000
2025-05-01 22:18:20,c4:7c:8d:6d:26:c9,25.1,13,162,5
2025-05-01 22:18:23,c4:7c:8d:6d:28:fa,23.1,100,234,5072
2025-05-01 22:18:25,c4:7c:8d:6d:24:ed,24.7,60,117,1560
2025-05-01 22:28:49,c4:7c:8d:6d:4e:df,24.2,100,87,4982
2025-05-01 22:28:51,c4:7c:8d:6d:26:c9,25.1,13,166,5
2025-05-01 22:28:54,c4:7c:8d:6d:28:fa,23.3,100,156,5072
2025-05-01 22:28:58,c4:7c:8d:6d:24:ed,25.0,61,32,1542
2025-05-01 22:39:27,c4:7c:8d:6d:4e:df,24.3,100,52,4973
2025-05-01 22:39:31,c4:7c:8d:6d:26:c9,25.3,13,146,5
2025-05-01 22:39:34,c4:7c:8d:6d:28:fa,23.6,100,234,5036
2025-05-01 22:39:36,c4:7c:8d:6d:24:ed,25.1,60,117,1532
2025-05-01 22:50:00,c4:7c:8d:6d:4e:df,24.9,100,65,4937
2025-05-01 22:50:02,c4:7c:8d:6d:26:c9,25.7,13,232,5
2025-05-01 22:50:05,c4:7c:8d:6d:28:fa,24.0,100,84,5000
2025-05-01 22:50:09,c4:7c:8d:6d:24:ed,25.3,61,92,1526
2025-05-01 23:00:34,c4:7c:8d:6d:4e:df,24.9,100,105,4919
2025-05-01 23:00:37,c4:7c:8d:6d:26:c9,25.6,13,166,7
2025-05-01 23:00:40,c4:7c:8d:6d:28:fa,24.4,100,234,4964
2025-05-01 23:00:46,c4:7c:8d:6d:24:ed,25.3,60,94,1520
2025-05-01 23:11:11,c4:7c:8d:6d:4e:df,24.9,100,48,4910
2025-05-01 23:11:15,c4:7c:8d:6d:26:c9,25.8,13,246,5
2025-05-01 23:11:17,c4:7c:8d:6d:28:fa,24.5,100,126,4964
2025-05-01 23:11:21,c4:7c:8d:6d:24:ed,25.5,60,115,1517
2025-05-01 23:21:46,c4:7c:8d:6d:4e:df,25.0,100,87,4901
2025-05-01 23:21:49,c4:7c:8d:6d:26:c9,25.9,13,163,5
2025-05-01 23:21:52,c4:7c:8d:6d:28:fa,24.6,100,234,4964
2025-05-01 23:21:54,c4:7c:8d:6d:24:ed,25.6,60,94,1515
2025-05-01 23:32:18,c4:7c:8d:6d:4e:df,25.3,100,65,4892
2025-05-01 23:32:21,c4:7c:8d:6d:26:c9,26.0,13,215,6
2025-05-01 23:32:23,c4:7c:8d:6d:28:fa,24.7,100,123,4937
2025-05-01 23:32:26,c4:7c:8d:6d:24:ed,25.7,60,0,1517
2025-05-01 23:42:50,c4:7c:8d:6d:4e:df,25.4,100,126,4883
2025-05-01 23:42:52,c4:7c:8d:6d:26:c9,26.1,13,147,5
2025-05-01 23:42:54,c4:7c:8d:6d:28:fa,24.7,100,250,4928
2025-05-01 23:42:57,c4:7c:8d:6d:24:ed,25.7,60,95,1515
2025-05-01 23:53:21,c4:7c:8d:6d:4e:df,25.2,100,43,4901
2025-05-01 23:53:23,c4:7c:8d:6d:26:c9,26.1,13,245,5
2025-05-01 23:53:25,c4:7c:8d:6d:28:fa,24.7,100,84,4937
2025-05-01 23:53:28,c4:7c:8d:6d:24:ed,25.7,60,117,1503
2025-05-02 00:03:52,c4:7c:8d:6d:4e:df,25.4,100,86,4874
2025-05-02 00:03:54,c4:7c:8d:6d:26:c9,26.2,13,134,5
2025-05-02 00:03:58,c4:7c:8d:6d:28:fa,24.7,100,202,4937
2025-05-02 00:04:03,c4:7c:8d:6d:24:ed,25.7,60,71,1512
2025-05-02 00:14:27,c4:7c:8d:6d:4e:df,25.1,100,63,4901
2025-05-02 00:14:29,c4:7c:8d:6d:26:c9,26.0,13,280,6
2025-05-02 00:14:32,c4:7c:8d:6d:28:fa,24.8,100,158,4937
2025-05-02 00:14:35,c4:7c:8d:6d:24:ed,25.7,60,74,1500
2025-05-02 00:25:02,c4:7c:8d:6d:4e:df,25.0,100,110,4901
2025-05-02 00:25:04,c4:7c:8d:6d:26:c9,26.0,13,195,5
2025-05-02 00:25:06,c4:7c:8d:6d:28:fa,24.5,100,250,4937
2025-05-02 00:25:09,c4:7c:8d:6d:24:ed,25.6,60,94,1512
2025-05-02 00:35:33,c4:7c:8d:6d:4e:df,25.2,100,105,4901
2025-05-02 00:35:36,c4:7c:8d:6d:26:c9,26.0,13,202,6
2025-05-02 00:35:40,c4:7c:8d:6d:28:fa,24.7,100,158,4946
2025-05-02 00:35:44,c4:7c:8d:6d:24:ed,25.7,60,117,1509
2025-05-02 00:46:09,c4:7c:8d:6d:4e:df,25.3,100,0,4892
2025-05-02 00:46:12,c4:7c:8d:6d:26:c9,26.0,13,229,6
2025-05-02 00:46:14,c4:7c:8d:6d:28:fa,24.7,100,220,4937
2025-05-02 00:46:17,c4:7c:8d:6d:24:ed,25.7,60,99,1503
2025-05-02 00:56:40,c4:7c:8d:6d:4e:df,25.1,100,8,4883
2025-05-02 00:56:44,c4:7c:8d:6d:26:c9,26.0,13,144,7
2025-05-02 00:56:46,c4:7c:8d:6d:28:fa,24.7,100,86,4937
2025-05-02 00:56:50,c4:7c:8d:6d:24:ed,25.7,60,94,1506
2025-05-02 01:07:16,c4:7c:8d:6d:4e:df,25.0,100,65,4910
2025-05-02 01:07:18,c4:7c:8d:6d:26:c9,25.7,13,245,5
2025-05-02 01:07:21,c4:7c:8d:6d:28:fa,24.5,100,220,4964
2025-05-02 01:07:24,c4:7c:8d:6d:24:ed,25.5,60,135,1483
2025-05-02 01:17:47,c4:7c:8d:6d:4e:df,24.7,100,48,4928
2025-05-02 01:17:51,c4:7c:8d:6d:26:c9,25.8,13,147,7
2025-05-02 01:17:54,c4:7c:8d:6d:28:fa,24.2,100,87,4982
2025-05-02 01:17:58,c4:7c:8d:6d:24:ed,25.3,60,94,1506
2025-05-02 01:28:22,c4:7c:8d:6d:4e:df,24.7,100,86,4937
2025-05-02 01:28:24,c4:7c:8d:6d:26:c9,25.6,13,229,5
2025-05-02 01:28:27,c4:7c:8d:6d:28:fa,24.0,100,206,5000
2025-05-02 01:28:30,c4:7c:8d:6d:24:ed,25.3,60,115,1508
2025-05-02 01:38:53,c4:7c:8d:6d:4e:df,24.5,100,69,4955
2025-05-02 01:38:56,c4:7c:8d:6d:26:c9,25.6,13,160,5
2025-05-02 01:38:58,c4:7c:8d:6d:28:fa,23.8,100,126,5000
2025-05-02 01:39:02,c4:7c:8d:6d:24:ed,25.1,60,17,1503
2025-05-02 01:49:27,c4:7c:8d:6d:4e:df,24.5,100,86,4955
2025-05-02 01:49:30,c4:7c:8d:6d:26:c9,25.5,13,215,6
2025-05-02 01:49:32,c4:7c:8d:6d:28:fa,23.7,100,250,5018
2025-05-02 01:49:35,c4:7c:8d:6d:24:ed,25.1,60,115,1514
2025-05-02 01:59:59,c4:7c:8d:6d:4e:df,24.3,100,87,4973
2025-05-02 02:00:01,c4:7c:8d:6d:26:c9,25.3,13,146,6
2025-05-02 02:00:03,c4:7c:8d:6d:28:fa,23.6,100,87,5027
2025-05-02 02:00:06,c4:7c:8d:6d:24:ed,25.2,60,74,1506
2025-05-02 02:10:29,c4:7c:8d:6d:4e:df,24.3,100,68,4964
2025-05-02 02:10:32,c4:7c:8d:6d:26:c9,25.3,13,168,7
2025-05-02 02:10:34,c4:7c:8d:6d:28:fa,23.6,100,220,5036
2025-05-02 02:10:37,c4:7c:8d:6d:24:ed,25.0,60,56,1497
2025-05-02 02:21:00,c4:7c:8d:6d:4e:df,24.2,100,128,4982
2025-05-02 02:21:03,c4:7c:8d:6d:26:c9,25.3,13,132,5
2025-05-02 02:21:05,c4:7c:8d:6d:28:fa,23.6,100,66,5036
2025-05-02 02:21:08,c4:7c:8d:6d:24:ed,25.0,60,74,1500
2025-05-02 02:31:31,c4:7c:8d:6d:4e:df,24.2,100,82,4991
2025-05-02 02:31:34,c4:7c:8d:6d:26:c9,25.2,13,248,6
2025-05-02 02:31:36,c4:7c:8d:6d:28:fa,23.4,100,234,5045
2025-05-02 02:31:39,c4:7c:8d:6d:24:ed,24.8,60,94,1508
2025-05-02 02:42:04,c4:7c:8d:6d:26:c9,25.2,13,128,5
2025-05-02 02:42:07,c4:7c:8d:6d:28:fa,23.4,100,126,5063
2025-05-02 02:42:10,c4:7c:8d:6d:24:ed,24.8,60,76,1508
2025-05-02 02:52:34,c4:7c:8d:6d:4e:df,24.1,100,108,5000
2025-05-02 02:52:36,c4:7c:8d:6d:26:c9,25.1,13,249,6
2025-05-02 02:52:39,c4:7c:8d:6d:28:fa,23.4,100,202,5063
2025-05-02 02:52:42,c4:7c:8d:6d:24:ed,24.7,60,134,1502
2025-05-02 03:03:06,c4:7c:8d:6d:4e:df,23.9,100,0,5009
2025-05-02 03:03:09,c4:7c:8d:6d:26:c9,25.0,13,178,5
2025-05-02 03:03:12,c4:7c:8d:6d:28:fa,23.3,100,126,5054
2025-05-02 03:03:15,c4:7c:8d:6d:24:ed,24.7,60,76,1494
2025-05-02 03:13:38,c4:7c:8d:6d:4e:df,24.0,100,34,5000
2025-05-02 03:13:41,c4:7c:8d:6d:26:c9,25.0,13,249,5
2025-05-02 03:13:44,c4:7c:8d:6d:28:fa,23.3,100,234,5054
2025-05-02 03:13:47,c4:7c:8d:6d:24:ed,24.6,60,69,1497
2025-05-02 03:24:10,c4:7c:8d:6d:4e:df,23.9,100,0,5018
2025-05-02 03:24:14,c4:7c:8d:6d:26:c9,25.0,13,197,6
2025-05-02 03:24:17,c4:7c:8d:6d:28:fa,23.3,100,126,5063
2025-05-02 03:24:20,c4:7c:8d:6d:24:ed,24.6,60,135,1488
2025-05-02 03:34:43,c4:7c:8d:6d:4e:df,23.8,100,90,5018
2025-05-02 03:34:49,c4:7c:8d:6d:26:c9,24.9,13,168,5
2025-05-02 03:34:52,c4:7c:8d:6d:28:fa,23.1,100,234,5072
2025-05-02 03:34:56,c4:7c:8d:6d:24:ed,24.6,60,73,1485
2025-05-02 03:45:19,c4:7c:8d:6d:4e:df,23.9,100,50,5018
2025-05-02 03:45:23,c4:7c:8d:6d:26:c9,24.9,13,214,5
2025-05-02 03:45:25,c4:7c:8d:6d:28:fa,23.1,100,126,5072
2025-05-02 03:45:28,c4:7c:8d:6d:24:ed,24.6,60,0,1497
2025-05-02 03:55:51,c4:7c:8d:6d:4e:df,23.8,100,125,5018
2025-05-02 03:55:55,c4:7c:8d:6d:26:c9,24.9,13,164,5
2025-05-02 03:55:59,c4:7c:8d:6d:28:fa,23.1,100,202,5081
2025-05-02 03:56:05,c4:7c:8d:6d:24:ed,24.6,60,71,1483
2025-05-02 04:06:28,c4:7c:8d:6d:4e:df,23.8,100,82,5036
2025-05-02 04:06:31,c4:7c:8d:6d:26:c9,24.6,13,182,5
2025-05-02 04:06:34,c4:7c:8d:6d:28:fa,23.0,100,50,5081
2025-05-02 04:06:37,c4:7c:8d:6d:24:ed,24.3,59,56,1485
2025-05-02 04:17:00,c4:7c:8d:6d:4e:df,23.5,100,107,5036
2025-05-02 04:17:03,c4:7c:8d:6d:26:c9,24.7,13,146,6
2025-05-02 04:17:06,c4:7c:8d:6d:28:fa,23.0,100,202,5081
2025-05-02 04:17:09,c4:7c:8d:6d:24:ed,24.3,59,74,1491
2025-05-02 04:27:32,c4:7c:8d:6d:4e:df,23.6,100,82,5036
2025-05-02 04:27:35,c4:7c:8d:6d:26:c9,24.6,13,249,5
2025-05-02 04:27:38,c4:7c:8d:6d:28:fa,22.9,100,87,5090
2025-05-02 04:38:06,c4:7c:8d:6d:4e:df,23.5,100,13,5045
2025-05-02 04:38:09,c4:7c:8d:6d:26:c9,24.5,13,146,6
2025-05-02 04:38:11,c4:7c:8d:6d:28:fa,22.9,100,202,5108
2025-05-02 04:38:14,c4:7c:8d:6d:24:ed,24.2,59,113,1488
2025-05-02 04:48:37,c4:7c:8d:6d:4e:df,23.4,100,0,5054
2025-05-02 04:48:42,c4:7c:8d:6d:28:fa,22.8,100,87,5108
2025-05-02 04:48:48,c4:7c:8d:6d:24:ed,24.1,59,76,1482
2025-05-02 04:59:11,c4:7c:8d:6d:4e:df,23.4,100,29,5072
2025-05-02 04:59:14,c4:7c:8d:6d:26:c9,24.6,13,249,6
2025-05-02 04:59:16,c4:7c:8d:6d:28:fa,22.8,100,206,5108
2025-05-02 04:59:21,c4:7c:8d:6d:24:ed,24.1,59,94,1485
2025-05-02 05:09:44,c4:7c:8d:6d:4e:df,23.2,100,50,5063
2025-05-02 05:09:49,c4:7c:8d:6d:26:c9,24.4,13,147,5
2025-05-02 05:09:51,c4:7c:8d:6d:28:fa,22.8,100,234,5117
2025-05-02 05:09:55,c4:7c:8d:6d:24:ed,23.9,59,95,1485
2025-05-02 05:20:19,c4:7c:8d:6d:4e:df,23.4,100,130,5063
2025-05-02 05:20:22,c4:7c:8d:6d:26:c9,24.4,13,230,6
2025-05-02 05:20:25,c4:7c:8d:6d:28:fa,22.7,100,202,5117
2025-05-02 05:20:29,c4:7c:8d:6d:24:ed,23.9,59,0,1478
2025-05-02 05:30:52,c4:7c:8d:6d:4e:df,23.4,100,65,5072
2025-05-02 05:30:55,c4:7c:8d:6d:26:c9,24.4,13,233,5
2025-05-02 05:30:57,c4:7c:8d:6d:28:fa,22.7,100,126,5126
2025-05-02 05:31:01,c4:7c:8d:6d:24:ed,23.8,59,35,1468
2025-05-02 05:41:25,c4:7c:8d:6d:4e:df,23.3,100,108,5072
2025-05-02 05:41:28,c4:7c:8d:6d:26:c9,24.3,13,166,5
2025-05-02 05:41:31,c4:7c:8d:6d:28:fa,22.7,100,202,5126
2025-05-02 05:41:34,c4:7c:8d:6d:24:ed,24.0,58,118,1481
2025-05-02 05:51:58,c4:7c:8d:6d:4e:df,23.3,100,87,5072
2025-05-02 05:52:01,c4:7c:8d:6d:26:c9,24.2,13,248,5
2025-05-02 05:52:04,c4:7c:8d:6d:28:fa,22.7,100,47,5126
2025-05-02 05:52:08,c4:7c:8d:6d:24:ed,23.8,58,118,1473
2025-05-02 06:02:32,c4:7c:8d:6d:4e:df,23.2,100,0,5081
2025-05-02 06:02:35,c4:7c:8d:6d:26:c9,24.2,13,162,5
2025-05-02 06:02:38,c4:7c:8d:6d:28:fa,22.5,100,236,5126
2025-05-02 06:02:41,c4:7c:8d:6d:24:ed,23.8,58,113,1473
2025-05-02 06:13:04,c4:7c:8d:6d:4e:df,23.1,100,0,5090
2025-05-02 06:13:07,c4:7c:8d:6d:26:c9,24.2,13,217,5
2025-05-02 06:13:10,c4:7c:8d:6d:28:fa,22.5,100,105,5126
2025-05-02 06:13:13,c4:7c:8d:6d:24:ed,23.7,58,0,1464
2025-05-02 06:23:36,c4:7c:8d:6d:4e:df,23.1,100,30,5090
2025-05-02 06:23:39,c4:7c:8d:6d:26:c9,24.1,13,147,5
2025-05-02 06:23:45,c4:7c:8d:6d:28:fa,22.5,100,202,5144
2025-05-02 06:23:49,c4:7c:8d:6d:24:ed,23.7,58,74,1460
2025-05-02 06:34:13,c4:7c:8d:6d:4e:df,23.2,100,2666,5054
2025-05-02 06:34:17,c4:7c:8d:6d:26:c9,24.3,13,950,5
2025-05-02 06:34:19,c4:7c:8d:6d:28:fa,22.6,100,1164,5126
2025-05-02 06:34:22,c4:7c:8d:6d:24:ed,23.8,58,608,1457
2025-05-02 06:44:45,c4:7c:8d:6d:4e:df,23.6,100,2708,5027
2025-05-02 06:44:49,c4:7c:8d:6d:26:c9,24.6,13,877,5
2025-05-02 06:44:52,c4:7c:8d:6d:28:fa,22.8,100,1009,5108
2025-05-02 06:44:56,c4:7c:8d:6d:24:ed,23.9,58,619,1447
2025-05-02 06:55:19,c4:7c:8d:6d:4e:df,23.7,100,2693,5018
2025-05-02 06:55:21,c4:7c:8d:6d:26:c9,24.6,13,959,4
2025-05-02 06:55:24,c4:7c:8d:6d:28:fa,22.8,100,1179,5117
2025-05-02 06:55:27,c4:7c:8d:6d:24:ed,24.2,58,669,1444
2025-05-02 07:05:51,c4:7c:8d:6d:4e:df,23.9,100,63,5009
2025-05-02 07:05:53,c4:7c:8d:6d:26:c9,24.7,13,181,6
2025-05-02 07:05:56,c4:7c:8d:6d:28:fa,22.8,100,87,5108
2025-05-02 07:06:00,c4:7c:8d:6d:24:ed,24.2,58,61,1447
2025-05-02 07:16:26,c4:7c:8d:6d:4e:df,23.4,100,87,5045
2025-05-02 07:16:28,c4:7c:8d:6d:26:c9,24.5,13,249,5
2025-05-02 07:16:31,c4:7c:8d:6d:28:fa,22.6,100,234,5117
2025-05-02 07:16:37,c4:7c:8d:6d:24:ed,24.1,58,56,1433
2025-05-02 07:27:01,c4:7c:8d:6d:4e:df,23.4,100,24,5063
2025-05-02 07:27:03,c4:7c:8d:6d:26:c9,24.5,13,164,5
2025-05-02 07:27:07,c4:7c:8d:6d:28:fa,22.7,100,221,5117
2025-05-02 07:27:11,c4:7c:8d:6d:24:ed,24.1,58,113,1439
2025-05-02 07:37:34,c4:7c:8d:6d:4e:df,23.5,100,87,5045
2025-05-02 07:37:37,c4:7c:8d:6d:26:c9,24.6,13,230,6
2025-05-02 07:37:40,c4:7c:8d:6d:28:fa,22.8,100,123,5108
2025-05-02 07:37:43,c4:7c:8d:6d:24:ed,24.1,58,55,1450
2025-05-02 07:48:06,c4:7c:8d:6d:4e:df,23.4,100,66,5045
2025-05-02 07:48:09,c4:7c:8d:6d:26:c9,24.5,13,181,5
2025-05-02 07:48:13,c4:7c:8d:6d:28:fa,22.9,100,265,5108
2025-05-02 07:48:18,c4:7c:8d:6d:24:ed,24.1,58,0,1439
2025-05-02 07:58:41,c4:7c:8d:6d:4e:df,23.7,100,110,5036
2025-05-02 07:58:44,c4:7c:8d:6d:26:c9,24.7,13,217,5
2025-05-02 07:58:47,c4:7c:8d:6d:28:fa,22.9,100,156,5090
2025-05-02 07:58:50,c4:7c:8d:6d:24:ed,24.3,58,95,1413
2025-05-02 08:09:13,c4:7c:8d:6d:4e:df,23.8,100,0,5018
2025-05-02 08:09:16,c4:7c:8d:6d:26:c9,24.8,13,162,6
2025-05-02 08:09:19,c4:7c:8d:6d:28:fa,23.1,100,234,5081
2025-05-02 08:09:23,c4:7c:8d:6d:24:ed,24.3,58,0,1405
2025-05-02 08:19:47,c4:7c:8d:6d:4e:df,23.8,100,107,5000
2025-05-02 08:19:50,c4:7c:8d:6d:26:c9,24.8,13,262,5
2025-05-02 08:19:52,c4:7c:8d:6d:28:fa,23.1,100,206,5081
2025-05-02 08:19:56,c4:7c:8d:6d:24:ed,24.6,58,53,1408
2025-05-02 08:30:21,c4:7c:8d:6d:4e:df,23.9,100,82,5018
2025-05-02 08:30:24,c4:7c:8d:6d:26:c9,24.7,13,163,6
2025-05-02 08:30:27,c4:7c:8d:6d:28:fa,23.1,100,221,5081
2025-05-02 08:30:30,c4:7c:8d:6d:24:ed,24.4,58,56,1422
2025-05-02 08:40:54,c4:7c:8d:6d:4e:df,23.9,100,126,5000
2025-05-02 08:40:57,c4:7c:8d:6d:26:c9,24.9,13,217,5
2025-05-02 08:41:00,c4:7c:8d:6d:28:fa,23.1,100,126,5081
2025-05-02 08:41:03,c4:7c:8d:6d:24:ed,24.3,58,90,1411
2025-05-02 08:51:26,c4:7c:8d:6d:4e:df,24.0,100,125,5000
2025-05-02 08:51:30,c4:7c:8d:6d:26:c9,24.8,13,163,5
2025-05-02 08:51:33,c4:7c:8d:6d:28:fa,23.1,100,234,5072
2025-05-02 08:51:37,c4:7c:8d:6d:24:ed,24.5,58,95,1422
2025-05-02 09:02:02,c4:7c:8d:6d:4e:df,23.9,100,126,5000
2025-05-02 09:02:05,c4:7c:8d:6d:26:c9,25.0,14,265,5
2025-05-02 09:02:08,c4:7c:8d:6d:28:fa,23.1,100,234,5063
2025-05-02 09:02:11,c4:7c:8d:6d:24:ed,24.6,58,0,1387
2025-05-02 09:12:34,c4:7c:8d:6d:4e:df,24.0,100,45,5009
2025-05-02 09:12:38,c4:7c:8d:6d:26:c9,24.7,13,195,5
2025-05-02 09:12:41,c4:7c:8d:6d:28:fa,23.0,100,86,5081
2025-05-02 09:12:44,c4:7c:8d:6d:24:ed,24.3,58,118,1425
2025-05-02 09:23:07,c4:7c:8d:6d:4e:df,24.0,100,108,5009
2025-05-02 09:23:10,c4:7c:8d:6d:26:c9,25.0,13,182,6
2025-05-02 09:23:14,c4:7c:8d:6d:28:fa,23.1,100,234,5081
2025-05-02 09:23:18,c4:7c:8d:6d:24:ed,24.3,58,95,1408
2025-05-02 09:33:41,c4:7c:8d:6d:4e:df,24.0,100,108,5000
2025-05-02 09:33:44,c4:7c:8d:6d:26:c9,25.0,13,265,5
2025-05-02 09:33:47,c4:7c:8d:6d:28:fa,23.3,100,107,5072
2025-05-02 09:33:50,c4:7c:8d:6d:24:ed,24.6,58,113,1403
2025-05-02 09:44:13,c4:7c:8d:6d:4e:df,24.1,100,0,4982
2025-05-02 09:44:15,c4:7c:8d:6d:26:c9,25.2,13,195,5
2025-05-02 09:44:18,c4:7c:8d:6d:28:fa,23.3,100,202,5063
2025-05-02 09:44:21,c4:7c:8d:6d:24:ed,24.6,58,117,1408
2025-05-02 09:54:44,c4:7c:8d:6d:4e:df,24.2,100,0,4991
2025-05-02 09:54:47,c4:7c:8d:6d:26:c9,25.3,13,246,6
2025-05-02 09:54:49,c4:7c:8d:6d:28:fa,23.4,100,105,5063
2025-05-02 09:54:52,c4:7c:8d:6d:24:ed,24.8,58,78,1406
2025-05-02 10:05:16,c4:7c:8d:6d:4e:df,24.2,100,29,4973
2025-05-02 10:05:18,c4:7c:8d:6d:26:c9,25.3,13,162,5
2025-05-02 10:05:22,c4:7c:8d:6d:28:fa,23.4,100,249,5045
2025-05-02 10:05:27,c4:7c:8d:6d:24:ed,24.8,58,60,1384
2025-05-02 10:15:50,c4:7c:8d:6d:4e:df,24.6,100,87,4955
2025-05-02 10:15:53,c4:7c:8d:6d:26:c9,25.3,15,264,6
2025-05-02 10:15:56,c4:7c:8d:6d:28:fa,23.6,100,123,5036
2025-05-02 10:15:59,c4:7c:8d:6d:24:ed,24.9,58,94,1400
2025-05-02 10:26:22,c4:7c:8d:6d:4e:df,24.4,100,48,4955
2025-05-02 10:26:24,c4:7c:8d:6d:26:c9,25.5,13,178,7
2025-05-02 10:26:27,c4:7c:8d:6d:28:fa,23.7,100,249,5018
2025-05-02 10:26:31,c4:7c:8d:6d:24:ed,25.0,58,56,1387
2025-05-02 10:36:55,c4:7c:8d:6d:4e:df,24.8,100,105,4937
2025-05-02 10:36:58,c4:7c:8d:6d:26:c9,25.6,15,281,5
2025-05-02 10:37:01,c4:7c:8d:6d:28:fa,23.8,100,218,5009
2025-05-02 10:37:04,c4:7c:8d:6d:24:ed,25.2,58,71,1387
2025-05-02 10:47:27,c4:7c:8d:6d:4e:df,24.7,100,61,4919
2025-05-02 10:47:31,c4:7c:8d:6d:26:c9,25.8,15,117,5
2025-05-02 10:47:34,c4:7c:8d:6d:28:fa,24.0,100,107,5000
2025-05-02 10:47:36,c4:7c:8d:6d:24:ed,25.3,58,134,1390
2025-05-02 10:58:00,c4:7c:8d:6d:4e:df,25.0,100,71,4910
2025-05-02 10:58:03,c4:7c:8d:6d:26:c9,25.9,14,279,6
2025-05-02 10:58:06,c4:7c:8d:6d:28:fa,24.2,100,249,4991
2025-05-02 10:58:10,c4:7c:8d:6d:24:ed,25.6,58,95,1385
2025-05-02 11:08:35,c4:7c:8d:6d:4e:df,25.2,100,45,4901
2025-05-02 11:08:38,c4:7c:8d:6d:26:c9,26.1,14,179,5
2025-05-02 11:08:41,c4:7c:8d:6d:28:fa,24.4,100,249,4964
2025-05-02 11:08:44,c4:7c:8d:6d:24:ed,25.7,58,134,1377
2025-05-02 11:19:07,c4:7c:8d:6d:4e:df,25.3,100,126,4874
2025-05-02 11:19:10,c4:7c:8d:6d:26:c9,26.3,14,198,5
2025-05-02 11:19:13,c4:7c:8d:6d:28:fa,24.5,100,107,4964
2025-05-02 11:19:15,c4:7c:8d:6d:24:ed,25.8,58,35,1370
2025-05-02 11:29:39,c4:7c:8d:6d:4e:df,25.5,100,47,4856
2025-05-02 11:29:42,c4:7c:8d:6d:26:c9,26.5,14,164,7
2025-05-02 11:29:45,c4:7c:8d:6d:28:fa,24.8,100,249,4937
2025-05-02 11:29:48,c4:7c:8d:6d:24:ed,26.0,58,135,1362
2025-05-02 11:40:11,c4:7c:8d:6d:4e:df,25.7,100,125,4856
2025-05-02 11:40:15,c4:7c:8d:6d:26:c9,26.7,14,229,6
2025-05-02 11:40:19,c4:7c:8d:6d:28:fa,25.0,100,218,4910
2025-05-02 11:40:23,c4:7c:8d:6d:24:ed,26.3,58,113,1365
2025-05-02 11:50:51,c4:7c:8d:6d:4e:df,25.8,100,108,4838
2025-05-02 11:50:53,c4:7c:8d:6d:26:c9,26.8,14,229,6
2025-05-02 11:50:57,c4:7c:8d:6d:28:fa,25.1,100,249,4901
2025-05-02 11:51:02,c4:7c:8d:6d:24:ed,26.4,58,115,1354
2025-05-02 12:01:25,c4:7c:8d:6d:4e:df,25.9,100,65,4820
2025-05-02 12:01:27,c4:7c:8d:6d:26:c9,26.9,14,245,6
2025-05-02 12:01:30,c4:7c:8d:6d:28:fa,25.3,100,142,4892
2025-05-02 12:01:33,c4:7c:8d:6d:24:ed,26.5,58,74,1377
2025-05-02 12:11:57,c4:7c:8d:6d:4e:df,26.1,100,144,4802
2025-05-02 12:11:59,c4:7c:8d:6d:26:c9,27.1,14,179,5
2025-05-02 12:12:02,c4:7c:8d:6d:28:fa,25.4,100,236,4874
2025-05-02 12:12:04,c4:7c:8d:6d:24:ed,26.7,58,112,1354
2025-05-02 12:22:28,c4:7c:8d:6d:4e:df,26.2,100,104,4802
2025-05-02 12:22:30,c4:7c:8d:6d:26:c9,27.2,14,246,5
2025-05-02 12:22:33,c4:7c:8d:6d:28:fa,25.6,100,107,4856
2025-05-02 12:22:36,c4:7c:8d:6d:24:ed,27.0,58,90,1349
2025-05-02 12:33:03,c4:7c:8d:6d:4e:df,26.5,100,125,4775
2025-05-02 12:33:06,c4:7c:8d:6d:26:c9,27.3,14,147,7
2025-05-02 12:33:09,c4:7c:8d:6d:28:fa,25.8,100,218,4847
2025-05-02 12:33:11,c4:7c:8d:6d:24:ed,27.1,59,113,1361
2025-05-02 12:43:35,c4:7c:8d:6d:4e:df,26.6,100,126,4757
2025-05-02 12:43:37,c4:7c:8d:6d:26:c9,27.5,14,262,7
2025-05-02 12:43:45,c4:7c:8d:6d:28:fa,26.0,100,87,4811
2025-05-02 12:43:47,c4:7c:8d:6d:24:ed,27.3,58,92,1345
2025-05-02 12:54:12,c4:7c:8d:6d:4e:df,26.6,100,102,4757
2025-05-02 12:54:16,c4:7c:8d:6d:26:c9,27.6,14,195,5
2025-05-02 12:54:19,c4:7c:8d:6d:28:fa,26.2,100,220,4811
2025-05-02 12:54:21,c4:7c:8d:6d:24:ed,27.5,59,92,1351
2025-05-02 13:04:45,c4:7c:8d:6d:4e:df,27.0,100,123,4739
2025-05-02 13:04:47,c4:7c:8d:6d:26:c9,27.7,14,242,7
2025-05-02 13:04:50,c4:7c:8d:6d:28:fa,26.4,100,107,4784
2025-05-02 13:04:52,c4:7c:8d:6d:24:ed,27.4,59,0,1348
2025-05-02 13:15:16,c4:7c:8d:6d:4e:df,26.6,100,84,4766
2025-05-02 13:15:18,c4:7c:8d:6d:26:c9,27.4,14,178,7
2025-05-02 13:15:21,c4:7c:8d:6d:28:fa,26.5,100,267,4775
2025-05-02 13:15:23,c4:7c:8d:6d:24:ed,27.5,59,131,1351
2025-05-02 13:25:48,c4:7c:8d:6d:4e:df,26.6,100,126,4775
2025-05-02 13:25:50,c4:7c:8d:6d:26:c9,27.5,14,246,7
2025-05-02 13:25:53,c4:7c:8d:6d:28:fa,26.3,100,121,4784
2025-05-02 13:25:55,c4:7c:8d:6d:24:ed,27.4,59,76,1358
2025-05-02 13:36:19,c4:7c:8d:6d:4e:df,26.4,100,11,4775
2025-05-02 13:36:22,c4:7c:8d:6d:26:c9,27.5,14,112,6
2025-05-02 13:36:25,c4:7c:8d:6d:28:fa,26.3,100,297,4784
2025-05-02 13:36:28,c4:7c:8d:6d:24:ed,27.4,59,89,1363
2025-05-02 13:46:51,c4:7c:8d:6d:4e:df,26.5,100,0,4775
2025-05-02 13:46:55,c4:7c:8d:6d:26:c9,27.6,14,232,5
2025-05-02 13:46:58,c4:7c:8d:6d:28:fa,26.4,100,189,4766
2025-05-02 13:47:00,c4:7c:8d:6d:24:ed,27.6,59,131,1367
2025-05-02 13:57:24,c4:7c:8d:6d:4e:df,26.6,100,0,4757
2025-05-02 13:57:27,c4:7c:8d:6d:26:c9,27.7,14,211,6
2025-05-02 13:57:31,c4:7c:8d:6d:28:fa,26.4,100,250,4775
2025-05-02 14:07:57,c4:7c:8d:6d:4e:df,27.0,100,82,4730
2025-05-02 14:08:00,c4:7c:8d:6d:26:c9,28.0,14,262,7
2025-05-02 14:08:03,c4:7c:8d:6d:28:fa,26.8,100,104,4757
2025-05-02 14:08:05,c4:7c:8d:6d:24:ed,27.8,59,94,1359
2025-05-02 14:18:29,c4:7c:8d:6d:4e:df,27.0,100,123,4730
2025-05-02 14:18:32,c4:7c:8d:6d:26:c9,27.9,14,225,5
2025-05-02 14:18:35,c4:7c:8d:6d:28:fa,26.8,100,250,4757
2025-05-02 14:18:38,c4:7c:8d:6d:24:ed,28.0,59,113,1348
2025-05-02 14:29:03,c4:7c:8d:6d:4e:df,27.2,100,107,4721
2025-05-02 14:29:06,c4:7c:8d:6d:26:c9,28.1,15,245,6
2025-05-02 14:29:09,c4:7c:8d:6d:28:fa,27.0,100,220,4730
2025-05-02 14:29:11,c4:7c:8d:6d:24:ed,27.9,60,89,1345
2025-05-02 14:39:36,c4:7c:8d:6d:4e:df,27.2,100,29,4703
2025-05-02 14:39:38,c4:7c:8d:6d:26:c9,28.3,15,159,6
2025-05-02 14:39:41,c4:7c:8d:6d:28:fa,26.9,100,84,4730
2025-05-02 14:39:43,c4:7c:8d:6d:24:ed,28.1,59,95,1345
2025-05-02 14:50:06,c4:7c:8d:6d:4e:df,27.4,100,0,4703
2025-05-02 14:50:09,c4:7c:8d:6d:26:c9,28.2,15,215,6
2025-05-02 14:50:12,c4:7c:8d:6d:28:fa,26.9,100,281,4739
2025-05-02 14:50:15,c4:7c:8d:6d:24:ed,28.0,59,0,1345
2025-05-02 15:00:38,c4:7c:8d:6d:4e:df,27.4,100,29,4694
2025-05-02 15:00:41,c4:7c:8d:6d:26:c9,28.4,15,175,7
2025-05-02 15:00:45,c4:7c:8d:6d:28:fa,27.0,100,189,4721
2025-05-02 15:00:48,c4:7c:8d:6d:24:ed,28.1,59,132,1327
2025-05-02 15:11:11,c4:7c:8d:6d:4e:df,27.5,100,0,4676
2025-05-02 15:11:15,c4:7c:8d:6d:26:c9,28.4,15,277,6
2025-05-02 15:11:18,c4:7c:8d:6d:28:fa,27.1,100,236,4721
2025-05-02 15:11:20,c4:7c:8d:6d:24:ed,28.1,59,89,1346
2025-05-02 15:21:43,c4:7c:8d:6d:4e:df,27.7,100,121,4667
2025-05-02 15:21:46,c4:7c:8d:6d:26:c9,28.7,15,163,7
2025-05-02 15:21:49,c4:7c:8d:6d:28:fa,27.2,100,139,4721
2025-05-02 15:21:51,c4:7c:8d:6d:24:ed,28.4,59,113,1343
2025-05-02 15:32:15,c4:7c:8d:6d:4e:df,27.8,100,0,4640
2025-05-02 15:32:18,c4:7c:8d:6d:26:c9,28.9,15,246,7
2025-05-02 15:32:21,c4:7c:8d:6d:28:fa,27.3,100,236,4694
2025-05-02 15:32:23,c4:7c:8d:6d:24:ed,28.6,59,130,1346
2025-05-02 15:42:46,c4:7c:8d:6d:4e:df,28.4,100,121,4613
2025-05-02 15:42:49,c4:7c:8d:6d:26:c9,29.0,15,175,5
2025-05-02 15:42:53,c4:7c:8d:6d:28:fa,27.7,100,121,4667
2025-05-02 15:42:56,c4:7c:8d:6d:24:ed,28.8,59,90,1322
2025-05-02 15:53:20,c4:7c:8d:6d:4e:df,28.2,100,99,4613
2025-05-02 15:53:23,c4:7c:8d:6d:26:c9,29.0,15,197,7
2025-05-02 15:53:27,c4:7c:8d:6d:28:fa,28.0,100,250,4640
2025-05-02 15:53:29,c4:7c:8d:6d:24:ed,29.1,60,128,1316
2025-05-02 16:03:52,c4:7c:8d:6d:4e:df,28.4,100,66,4622
2025-05-02 16:03:55,c4:7c:8d:6d:26:c9,29.0,15,175,5
2025-05-02 16:03:59,c4:7c:8d:6d:28:fa,28.3,100,171,4613
2025-05-02 16:04:01,c4:7c:8d:6d:24:ed,29.2,60,66,1333
2025-05-02 16:14:29,c4:7c:8d:6d:26:c9,29.0,15,261,7
2025-05-02 16:14:33,c4:7c:8d:6d:28:fa,27.7,100,281,4658
2025-05-02 16:14:35,c4:7c:8d:6d:24:ed,28.9,59,131,1341
2025-05-02 16:24:59,c4:7c:8d:6d:4e:df,28.0,100,4,4631
2025-05-02 16:25:02,c4:7c:8d:6d:26:c9,29.0,15,177,6
2025-05-02 16:25:05,c4:7c:8d:6d:28:fa,27.5,100,186,4685
2025-05-02 16:25:08,c4:7c:8d:6d:24:ed,28.6,59,48,1338
2025-05-02 16:35:31,c4:7c:8d:6d:4e:df,28.0,100,121,4640
2025-05-02 16:35:36,c4:7c:8d:6d:26:c9,28.9,15,273,7
2025-05-02 16:35:39,c4:7c:8d:6d:28:fa,27.4,100,264,4694
2025-05-02 16:35:44,c4:7c:8d:6d:24:ed,28.6,59,113,1343
2025-05-02 16:46:07,c4:7c:8d:6d:4e:df,28.1,100,104,4640
2025-05-02 16:46:10,c4:7c:8d:6d:26:c9,29.0,15,257,6
2025-05-02 16:46:13,c4:7c:8d:6d:28:fa,27.5,100,139,4694
2025-05-02 16:46:16,c4:7c:8d:6d:24:ed,28.7,59,69,1349
2025-05-02 16:56:40,c4:7c:8d:6d:4e:df,27.9,100,68,4640
2025-05-02 16:56:45,c4:7c:8d:6d:26:c9,29.0,15,162,7
2025-05-02 16:56:48,c4:7c:8d:6d:28:fa,27.5,100,264,4694
2025-05-02 16:56:52,c4:7c:8d:6d:24:ed,28.6,59,90,1329
2025-05-02 17:07:16,c4:7c:8d:6d:4e:df,27.9,100,6,4649
2025-05-02 17:07:19,c4:7c:8d:6d:26:c9,29.0,15,230,5
2025-05-02 17:07:21,c4:7c:8d:6d:28:fa,27.2,100,121,4694
2025-05-02 17:07:24,c4:7c:8d:6d:24:ed,28.5,59,89,1349
2025-05-02 17:17:47,c4:7c:8d:6d:4e:df,27.9,100,121,4649
2025-05-02 17:17:52,c4:7c:8d:6d:28:fa,27.3,100,217,4703
2025-05-02 17:17:54,c4:7c:8d:6d:24:ed,28.5,59,90,1340
2025-05-02 17:28:17,c4:7c:8d:6d:4e:df,27.9,100,79,4640
2025-05-02 17:28:20,c4:7c:8d:6d:26:c9,29.0,15,177,7
2025-05-02 17:28:23,c4:7c:8d:6d:28:fa,27.3,100,84,4703
2025-05-02 17:28:26,c4:7c:8d:6d:24:ed,28.5,59,0,1340
2025-05-02 17:38:50,c4:7c:8d:6d:4e:df,27.9,100,63,4658
2025-05-02 17:38:53,c4:7c:8d:6d:26:c9,28.9,15,245,7
2025-05-02 17:38:55,c4:7c:8d:6d:28:fa,27.3,100,248,4703
2025-05-02 17:38:58,c4:7c:8d:6d:24:ed,28.5,59,110,1340
2025-05-02 17:49:22,c4:7c:8d:6d:4e:df,27.9,100,42,4658
2025-05-02 17:49:25,c4:7c:8d:6d:26:c9,29.0,15,194,6
2025-05-02 17:49:27,c4:7c:8d:6d:28:fa,27.3,100,140,4703
2025-05-02 17:49:30,c4:7c:8d:6d:24:ed,28.6,60,55,1332
2025-05-02 17:59:55,c4:7c:8d:6d:4e:df,27.9,100,121,4640
2025-05-02 17:59:59,c4:7c:8d:6d:26:c9,29.1,15,241,7
2025-05-02 18:00:01,c4:7c:8d:6d:28:fa,27.7,100,297,4667
2025-05-02 18:00:08,c4:7c:8d:6d:24:ed,28.8,59,132,1327
2025-05-02 18:10:32,c4:7c:8d:6d:4e:df,28.4,100,100,4613
2025-05-02 18:10:35,c4:7c:8d:6d:26:c9,29.2,15,108,6
2025-05-02 18:10:38,c4:7c:8d:6d:28:fa,27.7,100,249,4658
2025-05-02 18:10:43,c4:7c:8d:6d:24:ed,28.9,59,71,1322
2025-05-02 18:21:06,c4:7c:8d:6d:4e:df,28.4,100,140,4604
2025-05-02 18:21:09,c4:7c:8d:6d:26:c9,29.2,15,261,7
2025-05-02 18:21:11,c4:7c:8d:6d:28:fa,27.9,100,68,4658
2025-05-02 18:21:15,c4:7c:8d:6d:24:ed,29.0,59,128,1319
2025-05-02 18:31:39,c4:7c:8d:6d:4e:df,28.5,100,99,4595
2025-05-02 18:31:42,c4:7c:8d:6d:26:c9,29.3,15,175,7
2025-05-02 18:31:45,c4:7c:8d:6d:28:fa,27.9,100,220,4649
2025-05-02 18:31:50,c4:7c:8d:6d:24:ed,29.0,58,69,1316
2025-05-02 18:42:13,c4:7c:8d:6d:4e:df,28.4,100,82,4613
2025-05-02 18:42:16,c4:7c:8d:6d:26:c9,29.2,15,245,5
2025-05-02 18:42:19,c4:7c:8d:6d:28:fa,27.9,100,68,4649
2025-05-02 18:42:22,c4:7c:8d:6d:24:ed,28.9,59,108,1322
2025-05-02 18:52:46,c4:7c:8d:6d:4e:df,28.3,100,100,4622
2025-05-02 18:52:49,c4:7c:8d:6d:26:c9,29.0,15,177,6
2025-05-02 18:52:53,c4:7c:8d:6d:28:fa,27.9,100,217,4649
2025-05-02 18:52:58,c4:7c:8d:6d:24:ed,28.9,59,131,1322
2025-05-02 19:03:21,c4:7c:8d:6d:4e:df,28.1,100,125,4631
2025-05-02 19:03:24,c4:7c:8d:6d:26:c9,29.1,15,242,7
2025-05-02 19:03:27,c4:7c:8d:6d:28:fa,27.7,100,140,4667
2025-05-02 19:03:30,c4:7c:8d:6d:24:ed,28.6,59,48,1329
2025-05-02 19:13:53,c4:7c:8d:6d:4e:df,27.9,100,120,4640
2025-05-02 19:13:57,c4:7c:8d:6d:26:c9,29.0,15,158,7
2025-05-02 19:14:02,c4:7c:8d:6d:28:fa,27.5,100,218,4685
2025-05-02 19:14:06,c4:7c:8d:6d:24:ed,28.7,59,74,1322
2025-05-02 19:24:29,c4:7c:8d:6d:4e:df,28.1,100,66,4631
2025-05-02 19:24:33,c4:7c:8d:6d:26:c9,29.1,15,225,7
2025-05-02 19:24:36,c4:7c:8d:6d:28:fa,27.7,100,171,4667
2025-05-02 19:24:39,c4:7c:8d:6d:24:ed,28.8,59,90,1324
2025-05-02 19:35:04,c4:7c:8d:6d:4e:df,28.3,100,120,4604
2025-05-02 19:35:07,c4:7c:8d:6d:26:c9,29.2,15,160,7
2025-05-02 19:35:09,c4:7c:8d:6d:28:fa,27.7,100,217,4658
2025-05-02 19:35:12,c4:7c:8d:6d:24:ed,28.8,59,131,1306
2025-05-02 19:45:36,c4:7c:8d:6d:4e:df,28.4,100,100,4604
2025-05-02 19:45:39,c4:7c:8d:6d:26:c9,29.5,15,241,7
2025-05-02 19:45:41,c4:7c:8d:6d:28:fa,28.1,100,140,4640
2025-05-02 19:45:44,c4:7c:8d:6d:24:ed,29.1,58,66,1301
2025-05-02 19:56:08,c4:7c:8d:6d:4e:df,28.2,100,100,4631
2025-05-02 19:56:11,c4:7c:8d:6d:26:c9,29.3,15,159,6
2025-05-02 19:56:13,c4:7c:8d:6d:28:fa,27.9,100,248,4649
2025-05-02 19:56:17,c4:7c:8d:6d:24:ed,28.9,58,90,1319
2025-05-02 20:06:41,c4:7c:8d:6d:4e:df,28.3,100,81,4622
2025-05-02 20:06:44,c4:7c:8d:6d:26:c9,29.2,15,242,7
2025-05-02 20:06:46,c4:7c:8d:6d:28:fa,27.9,100,265,4658
2025-05-02 20:06:49,c4:7c:8d:6d:24:ed,28.9,58,66,1314
2025-05-02 20:17:13,c4:7c:8d:6d:4e:df,28.3,100,120,4631
2025-05-02 20:17:16,c4:7c:8d:6d:26:c9,29.2,15,108,6
2025-05-02 20:17:18,c4:7c:8d:6d:28:fa,27.9,100,140,4658
2025-05-02 20:17:21,c4:7c:8d:6d:24:ed,28.9,58,92,1317
2025-05-02 20:27:45,c4:7c:8d:6d:4e:df,28.3,100,63,4631
2025-05-02 20:27:48,c4:7c:8d:6d:26:c9,28.8,15,225,7
2025-05-02 20:27:50,c4:7c:8d:6d:28:fa,28.1,100,234,4622
2025-05-02 20:27:53,c4:7c:8d:6d:24:ed,28.7,59,48,1320
2025-05-02 20:38:17,c4:7c:8d:6d:4e:df,28.1,100,121,4631
2025-05-02 20:38:20,c4:7c:8d:6d:26:c9,28.8,15,144,7
2025-05-02 20:38:22,c4:7c:8d:6d:28:fa,27.9,100,105,4640
2025-05-02 20:38:26,c4:7c:8d:6d:24:ed,28.8,59,0,1300
2025-05-02 20:48:50,c4:7c:8d:6d:4e:df,28.2,100,61,4622
2025-05-02 20:48:53,c4:7c:8d:6d:26:c9,29.0,15,242,7
2025-05-02 20:48:56,c4:7c:8d:6d:28:fa,27.9,100,265,4649
2025-05-02 20:48:59,c4:7c:8d:6d:24:ed,28.8,59,48,1311
2025-05-02 20:59:22,c4:7c:8d:6d:4e:df,28.2,100,105,4631
2025-05-02 20:59:25,c4:7c:8d:6d:26:c9,28.9,15,158,7
2025-05-02 20:59:27,c4:7c:8d:6d:28:fa,28.0,100,140,4631
2025-05-02 20:59:30,c4:7c:8d:6d:24:ed,28.6,59,132,1300
2025-05-02 21:09:57,c4:7c:8d:6d:4e:df,28.1,100,81,4631
2025-05-02 21:10:00,c4:7c:8d:6d:26:c9,28.8,15,261,7
2025-05-02 21:10:02,c4:7c:8d:6d:28:fa,27.6,100,265,4667
2025-05-02 21:10:06,c4:7c:8d:6d:24:ed,28.4,59,112,1319
2025-05-02 21:20:31,c4:7c:8d:6d:4e:df,27.7,100,86,4685
2025-05-02 21:20:34,c4:7c:8d:6d:26:c9,28.2,15,160,6
2025-05-02 21:20:37,c4:7c:8d:6d:28:fa,27.3,100,265,4694
2025-05-02 21:20:42,c4:7c:8d:6d:24:ed,28.0,58,13,1305
2025-05-02 21:31:06,c4:7c:8d:6d:4e:df,27.3,100,100,4694
2025-05-02 21:31:10,c4:7c:8d:6d:26:c9,27.8,14,228,6
2025-05-02 21:31:12,c4:7c:8d:6d:28:fa,27.1,100,217,4712
2025-05-02 21:31:16,c4:7c:8d:6d:24:ed,27.8,58,131,1304
2025-05-02 21:41:40,c4:7c:8d:6d:4e:df,27.2,100,125,4721
2025-05-02 21:41:42,c4:7c:8d:6d:26:c9,27.7,14,146,7
2025-05-02 21:41:46,c4:7c:8d:6d:28:fa,26.9,100,234,4730
2025-05-02 21:41:50,c4:7c:8d:6d:24:ed,27.5,57,69,1318
2025-05-02 21:52:14,c4:7c:8d:6d:4e:df,27.0,100,99,4730
2025-05-02 21:52:16,c4:7c:8d:6d:26:c9,27.6,14,262,5
2025-05-02 21:52:19,c4:7c:8d:6d:28:fa,26.6,100,140,4757
2025-05-02 21:52:22,c4:7c:8d:6d:24:ed,27.5,57,16,1318
2025-05-02 22:02:46,c4:7c:8d:6d:4e:df,26.9,100,123,4748
2025-05-02 22:02:48,c4:7c:8d:6d:26:c9,27.4,14,177,7
2025-05-02 22:02:51,c4:7c:8d:6d:28:fa,26.4,100,217,4784
2025-05-02 22:02:56,c4:7c:8d:6d:24:ed,27.1,58,71,1309
2025-05-02 22:13:19,c4:7c:8d:6d:4e:df,26.7,100,100,4748
2025-05-02 22:13:22,c4:7c:8d:6d:26:c9,27.5,14,262,6
2025-05-02 22:13:25,c4:7c:8d:6d:28:fa,26.2,100,218,4811
2025-05-02 22:13:28,c4:7c:8d:6d:24:ed,27.0,58,131,1312
2025-05-02 22:23:52,c4:7c:8d:6d:4e:df,26.8,100,104,4748
2025-05-02 22:23:54,c4:7c:8d:6d:26:c9,27.5,14,178,6
2025-05-02 22:23:57,c4:7c:8d:6d:28:fa,26.5,100,86,4784
2025-05-02 22:24:00,c4:7c:8d:6d:24:ed,27.3,58,115,1291
2025-05-02 22:34:23,c4:7c:8d:6d:4e:df,26.9,100,82,4748
2025-05-02 22:34:25,c4:7c:8d:6d:26:c9,27.6,14,232,5
2025-05-02 22:34:28,c4:7c:8d:6d:28:fa,26.7,100,265,4757
2025-05-02 22:34:32,c4:7c:8d:6d:24:ed,27.4,57,89,1280
2025-05-02 22:44:56,c4:7c:8d:6d:4e:df,26.9,100,104,4739
2025-05-02 22:44:59,c4:7c:8d:6d:26:c9,27.7,14,143,7
2025-05-02 22:45:01,c4:7c:8d:6d:28:fa,26.6,100,217,4717
2025-05-02 22:45:04,c4:7c:8d:6d:24:ed,27.5,57,113,1291
2025-05-02 22:55:28,c4:7c:8d:6d:4e:df,26.6,100,0,4766
2025-05-02 22:55:31,c4:7c:8d:6d:26:c9,27.5,14,279,6
2025-05-02 22:55:34,c4:7c:8d:6d:28:fa,26.1,100,86,4811
2025-05-02 22:55:39,c4:7c:8d:6d:24:ed,27.0,58,112,1281
2025-05-02 23:06:04,c4:7c:8d:6d:4e:df,26.4,100,107,4793
2025-05-02 23:06:07,c4:7c:8d:6d:26:c9,26.9,14,226,7
2025-05-02 23:06:09,c4:7c:8d:6d:28:fa,25.7,100,234,4838
2025-05-02 23:06:13,c4:7c:8d:6d:24:ed,26.7,56,134,1286
2025-05-02 23:16:37,c4:7c:8d:6d:4e:df,26.1,100,81,4811
2025-05-02 23:16:40,c4:7c:8d:6d:26:c9,26.9,14,144,6
2025-05-02 23:16:43,c4:7c:8d:6d:28:fa,25.4,100,217,4824
2025-05-02 23:16:47,c4:7c:8d:6d:24:ed,26.4,57,0,1302
2025-05-02 23:27:10,c4:7c:8d:6d:4e:df,26.0,100,125,4811
2025-05-02 23:27:13,c4:7c:8d:6d:26:c9,27.0,14,246,6
2025-05-02 23:27:15,c4:7c:8d:6d:28:fa,25.6,100,140,4815
2025-05-02 23:27:18,c4:7c:8d:6d:24:ed,26.5,56,92,1286
2025-05-02 23:37:43,c4:7c:8d:6d:4e:df,26.1,100,142,4811
2025-05-02 23:37:46,c4:7c:8d:6d:26:c9,26.9,14,128,7
2025-05-02 23:37:49,c4:7c:8d:6d:28:fa,25.7,100,248,4775
2025-05-02 23:37:52,c4:7c:8d:6d:24:ed,26.5,56,58,1272
2025-05-02 23:48:16,c4:7c:8d:6d:4e:df,26.2,100,6,4802
2025-05-02 23:48:20,c4:7c:8d:6d:26:c9,27.1,14,277,7
2025-05-02 23:48:25,c4:7c:8d:6d:28:fa,25.7,100,140,4718
2025-05-02 23:48:29,c4:7c:8d:6d:24:ed,26.7,57,92,1275
2025-05-02 23:58:54,c4:7c:8d:6d:4e:df,26.1,100,66,4811
2025-05-02 23:58:57,c4:7c:8d:6d:26:c9,27.0,14,261,7
2025-05-02 23:59:00,c4:7c:8d:6d:28:fa,25.8,100,217,4700
2025-05-02 23:59:04,c4:7c:8d:6d:24:ed,26.5,56,92,1272
2025-05-03 00:09:28,c4:7c:8d:6d:4e:df,26.1,100,61,4820
2025-05-03 00:09:31,c4:7c:8d:6d:26:c9,26.9,14,147,6
2025-05-03 00:09:35,c4:7c:8d:6d:28:fa,25.8,100,217,4757
2025-05-03 00:09:40,c4:7c:8d:6d:24:ed,26.6,56,69,1277
2025-05-03 00:20:03,c4:7c:8d:6d:4e:df,26.1,100,86,4802
2025-05-03 00:20:06,c4:7c:8d:6d:26:c9,26.9,14,229,5
2025-05-03 00:20:09,c4:7c:8d:6d:28:fa,25.7,100,86,4718
2025-05-03 00:20:12,c4:7c:8d:6d:24:ed,26.7,56,113,1277
2025-05-03 00:30:37,c4:7c:8d:6d:4e:df,26.2,100,6,4802
2025-05-03 00:30:40,c4:7c:8d:6d:26:c9,27.0,14,144,6
2025-05-03 00:30:43,c4:7c:8d:6d:28:fa,25.8,100,202,4709
2025-05-03 00:30:47,c4:7c:8d:6d:24:ed,26.7,56,55,1245
2025-05-03 00:41:11,c4:7c:8d:6d:4e:df,26.1,100,126,4802
2025-05-03 00:41:13,c4:7c:8d:6d:26:c9,27.0,14,246,7
2025-05-03 00:41:16,c4:7c:8d:6d:28:fa,25.7,100,233,4718
2025-05-03 00:41:19,c4:7c:8d:6d:24:ed,26.7,56,69,1266
2025-05-03 00:51:43,c4:7c:8d:6d:4e:df,26.2,100,47,4802
2025-05-03 00:51:45,c4:7c:8d:6d:26:c9,27.1,14,177,5
2025-05-03 00:51:48,c4:7c:8d:6d:28:fa,25.7,100,102,4718
2025-05-03 00:51:51,c4:7c:8d:6d:24:ed,26.6,56,115,1266
2025-05-03 01:02:16,c4:7c:8d:6d:4e:df,26.0,100,89,4811
2025-05-03 01:02:18,c4:7c:8d:6d:26:c9,27.1,14,226,5
2025-05-03 01:02:21,c4:7c:8d:6d:28:fa,25.7,100,217,4718
2025-05-03 01:02:25,c4:7c:8d:6d:24:ed,26.8,56,0,1264
2025-05-03 01:12:49,c4:7c:8d:6d:4e:df,26.2,100,42,4820
2025-05-03 01:12:51,c4:7c:8d:6d:26:c9,27.0,14,147,5
2025-05-03 01:12:54,c4:7c:8d:6d:28:fa,25.9,100,217,4718
2025-05-03 01:12:57,c4:7c:8d:6d:24:ed,26.7,56,74,1261
2025-05-03 01:23:21,c4:7c:8d:6d:4e:df,26.0,100,84,4802
2025-05-03 01:23:23,c4:7c:8d:6d:26:c9,26.9,14,229,5
2025-05-03 01:23:26,c4:7c:8d:6d:28:fa,25.8,100,86,4718
2025-05-03 01:23:30,c4:7c:8d:6d:24:ed,26.7,56,74,1254
2025-05-03 01:33:55,c4:7c:8d:6d:4e:df,26.0,100,81,4811
2025-05-03 01:33:57,c4:7c:8d:6d:26:c9,26.8,14,177,5
2025-05-03 01:34:00,c4:7c:8d:6d:28:fa,26.0,100,217,4678
2025-05-03 01:34:03,c4:7c:8d:6d:24:ed,26.5,56,69,1261
2025-05-03 01:44:27,c4:7c:8d:6d:4e:df,26.0,100,105,4811
2025-05-03 01:44:30,c4:7c:8d:6d:26:c9,26.7,14,214,5
2025-05-03 01:44:34,c4:7c:8d:6d:28:fa,25.8,100,102,4660
2025-05-03 01:44:38,c4:7c:8d:6d:24:ed,26.4,56,134,1255
2025-05-03 01:55:03,c4:7c:8d:6d:4e:df,26.0,100,63,4829
2025-05-03 01:55:06,c4:7c:8d:6d:26:c9,26.6,14,245,5
2025-05-03 01:55:08,c4:7c:8d:6d:28:fa,25.8,100,234,4669
2025-05-03 01:55:11,c4:7c:8d:6d:24:ed,26.4,56,17,1252
2025-05-03 02:05:35,c4:7c:8d:6d:4e:df,26.0,100,105,4802
2025-05-03 02:05:38,c4:7c:8d:6d:26:c9,27.0,14,163,7
2025-05-03 02:05:40,c4:7c:8d:6d:28:fa,25.7,100,86,4647
2025-05-03 02:05:43,c4:7c:8d:6d:24:ed,26.6,56,110,1244
2025-05-03 02:16:07,c4:7c:8d:6d:4e:df,26.2,100,99,4793
2025-05-03 02:16:11,c4:7c:8d:6d:26:c9,27.0,14,201,6
2025-05-03 02:16:13,c4:7c:8d:6d:28:fa,25.7,100,248,4655
2025-05-03 02:16:16,c4:7c:8d:6d:24:ed,26.6,56,55,1244
2025-05-03 02:26:40,c4:7c:8d:6d:4e:df,26.1,100,123,4811
2025-05-03 02:26:43,c4:7c:8d:6d:26:c9,26.8,14,177,6
2025-05-03 02:26:45,c4:7c:8d:6d:28:fa,25.7,100,171,4655
2025-05-03 02:26:48,c4:7c:8d:6d:24:ed,26.5,56,92,1234
2025-05-03 02:37:12,c4:7c:8d:6d:4e:df,26.2,100,125,4820
2025-05-03 02:37:15,c4:7c:8d:6d:26:c9,26.9,14,245,5
2025-05-03 02:37:18,c4:7c:8d:6d:28:fa,25.5,100,248,4607
2025-05-03 02:37:21,c4:7c:8d:6d:24:ed,26.5,56,97,1228
2025-05-03 02:47:45,c4:7c:8d:6d:4e:df,26.0,100,81,4811
2025-05-03 02:47:47,c4:7c:8d:6d:26:c9,26.6,14,112,7
2025-05-03 02:47:50,c4:7c:8d:6d:28:fa,25.7,100,125,4655
2025-05-03 02:47:54,c4:7c:8d:6d:24:ed,26.3,56,69,1230
2025-05-03 02:58:19,c4:7c:8d:6d:4e:df,25.9,100,107,4829
2025-05-03 02:58:21,c4:7c:8d:6d:26:c9,26.5,14,230,5
2025-05-03 02:58:24,c4:7c:8d:6d:28:fa,25.6,100,248,4616
2025-05-03 02:58:27,c4:7c:8d:6d:24:ed,26.3,56,115,1232
2025-05-03 03:08:51,c4:7c:8d:6d:4e:df,25.7,100,0,4838
2025-05-03 03:08:53,c4:7c:8d:6d:26:c9,26.5,14,160,7
2025-05-03 03:08:56,c4:7c:8d:6d:28:fa,25.6,100,140,4616
2025-05-03 03:08:59,c4:7c:8d:6d:24:ed,26.1,56,13,1237
2025-05-03 03:19:24,c4:7c:8d:6d:4e:df,25.8,100,105,4865
2025-05-03 03:19:27,c4:7c:8d:6d:26:c9,26.4,14,232,5
2025-05-03 03:19:30,c4:7c:8d:6d:28:fa,25.4,100,248,4583
2025-05-03 03:19:34,c4:7c:8d:6d:24:ed,26.0,56,92,1223
2025-05-03 03:30:00,c4:7c:8d:6d:4e:df,25.7,100,0,4856
2025-05-03 03:30:02,c4:7c:8d:6d:26:c9,26.2,14,144,6
2025-05-03 03:30:05,c4:7c:8d:6d:28:fa,25.4,100,248,4624
2025-05-03 03:30:08,c4:7c:8d:6d:24:ed,26.0,56,89,1239
2025-05-03 03:40:32,c4:7c:8d:6d:4e:df,25.7,100,11,4865
2025-05-03 03:40:35,c4:7c:8d:6d:26:c9,26.3,14,246,7
2025-05-03 03:40:38,c4:7c:8d:6d:28:fa,25.4,100,86,4633
2025-05-03 03:40:41,c4:7c:8d:6d:24:ed,26.1,56,0,1231
2025-05-03 03:51:05,c4:7c:8d:6d:4e:df,25.5,100,82,4856
2025-05-03 03:51:07,c4:7c:8d:6d:26:c9,26.2,14,160,7
2025-05-03 03:51:10,c4:7c:8d:6d:28:fa,25.3,100,217,4592
2025-05-03 03:51:13,c4:7c:8d:6d:24:ed,26.0,55,74,1225
2025-05-03 04:01:37,c4:7c:8d:6d:4e:df,25.5,100,29,4865
2025-05-03 04:01:39,c4:7c:8d:6d:26:c9,26.3,14,233,5
2025-05-03 04:01:42,c4:7c:8d:6d:28:fa,25.3,100,105,4600
2025-05-03 04:01:46,c4:7c:8d:6d:24:ed,26.0,55,117,1223
2025-05-03 04:12:10,c4:7c:8d:6d:4e:df,25.5,100,82,4856
2025-05-03 04:12:12,c4:7c:8d:6d:26:c9,26.2,14,164,6
2025-05-03 04:12:15,c4:7c:8d:6d:28:fa,25.3,100,201,4560
2025-05-03 04:12:19,c4:7c:8d:6d:24:ed,26.0,55,89,1214
2025-05-03 04:22:45,c4:7c:8d:6d:4e:df,25.5,100,105,4865
2025-05-03 04:22:48,c4:7c:8d:6d:26:c9,26.2,14,229,6
2025-05-03 04:22:51,c4:7c:8d:6d:28:fa,25.2,100,248,4560
2025-05-03 04:22:54,c4:7c:8d:6d:24:ed,25.8,55,78,1219
2025-05-03 04:33:18,c4:7c:8d:6d:4e:df,25.4,100,0,4865
2025-05-03 04:33:20,c4:7c:8d:6d:26:c9,26.2,14,163,6
2025-05-03 04:33:24,c4:7c:8d:6d:28:fa,25.2,100,105,4569
2025-05-03 04:33:29,c4:7c:8d:6d:24:ed,25.8,55,90,1211
2025-05-03 04:43:53,c4:7c:8d:6d:4e:df,25.5,100,125,4874
2025-05-03 04:43:57,c4:7c:8d:6d:26:c9,26.2,14,229,6
2025-05-03 04:44:00,c4:7c:8d:6d:28:fa,25.1,100,249,4577
2025-05-03 04:44:03,c4:7c:8d:6d:24:ed,25.8,55,94,1219
2025-05-03 04:54:27,c4:7c:8d:6d:4e:df,25.4,100,61,4865
2025-05-03 04:54:30,c4:7c:8d:6d:26:c9,26.1,14,179,7
2025-05-03 04:54:32,c4:7c:8d:6d:28:fa,25.1,100,140,4545
2025-05-03 04:54:36,c4:7c:8d:6d:24:ed,25.7,55,74,1213
2025-05-03 05:05:00,c4:7c:8d:6d:4e:df,25.3,100,68,4883
2025-05-03 05:05:04,c4:7c:8d:6d:26:c9,26.1,14,166,6
2025-05-03 05:05:08,c4:7c:8d:6d:28:fa,24.9,100,201,4545
2025-05-03 05:05:11,c4:7c:8d:6d:24:ed,25.7,55,115,1204
2025-05-03 05:15:34,c4:7c:8d:6d:4e:df,25.3,100,84,4892
2025-05-03 05:15:38,c4:7c:8d:6d:26:c9,26.0,13,214,5
2025-05-03 05:15:40,c4:7c:8d:6d:28:fa,24.9,100,105,4545
2025-05-03 05:15:43,c4:7c:8d:6d:24:ed,25.6,55,90,1209
2025-05-03 05:26:06,c4:7c:8d:6d:4e:df,25.3,100,105,4874
2025-05-03 05:26:10,c4:7c:8d:6d:26:c9,26.1,14,179,7
2025-05-03 05:26:13,c4:7c:8d:6d:28:fa,24.9,100,248,4554
2025-05-03 05:26:17,c4:7c:8d:6d:24:ed,25.7,55,134,1196
2025-05-03 05:36:40,c4:7c:8d:6d:4e:df,25.2,100,86,4892
2025-05-03 05:36:43,c4:7c:8d:6d:26:c9,26.1,13,246,5
2025-05-03 05:36:46,c4:7c:8d:6d:28:fa,24.9,100,140,4513
2025-05-03 05:36:49,c4:7c:8d:6d:24:ed,25.6,55,52,1198
2025-05-03 05:47:12,c4:7c:8d:6d:4e:df,25.1,100,86,4901
2025-05-03 05:47:15,c4:7c:8d:6d:26:c9,25.9,14,148,5
2025-05-03 05:47:18,c4:7c:8d:6d:28:fa,24.9,100,248,4513
2025-05-03 05:47:20,c4:7c:8d:6d:24:ed,25.5,55,113,1209
2025-05-03 05:57:44,c4:7c:8d:6d:4e:df,25.0,100,69,4901
2025-05-03 05:57:47,c4:7c:8d:6d:26:c9,25.9,13,229,5
2025-05-03 05:57:50,c4:7c:8d:6d:28:fa,24.8,100,104,4530
2025-05-03 05:57:52,c4:7c:8d:6d:24:ed,25.3,55,53,1192
2025-05-03 06:08:16,c4:7c:8d:6d:4e:df,25.0,100,24,4919
2025-05-03 06:08:19,c4:7c:8d:6d:26:c9,25.8,13,164,6
2025-05-03 06:08:22,c4:7c:8d:6d:28:fa,24.6,100,248,4530
2025-05-03 06:08:24,c4:7c:8d:6d:24:ed,25.4,55,115,1195
2025-05-03 06:18:50,c4:7c:8d:6d:4e:df,25.1,100,66,4910
2025-05-03 06:18:53,c4:7c:8d:6d:26:c9,25.9,14,201,5
2025-05-03 06:18:56,c4:7c:8d:6d:28:fa,24.8,100,105,4465
2025-05-03 06:18:58,c4:7c:8d:6d:24:ed,25.5,55,97,1186
2025-05-03 06:29:22,c4:7c:8d:6d:4e:df,25.3,100,24,4883
2025-05-03 06:29:25,c4:7c:8d:6d:26:c9,25.8,13,164,7
2025-05-03 06:29:28,c4:7c:8d:6d:28:fa,24.6,100,248,4489
2025-05-03 06:29:30,c4:7c:8d:6d:24:ed,25.5,56,53,1181
2025-05-03 06:39:54,c4:7c:8d:6d:4e:df,25.7,100,1915,4856
2025-05-03 06:39:58,c4:7c:8d:6d:26:c9,26.1,14,1073,6
2025-05-03 06:40:01,c4:7c:8d:6d:28:fa,24.9,100,1534,4456
2025-05-03 06:50:28,c4:7c:8d:6d:4e:df,25.8,100,63,4847
2025-05-03 06:50:31,c4:7c:8d:6d:26:c9,26.3,13,178,6
2025-05-03 06:50:35,c4:7c:8d:6d:28:fa,25.2,100,248,4480
2025-05-03 06:50:39,c4:7c:8d:6d:24:ed,26.0,55,0,1158
2025-05-03 07:01:03,c4:7c:8d:6d:4e:df,25.8,100,126,4829
2025-05-03 07:01:06,c4:7c:8d:6d:26:c9,26.5,14,261,5
2025-05-03 07:01:09,c4:7c:8d:6d:28:fa,25.2,100,171,4440
2025-05-03 07:01:11,c4:7c:8d:6d:24:ed,26.0,55,115,1173
2025-05-03 07:11:35,c4:7c:8d:6d:4e:df,25.9,100,82,4838
2025-05-03 07:11:38,c4:7c:8d:6d:26:c9,26.5,14,226,5
2025-05-03 07:11:41,c4:7c:8d:6d:28:fa,25.3,100,217,4440
2025-05-03 07:11:43,c4:7c:8d:6d:24:ed,26.1,55,0,1162
2025-05-03 07:22:07,c4:7c:8d:6d:4e:df,26.0,100,0,4838
2025-05-03 07:22:10,c4:7c:8d:6d:26:c9,26.5,14,264,5
2025-05-03 07:22:13,c4:7c:8d:6d:28:fa,25.3,100,140,4400
2025-05-03 07:22:15,c4:7c:8d:6d:24:ed,26.3,55,115,1166
2025-05-03 07:32:39,c4:7c:8d:6d:4e:df,26.0,100,102,4820
2025-05-03 07:32:42,c4:7c:8d:6d:26:c9,26.7,14,179,6
2025-05-03 07:32:45,c4:7c:8d:6d:28:fa,25.4,100,217,4424
2025-05-03 07:32:47,c4:7c:8d:6d:24:ed,26.4,55,92,1166
2025-05-03 07:43:11,c4:7c:8d:6d:4e:df,26.3,100,126,4802
2025-05-03 07:43:14,c4:7c:8d:6d:26:c9,26.7,14,280,7
2025-05-03 07:43:17,c4:7c:8d:6d:28:fa,26.0,100,156,4391
2025-05-03 07:43:19,c4:7c:8d:6d:24:ed,26.3,55,135,1162
2025-05-03 07:53:45,c4:7c:8d:6d:4e:df,26.2,100,45,4802
2025-05-03 07:53:48,c4:7c:8d:6d:26:c9,26.7,14,195,6
2025-05-03 07:53:51,c4:7c:8d:6d:28:fa,26.1,100,264,4327
2025-05-03 07:53:53,c4:7c:8d:6d:24:ed,26.5,55,134,1162
2025-05-03 08:04:17,c4:7c:8d:6d:4e:df,26.4,100,47,4802
2025-05-03 08:04:21,c4:7c:8d:6d:26:c9,26.6,14,264,5
2025-05-03 08:04:24,c4:7c:8d:6d:28:fa,26.2,100,187,4319
2025-05-03 08:04:26,c4:7c:8d:6d:24:ed,26.5,55,112,1153
2025-05-03 08:14:51,c4:7c:8d:6d:4e:df,26.2,100,26,4793
2025-05-03 08:14:55,c4:7c:8d:6d:26:c9,26.5,14,179,5
2025-05-03 08:14:58,c4:7c:8d:6d:28:fa,26.1,100,264,4343
2025-05-03 08:15:00,c4:7c:8d:6d:24:ed,26.4,55,134,1155
2025-05-03 08:25:24,c4:7c:8d:6d:4e:df,26.1,100,50,4811
2025-05-03 08:25:27,c4:7c:8d:6d:26:c9,26.7,14,246,7
2025-05-03 08:25:30,c4:7c:8d:6d:28:fa,25.8,100,171,4351
2025-05-03 08:25:32,c4:7c:8d:6d:24:ed,26.5,55,17,1146
2025-05-03 08:35:56,c4:7c:8d:6d:4e:df,25.9,100,65,4838
2025-05-03 08:35:59,c4:7c:8d:6d:26:c9,26.5,14,163,5
2025-05-03 08:36:02,c4:7c:8d:6d:28:fa,25.3,100,279,4448
2025-05-03 08:36:04,c4:7c:8d:6d:24:ed,26.1,55,132,1162
2025-05-03 08:46:28,c4:7c:8d:6d:4e:df,25.2,100,105,4901
2025-05-03 08:46:31,c4:7c:8d:6d:26:c9,25.7,13,262,5
2025-05-03 08:46:34,c4:7c:8d:6d:28:fa,24.5,100,171,4473
2025-05-03 08:46:36,c4:7c:8d:6d:24:ed,25.5,55,37,1167
2025-05-03 08:57:00,c4:7c:8d:6d:4e:df,24.6,100,90,4955
2025-05-03 08:57:03,c4:7c:8d:6d:26:c9,25.1,13,132,6
2025-05-03 08:57:06,c4:7c:8d:6d:28:fa,24.0,100,248,4514
2025-05-03 08:57:08,c4:7c:8d:6d:24:ed,25.0,54,136,1178
2025-05-03 09:07:32,c4:7c:8d:6d:4e:df,24.1,100,48,4991
2025-05-03 09:07:35,c4:7c:8d:6d:26:c9,24.6,13,249,6
2025-05-03 09:07:39,c4:7c:8d:6d:28:fa,23.4,100,171,4554
2025-05-03 09:07:43,c4:7c:8d:6d:24:ed,24.5,54,76,1187
2025-05-03 09:18:07,c4:7c:8d:6d:4e:df,23.7,100,144,5018
2025-05-03 09:18:11,c4:7c:8d:6d:26:c9,24.4,13,181,7
2025-05-03 09:18:14,c4:7c:8d:6d:28:fa,23.3,100,248,4578
2025-05-03 09:18:16,c4:7c:8d:6d:24:ed,24.2,54,134,1186
2025-05-03 09:28:41,c4:7c:8d:6d:4e:df,23.6,100,86,5045
2025-05-03 09:28:46,c4:7c:8d:6d:26:c9,24.1,13,249,5
2025-05-03 09:28:49,c4:7c:8d:6d:28:fa,23.0,100,126,4545
2025-05-03 09:28:52,c4:7c:8d:6d:24:ed,24.0,55,117,1193
2025-05-03 09:39:23,c4:7c:8d:6d:4e:df,23.6,100,0,5018
2025-05-03 09:39:26,c4:7c:8d:6d:26:c9,24.4,13,195,5
2025-05-03 09:39:29,c4:7c:8d:6d:28:fa,23.3,100,248,4491
2025-05-03 09:39:31,c4:7c:8d:6d:24:ed,24.2,53,94,1177
2025-05-03 09:49:55,c4:7c:8d:6d:4e:df,23.7,100,108,5027
2025-05-03 09:49:58,c4:7c:8d:6d:26:c9,24.1,13,264,7
2025-05-03 09:50:02,c4:7c:8d:6d:28:fa,23.4,100,155,4454
2025-05-03 10:00:27,c4:7c:8d:6d:4e:df,23.4,100,30,5054
2025-05-03 10:00:30,c4:7c:8d:6d:26:c9,23.9,13,179,6
2025-05-03 10:00:33,c4:7c:8d:6d:28:fa,23.2,100,248,4448
2025-05-03 10:00:35,c4:7c:8d:6d:24:ed,23.4,53,135,1168
2025-05-03 10:10:59,c4:7c:8d:6d:4e:df,23.4,100,11,5054
2025-05-03 10:11:02,c4:7c:8d:6d:26:c9,24.2,13,248,6
2025-05-03 10:11:05,c4:7c:8d:6d:28:fa,23.0,100,155,4478
2025-05-03 10:11:07,c4:7c:8d:6d:24:ed,23.8,53,55,1152
2025-05-03 10:21:31,c4:7c:8d:6d:4e:df,23.8,100,69,5027
2025-05-03 10:21:34,c4:7c:8d:6d:26:c9,24.3,13,94,5
2025-05-03 10:21:37,c4:7c:8d:6d:28:fa,23.0,100,279,4448
2025-05-03 10:21:39,c4:7c:8d:6d:24:ed,24.0,53,0,1136
2025-05-03 10:32:04,c4:7c:8d:6d:4e:df,23.8,100,87,5027
2025-05-03 10:32:07,c4:7c:8d:6d:26:c9,24.3,13,249,6
2025-05-03 10:32:11,c4:7c:8d:6d:28:fa,23.3,100,155,4441
2025-05-03 10:32:14,c4:7c:8d:6d:24:ed,24.1,53,0,1145
2025-05-03 10:42:38,c4:7c:8d:6d:4e:df,23.8,100,108,5018
2025-05-03 10:42:41,c4:7c:8d:6d:26:c9,24.6,13,280,5
2025-05-03 10:42:44,c4:7c:8d:6d:28:fa,23.3,100,295,4433
2025-05-03 10:42:46,c4:7c:8d:6d:24:ed,24.2,53,152,1117
2025-05-03 10:53:12,c4:7c:8d:6d:4e:df,24.0,100,89,5000
2025-05-03 10:53:15,c4:7c:8d:6d:26:c9,24.9,13,151,7
2025-05-03 10:53:18,c4:7c:8d:6d:28:fa,23.3,100,155,4395
2025-05-03 10:53:20,c4:7c:8d:6d:24:ed,24.3,53,0,1124
2025-05-03 11:03:44,c4:7c:8d:6d:4e:df,24.0,100,128,5000
2025-05-03 11:03:49,c4:7c:8d:6d:26:c9,25.0,13,262,6
2025-05-03 11:03:52,c4:7c:8d:6d:28:fa,23.6,100,264,4395
2025-05-03 11:03:54,c4:7c:8d:6d:24:ed,24.3,53,74,1118
2025-05-03 11:14:21,c4:7c:8d:6d:26:c9,24.8,13,178,6
2025-05-03 11:14:24,c4:7c:8d:6d:28:fa,23.6,100,201,4403
2025-05-03 11:14:26,c4:7c:8d:6d:24:ed,24.5,53,134,1111
2025-05-03 11:24:50,c4:7c:8d:6d:4e:df,24.0,100,0,5009
2025-05-03 11:24:53,c4:7c:8d:6d:26:c9,24.8,13,233,6
2025-05-03 11:24:55,c4:7c:8d:6d:28:fa,23.4,100,267,4425
2025-05-03 11:24:58,c4:7c:8d:6d:24:ed,24.4,53,92,1100
2025-05-03 11:35:22,c4:7c:8d:6d:4e:df,24.0,100,123,4991
2025-05-03 11:35:25,c4:7c:8d:6d:26:c9,25.0,13,181,6
2025-05-03 11:35:28,c4:7c:8d:6d:28:fa,23.7,100,186,4344
2025-05-03 11:35:30,c4:7c:8d:6d:24:ed,24.6,53,150,1109
2025-05-03 11:45:54,c4:7c:8d:6d:4e:df,24.1,100,27,5000
2025-05-03 11:45:58,c4:7c:8d:6d:26:c9,24.8,13,265,5
2025-05-03 11:46:00,c4:7c:8d:6d:28:fa,23.8,100,248,4344
2025-05-03 11:46:05,c4:7c:8d:6d:24:ed,24.4,53,34,1124
2025-05-03 11:56:31,c4:7c:8d:6d:4e:df,24.0,100,69,5000
2025-05-03 11:56:34,c4:7c:8d:6d:26:c9,24.6,13,166,5
2025-05-03 11:56:36,c4:7c:8d:6d:28:fa,23.6,100,281,4344
2025-05-03 11:56:42,c4:7c:8d:6d:24:ed,24.2,53,136,1108
2025-05-03 12:07:06,c4:7c:8d:6d:4e:df,23.9,100,47,5000
2025-05-03 12:07:09,c4:7c:8d:6d:26:c9,24.7,13,265,5
2025-05-03 12:07:12,c4:7c:8d:6d:28:fa,23.7,100,236,4380
2025-05-03 12:07:14,c4:7c:8d:6d:24:ed,24.3,53,97,1117
2025-05-03 12:17:38,c4:7c:8d:6d:4e:df,24.0,100,126,4991
2025-05-03 12:17:41,c4:7c:8d:6d:26:c9,25.0,13,197,6
2025-05-03 12:17:43,c4:7c:8d:6d:28:fa,23.6,100,155,4372
2025-05-03 12:17:46,c4:7c:8d:6d:24:ed,24.5,53,136,1109
2025-05-03 12:28:10,c4:7c:8d:6d:4e:df,24.0,100,68,5000
2025-05-03 12:28:13,c4:7c:8d:6d:26:c9,25.0,13,248,6
2025-05-03 12:28:15,c4:7c:8d:6d:28:fa,23.6,100,281,4344
2025-05-03 12:28:19,c4:7c:8d:6d:24:ed,24.6,53,92,1084
2025-05-03 12:38:44,c4:7c:8d:6d:4e:df,24.2,100,128,5000
2025-05-03 12:38:47,c4:7c:8d:6d:26:c9,25.2,13,195,5
2025-05-03 12:38:51,c4:7c:8d:6d:28:fa,23.7,100,297,4336
2025-05-03 12:38:54,c4:7c:8d:6d:24:ed,24.7,53,117,1096
2025-05-03 12:49:21,c4:7c:8d:6d:4e:df,24.3,100,69,4982
2025-05-03 12:49:24,c4:7c:8d:6d:26:c9,25.1,13,264,5
2025-05-03 12:49:28,c4:7c:8d:6d:28:fa,23.7,100,267,4336
2025-05-03 12:49:31,c4:7c:8d:6d:24:ed,24.6,54,0,1096
2025-05-03 12:59:58,c4:7c:8d:6d:4e:df,24.4,100,90,4973
2025-05-03 13:00:01,c4:7c:8d:6d:26:c9,25.1,13,215,5
2025-05-03 13:00:04,c4:7c:8d:6d:28:fa,23.7,100,264,4307
2025-05-03 13:00:07,c4:7c:8d:6d:24:ed,24.7,53,117,1096
2025-05-03 13:10:31,c4:7c:8d:6d:4e:df,24.1,100,82,5000
2025-05-03 13:10:33,c4:7c:8d:6d:26:c9,24.8,13,264,6
2025-05-03 13:10:36,c4:7c:8d:6d:28:fa,23.4,100,121,4367
2025-05-03 13:10:39,c4:7c:8d:6d:24:ed,24.3,53,16,1100
2025-05-03 13:21:03,c4:7c:8d:6d:4e:df,24.0,100,128,5018
2025-05-03 13:21:05,c4:7c:8d:6d:26:c9,24.6,13,163,6
2025-05-03 13:21:08,c4:7c:8d:6d:28:fa,23.2,100,250,4346
2025-05-03 13:21:12,c4:7c:8d:6d:24:ed,24.2,53,134,1101
2025-05-03 13:31:37,c4:7c:8d:6d:4e:df,23.5,100,0,5036
2025-05-03 13:31:39,c4:7c:8d:6d:26:c9,24.3,13,232,6
2025-05-03 13:31:43,c4:7c:8d:6d:28:fa,23.0,100,220,4361
2025-05-03 13:31:47,c4:7c:8d:6d:24:ed,24.1,53,74,1103
2025-05-03 13:42:11,c4:7c:8d:6d:4e:df,23.4,100,29,5036
2025-05-03 13:42:14,c4:7c:8d:6d:26:c9,24.3,13,232,5
2025-05-03 13:42:17,c4:7c:8d:6d:28:fa,23.0,100,139,4361
2025-05-03 13:42:21,c4:7c:8d:6d:24:ed,24.1,53,118,1094
2025-05-03 13:52:45,c4:7c:8d:6d:4e:df,23.6,100,87,5027
2025-05-03 13:52:48,c4:7c:8d:6d:26:c9,24.5,13,234,5
2025-05-03 13:52:50,c4:7c:8d:6d:28:fa,23.1,100,267,4339
2025-05-03 13:52:53,c4:7c:8d:6d:24:ed,24.1,53,90,1077
2025-05-03 14:03:18,c4:7c:8d:6d:4e:df,23.8,100,128,5027
2025-05-03 14:03:21,c4:7c:8d:6d:26:c9,24.6,13,182,5
2025-05-03 14:03:24,c4:7c:8d:6d:28:fa,23.3,100,172,4316
2025-05-03 14:03:28,c4:7c:8d:6d:24:ed,24.2,53,135,1090
2025-05-03 14:13:53,c4:7c:8d:6d:4e:df,23.8,100,47,5018
2025-05-03 14:13:56,c4:7c:8d:6d:26:c9,24.6,13,183,6
2025-05-03 14:13:59,c4:7c:8d:6d:28:fa,23.2,100,250,4316
2025-05-03 14:14:03,c4:7c:8d:6d:24:ed,24.3,53,56,1083
2025-05-03 14:24:29,c4:7c:8d:6d:4e:df,23.9,100,87,5000
2025-05-03 14:24:32,c4:7c:8d:6d:26:c9,24.6,13,248,6
2025-05-03 14:24:34,c4:7c:8d:6d:28:fa,23.3,100,170,4279
2025-05-03 14:35:00,c4:7c:8d:6d:4e:df,23.8,100,45,5000
2025-05-03 14:35:03,c4:7c:8d:6d:26:c9,24.8,13,217,7
2025-05-03 14:35:06,c4:7c:8d:6d:28:fa,23.3,100,220,4279
2025-05-03 14:35:08,c4:7c:8d:6d:24:ed,24.3,53,58,1067
2025-05-03 14:45:33,c4:7c:8d:6d:4e:df,24.0,100,147,5009
2025-05-03 14:45:36,c4:7c:8d:6d:26:c9,24.9,13,264,5
2025-05-03 14:45:38,c4:7c:8d:6d:28:fa,23.4,100,125,4279
2025-05-03 14:45:41,c4:7c:8d:6d:24:ed,24.4,53,134,1079
2025-05-03 14:56:05,c4:7c:8d:6d:4e:df,24.0,100,87,5009
2025-05-03 14:56:08,c4:7c:8d:6d:26:c9,24.7,13,182,6
2025-05-03 14:56:11,c4:7c:8d:6d:28:fa,23.4,100,265,4279
2025-05-03 14:56:16,c4:7c:8d:6d:24:ed,24.4,53,117,1069
2025-05-03 15:06:41,c4:7c:8d:6d:4e:df,24.1,100,126,4982
2025-05-03 15:06:45,c4:7c:8d:6d:26:c9,25.0,13,265,5
2025-05-03 15:06:48,c4:7c:8d:6d:28:fa,23.4,100,155,4264
2025-05-03 15:06:54,c4:7c:8d:6d:24:ed,24.5,53,134,1069
2025-05-03 15:17:18,c4:7c:8d:6d:4e:df,24.0,100,102,5009
2025-05-03 15:17:21,c4:7c:8d:6d:26:c9,24.8,13,233,6
2025-05-03 15:17:24,c4:7c:8d:6d:28:fa,23.3,100,236,4250
2025-05-03 15:17:28,c4:7c:8d:6d:24:ed,24.4,53,95,1073
2025-05-03 15:27:52,c4:7c:8d:6d:4e:df,23.7,100,0,5036
2025-05-03 15:27:55,c4:7c:8d:6d:26:c9,24.6,13,280,5
2025-05-03 15:27:59,c4:7c:8d:6d:28:fa,23.2,100,155,4273
2025-05-03 15:28:03,c4:7c:8d:6d:24:ed,24.1,53,135,1085
2025-05-03 15:38:28,c4:7c:8d:6d:4e:df,23.8,100,29,5018
2025-05-03 15:38:30,c4:7c:8d:6d:26:c9,24.7,13,163,5
2025-05-03 15:38:33,c4:7c:8d:6d:28:fa,23.4,100,236,4279
2025-05-03 15:38:36,c4:7c:8d:6d:24:ed,24.4,53,0,1069
2025-05-03 15:49:01,c4:7c:8d:6d:4e:df,24.0,100,8,5009
2025-05-03 15:49:03,c4:7c:8d:6d:26:c9,24.8,13,265,5
2025-05-03 15:49:06,c4:7c:8d:6d:28:fa,23.3,100,172,4250
2025-05-03 15:49:09,c4:7c:8d:6d:24:ed,24.4,53,115,1060
2025-05-03 15:59:34,c4:7c:8d:6d:4e:df,23.6,100,48,5027
2025-05-03 15:59:36,c4:7c:8d:6d:26:c9,24.5,13,179,6
2025-05-03 15:59:39,c4:7c:8d:6d:28:fa,23.2,100,236,4273
2025-05-03 15:59:42,c4:7c:8d:6d:24:ed,24.3,53,97,1077
2025-05-03 16:10:06,c4:7c:8d:6d:4e:df,23.7,100,4,5027
2025-05-03 16:10:08,c4:7c:8d:6d:26:c9,24.6,13,264,5
2025-05-03 16:10:11,c4:7c:8d:6d:28:fa,23.2,100,155,4229
2025-05-03 16:10:14,c4:7c:8d:6d:24:ed,24.3,53,0,1064
2025-05-03 16:20:39,c4:7c:8d:6d:26:c9,24.6,13,197,6
2025-05-03 16:20:43,c4:7c:8d:6d:28:fa,23.3,100,250,4250
2025-05-03 16:20:47,c4:7c:8d:6d:24:ed,24.3,53,79,1053
2025-05-03 16:31:13,c4:7c:8d:6d:4e:df,23.8,100,112,5027
2025-05-03 16:31:15,c4:7c:8d:6d:26:c9,24.6,13,248,7
2025-05-03 16:31:18,c4:7c:8d:6d:28:fa,23.3,100,220,4250
2025-05-03 16:31:22,c4:7c:8d:6d:24:ed,24.2,53,55,1055
2025-05-03 16:41:47,c4:7c:8d:6d:4e:df,23.8,100,126,5018
2025-05-03 16:41:50,c4:7c:8d:6d:26:c9,24.3,13,166,6
2025-05-03 16:41:52,c4:7c:8d:6d:28:fa,23.4,100,220,4222
2025-05-03 16:41:56,c4:7c:8d:6d:24:ed,24.0,53,0,1061
2025-05-03 16:52:22,c4:7c:8d:6d:4e:df,23.5,100,89,5045
2025-05-03 16:52:25,c4:7c:8d:6d:26:c9,24.3,13,268,5
2025-05-03 16:52:27,c4:7c:8d:6d:28:fa,23.2,100,220,4244
2025-05-03 16:52:30,c4:7c:8d:6d:24:ed,23.9,53,115,1045
2025-05-03 17:02:54,c4:7c:8d:6d:4e:df,23.7,100,128,5027
2025-05-03 17:02:57,c4:7c:8d:6d:26:c9,24.5,13,182,6
2025-05-03 17:02:59,c4:7c:8d:6d:28:fa,23.2,100,104,4229
2025-05-03 17:13:25,c4:7c:8d:6d:4e:df,23.3,100,105,5054
2025-05-03 17:13:28,c4:7c:8d:6d:26:c9,24.1,13,234,6
2025-05-03 17:13:30,c4:7c:8d:6d:28:fa,23.1,100,220,4244
2025-05-03 17:13:34,c4:7c:8d:6d:24:ed,23.8,53,113,1056
2025-05-03 17:23:59,c4:7c:8d:6d:4e:df,23.5,100,29,5036
2025-05-03 17:24:01,c4:7c:8d:6d:26:c9,24.5,13,163,5
2025-05-03 17:24:04,c4:7c:8d:6d:28:fa,23.3,100,250,4200
2025-05-03 17:24:08,c4:7c:8d:6d:24:ed,24.2,52,76,1053
2025-05-03 17:34:34,c4:7c:8d:6d:4e:df,23.4,100,27,5036
2025-05-03 17:34:37,c4:7c:8d:6d:26:c9,24.3,13,202,6
2025-05-03 17:34:39,c4:7c:8d:6d:28:fa,23.1,100,220,4185
2025-05-03 17:34:42,c4:7c:8d:6d:24:ed,24.1,53,117,1051
2025-05-03 17:45:06,c4:7c:8d:6d:4e:df,23.4,100,73,5054
2025-05-03 17:45:08,c4:7c:8d:6d:26:c9,24.3,13,164,5
2025-05-03 17:45:10,c4:7c:8d:6d:28:fa,23.1,100,139,4252
2025-05-03 17:45:13,c4:7c:8d:6d:24:ed,23.9,52,97,1044
2025-05-03 17:55:37,c4:7c:8d:6d:26:c9,24.6,13,3851,6
2025-05-03 17:55:39,c4:7c:8d:6d:28:fa,23.4,100,1429,4185
2025-05-03 17:55:42,c4:7c:8d:6d:24:ed,24.6,53,1310,1034
2025-05-03 18:06:07,c4:7c:8d:6d:4e:df,24.0,100,925,5000
2025-05-03 18:06:10,c4:7c:8d:6d:26:c9,24.7,13,3893,5
2025-05-03 18:06:12,c4:7c:8d:6d:28:fa,23.6,100,1300,4119
2025-05-03 18:06:16,c4:7c:8d:6d:24:ed,24.2,52,1343,1040
2025-05-03 18:16:41,c4:7c:8d:6d:4e:df,23.7,100,963,5018
2025-05-03 18:16:43,c4:7c:8d:6d:26:c9,25.0,13,3974,5
2025-05-03 18:16:46,c4:7c:8d:6d:28:fa,23.4,100,1491,4119
2025-05-03 18:16:49,c4:7c:8d:6d:24:ed,24.3,52,1285,1038
2025-05-03 18:27:14,c4:7c:8d:6d:4e:df,24.2,100,972,4982
2025-05-03 18:27:17,c4:7c:8d:6d:26:c9,25.6,13,3874,7
2025-05-03 18:27:19,c4:7c:8d:6d:28:fa,24.0,100,1351,4111
2025-05-03 18:27:22,c4:7c:8d:6d:24:ed,25.2,53,1339,1023
2025-05-03 18:37:45,c4:7c:8d:6d:4e:df,24.2,100,892,4982
2025-05-03 18:37:48,c4:7c:8d:6d:26:c9,25.7,13,4032,5
2025-05-03 18:37:51,c4:7c:8d:6d:28:fa,24.0,100,1476,4140
2025-05-03 18:37:54,c4:7c:8d:6d:24:ed,25.2,53,1273,1032
2025-05-03 18:48:18,c4:7c:8d:6d:4e:df,24.5,100,988,4973
2025-05-03 18:48:23,c4:7c:8d:6d:28:fa,24.2,100,1413,4104
2025-05-03 18:48:29,c4:7c:8d:6d:24:ed,25.4,53,1339,1009
2025-05-03 18:58:52,c4:7c:8d:6d:4e:df,24.4,100,986,4955
2025-05-03 18:58:55,c4:7c:8d:6d:26:c9,26.1,13,4043,6
2025-05-03 18:58:59,c4:7c:8d:6d:28:fa,24.4,100,1569,4089
2025-05-03 18:59:04,c4:7c:8d:6d:24:ed,25.5,53,1330,1008
2025-05-03 19:09:28,c4:7c:8d:6d:4e:df,24.5,100,1040,4946
2025-05-03 19:09:30,c4:7c:8d:6d:26:c9,26.3,13,4145,6
2025-05-03 19:09:34,c4:7c:8d:6d:28:fa,24.4,100,1440,4081
2025-05-03 19:09:38,c4:7c:8d:6d:24:ed,25.7,53,1339,1012
2025-05-03 19:20:01,c4:7c:8d:6d:4e:df,24.9,100,1033,4937
2025-05-03 19:20:04,c4:7c:8d:6d:26:c9,26.4,13,4187,5
2025-05-03 19:20:07,c4:7c:8d:6d:28:fa,24.6,100,1538,4038
2025-05-03 19:20:10,c4:7c:8d:6d:24:ed,25.8,53,1314,1018
2025-05-03 19:30:33,c4:7c:8d:6d:4e:df,24.9,100,1139,4910
2025-05-03 19:30:36,c4:7c:8d:6d:26:c9,26.5,13,4097,6
2025-05-03 19:30:39,c4:7c:8d:6d:28:fa,24.7,100,1409,4059
2025-05-03 19:30:42,c4:7c:8d:6d:24:ed,26.0,53,1350,1015
2025-05-03 19:41:06,c4:7c:8d:6d:4e:df,24.9,100,1210,4910
2025-05-03 19:41:10,c4:7c:8d:6d:26:c9,26.7,13,4208,5
2025-05-03 19:41:12,c4:7c:8d:6d:28:fa,24.7,100,1538,4031
2025-05-03 19:41:15,c4:7c:8d:6d:24:ed,25.9,52,1351,1015
2025-05-03 19:51:38,c4:7c:8d:6d:4e:df,25.0,100,1177,4910
2025-05-03 19:51:42,c4:7c:8d:6d:26:c9,26.8,13,4057,7
2025-05-03 19:51:44,c4:7c:8d:6d:28:fa,24.9,100,1394,4016
2025-05-03 19:51:48,c4:7c:8d:6d:24:ed,26.0,53,1334,1006
2025-05-03 20:02:12,c4:7c:8d:6d:4e:df,25.1,100,1256,4892
2025-05-03 20:02:16,c4:7c:8d:6d:26:c9,26.9,13,4227,6
2025-05-03 20:02:18,c4:7c:8d:6d:28:fa,24.9,100,1569,4009
2025-05-03 20:12:46,c4:7c:8d:6d:26:c9,26.8,13,4139,7
2025-05-03 20:12:48,c4:7c:8d:6d:28:fa,25.0,100,1487,4009
2025-05-03 20:12:51,c4:7c:8d:6d:24:ed,26.1,53,1383,1013
2025-05-03 20:23:14,c4:7c:8d:6d:4e:df,25.3,100,1285,4901
2025-05-03 20:23:17,c4:7c:8d:6d:26:c9,27.0,13,4230,6
2025-05-03 20:23:21,c4:7c:8d:6d:24:ed,26.1,53,1326,1011
2025-05-03 20:33:44,c4:7c:8d:6d:4e:df,25.4,100,1311,4901
2025-05-03 20:33:50,c4:7c:8d:6d:28:fa,25.1,100,1658,4001
2025-05-03 20:33:53,c4:7c:8d:6d:24:ed,26.2,53,1387,1020
2025-05-03 20:44:18,c4:7c:8d:6d:4e:df,25.2,100,1260,4892
2025-05-03 20:44:23,c4:7c:8d:6d:26:c9,27.1,14,4139,7
2025-05-03 20:44:26,c4:7c:8d:6d:28:fa,25.1,100,1658,3974
2025-05-03 20:44:29,c4:7c:8d:6d:24:ed,26.2,53,1346,1017
2025-05-03 20:54:52,c4:7c:8d:6d:4e:df,25.2,100,1269,4874
2025-05-03 20:54:56,c4:7c:8d:6d:26:c9,27.1,13,4227,6
2025-05-03 20:54:59,c4:7c:8d:6d:28:fa,25.3,100,1595,4001
2025-05-03 20:55:02,c4:7c:8d:6d:24:ed,26.3,53,1383,1009
2025-05-03 21:05:25,c4:7c:8d:6d:4e:df,25.4,100,1303,4883
2025-05-03 21:05:28,c4:7c:8d:6d:26:c9,27.0,13,4117,6
2025-05-03 21:05:31,c4:7c:8d:6d:28:fa,25.3,100,1727,3994
2025-05-03 21:05:34,c4:7c:8d:6d:24:ed,26.3,53,1318,1009
2025-05-03 21:15:58,c4:7c:8d:6d:4e:df,25.5,100,1331,4865
2025-05-03 21:16:01,c4:7c:8d:6d:26:c9,27.1,13,4202,6
2025-05-03 21:16:04,c4:7c:8d:6d:28:fa,25.3,100,1624,3994
2025-05-03 21:16:08,c4:7c:8d:6d:24:ed,26.3,53,1314,1017
2025-05-03 21:26:34,c4:7c:8d:6d:4e:df,25.4,100,1352,4865
2025-05-03 21:26:37,c4:7c:8d:6d:26:c9,27.1,14,4154,7
2025-05-03 21:26:40,c4:7c:8d:6d:28:fa,25.4,100,1762,3994
2025-05-03 21:26:43,c4:7c:8d:6d:24:ed,26.5,53,1362,1015
2025-05-03 21:37:07,c4:7c:8d:6d:4e:df,25.5,100,1365,4865
2025-05-03 21:37:10,c4:7c:8d:6d:26:c9,27.1,13,4242,7
2025-05-03 21:37:13,c4:7c:8d:6d:28:fa,25.4,100,1639,3994
2025-05-03 21:37:16,c4:7c:8d:6d:24:ed,26.6,53,1400,1017
2025-05-03 21:47:39,c4:7c:8d:6d:4e:df,25.5,100,1385,4856
2025-05-03 21:47:42,c4:7c:8d:6d:26:c9,27.1,13,4150,6
2025-05-03 21:47:45,c4:7c:8d:6d:28:fa,25.4,100,1792,3994
2025-05-03 21:47:48,c4:7c:8d:6d:24:ed,26.5,53,1363,1005
2025-05-03 21:58:11,c4:7c:8d:6d:4e:df,25.5,100,1456,4865
2025-05-03 21:58:14,c4:7c:8d:6d:26:c9,27.1,13,4277,6
2025-05-03 21:58:17,c4:7c:8d:6d:28:fa,25.4,100,1668,4022
2025-05-03 21:58:20,c4:7c:8d:6d:24:ed,26.5,53,1387,1013
2025-05-03 22:08:43,c4:7c:8d:6d:4e:df,25.5,100,1457,4865
2025-05-03 22:08:46,c4:7c:8d:6d:26:c9,27.1,14,4171,7
2025-05-03 22:08:49,c4:7c:8d:6d:28:fa,25.4,100,1778,3986
2025-05-03 22:08:52,c4:7c:8d:6d:24:ed,26.5,53,1338,1005
2025-05-03 22:19:22,c4:7c:8d:6d:4e:df,25.5,100,1541,4856
2025-05-03 22:19:25,c4:7c:8d:6d:26:c9,27.1,13,4242,7
2025-05-03 22:19:28,c4:7c:8d:6d:28:fa,25.4,100,1639,3986
2025-05-03 22:19:31,c4:7c:8d:6d:24:ed,26.5,53,1383,1013
2025-05-03 22:29:55,c4:7c:8d:6d:4e:df,25.5,100,1498,4856
2025-05-03 22:29:58,c4:7c:8d:6d:26:c9,27.2,13,4133,7
2025-05-03 22:30:01,c4:7c:8d:6d:28:fa,25.4,100,1772,3952
2025-05-03 22:30:04,c4:7c:8d:6d:24:ed,26.6,53,1400,1011
2025-05-03 22:40:27,c4:7c:8d:6d:4e:df,25.5,100,1484,4847
2025-05-03 22:40:30,c4:7c:8d:6d:26:c9,27.1,13,4223,7
2025-05-03 22:40:32,c4:7c:8d:6d:28:fa,25.4,100,1639,3952
2025-05-03 22:40:35,c4:7c:8d:6d:24:ed,26.5,53,1379,1013
2025-05-03 22:50:58,c4:7c:8d:6d:4e:df,25.7,100,1475,4865
2025-05-03 22:51:01,c4:7c:8d:6d:26:c9,27.1,13,4158,7
2025-05-03 22:51:03,c4:7c:8d:6d:28:fa,25.4,100,1788,3919
2025-05-03 22:51:06,c4:7c:8d:6d:24:ed,26.5,53,1400,1003
2025-05-03 23:01:29,c4:7c:8d:6d:4e:df,25.7,100,1522,4865
2025-05-03 23:01:32,c4:7c:8d:6d:26:c9,27.3,13,4242,6
2025-05-03 23:01:35,c4:7c:8d:6d:28:fa,25.4,100,1639,3952
2025-05-03 23:01:39,c4:7c:8d:6d:24:ed,26.6,53,1374,1003
2025-05-03 23:12:02,c4:7c:8d:6d:4e:df,25.8,100,1547,4847
2025-05-03 23:12:05,c4:7c:8d:6d:26:c9,27.1,13,4247,7
2025-05-03 23:12:07,c4:7c:8d:6d:28:fa,25.5,100,1792,3912
2025-05-03 23:12:10,c4:7c:8d:6d:24:ed,26.5,53,1359,1005
2025-05-03 23:22:33,c4:7c:8d:6d:4e:df,25.5,100,1590,4847
2025-05-03 23:22:36,c4:7c:8d:6d:26:c9,27.3,13,4117,7
2025-05-03 23:22:38,c4:7c:8d:6d:28:fa,25.5,100,1668,3912
2025-05-03 23:22:41,c4:7c:8d:6d:24:ed,26.6,53,1338,995
2025-05-03 23:33:07,c4:7c:8d:6d:4e:df,25.7,100,1547,4856
2025-05-03 23:33:09,c4:7c:8d:6d:26:c9,27.3,13,4202,7
2025-05-03 23:33:12,c4:7c:8d:6d:28:fa,25.6,100,1823,3912
2025-05-03 23:33:14,c4:7c:8d:6d:24:ed,26.5,53,1383,1009
2025-05-03 23:43:38,c4:7c:8d:6d:4e:df,25.7,100,1606,4847
2025-05-03 23:43:41,c4:7c:8d:6d:26:c9,27.3,13,4102,7
2025-05-03 23:43:44,c4:7c:8d:6d:28:fa,25.5,100,1703,3879
2025-05-03 23:54:09,c4:7c:8d:6d:4e:df,25.7,100,1581,4847
2025-05-03 23:54:14,c4:7c:8d:6d:28:fa,25.5,100,1809,3879
2025-05-03 23:54:18,c4:7c:8d:6d:24:ed,26.6,53,1358,984
2025-05-04 00:04:41,c4:7c:8d:6d:4e:df,25.6,100,1621,4865
2025-05-04 00:04:44,c4:7c:8d:6d:26:c9,27.3,13,4154,7
2025-05-04 00:04:48,c4:7c:8d:6d:28:fa,25.4,100,1654,3879
2025-05-04 00:04:52,c4:7c:8d:6d:24:ed,26.7,53,1297,1013
2025-05-04 00:15:18,c4:7c:8d:6d:4e:df,25.3,100,1585,4874
2025-05-04 00:15:21,c4:7c:8d:6d:26:c9,26.7,13,4154,7
2025-05-04 00:15:25,c4:7c:8d:6d:28:fa,25.0,100,1772,3901
2025-05-04 00:15:30,c4:7c:8d:6d:24:ed,26.2,52,1358,1000
2025-05-04 00:25:53,c4:7c:8d:6d:4e:df,25.0,100,128,4919
2025-05-04 00:25:59,c4:7c:8d:6d:26:c9,25.9,13,183,7
2025-05-04 00:26:02,c4:7c:8d:6d:28:fa,24.9,100,121,3915
2025-05-04 00:26:04,c4:7c:8d:6d:24:ed,25.5,53,118,1004
2025-05-04 00:36:29,c4:7c:8d:6d:4e:df,24.8,100,108,4919
2025-05-04 00:36:32,c4:7c:8d:6d:26:c9,25.8,13,163,7
2025-05-04 00:36:35,c4:7c:8d:6d:28:fa,24.6,100,203,3889
2025-05-04 00:36:37,c4:7c:8d:6d:24:ed,25.5,53,78,1024
2025-05-04 00:47:01,c4:7c:8d:6d:4e:df,25.0,100,47,4919
2025-05-04 00:47:04,c4:7c:8d:6d:26:c9,25.8,13,249,7
2025-05-04 00:47:07,c4:7c:8d:6d:28:fa,24.4,100,84,3816
2025-05-04 00:47:09,c4:7c:8d:6d:24:ed,25.5,51,0,997
2025-05-04 00:57:33,c4:7c:8d:6d:4e:df,25.0,100,105,4910
2025-05-04 00:57:36,c4:7c:8d:6d:26:c9,25.9,13,163,7
2025-05-04 00:57:39,c4:7c:8d:6d:28:fa,24.6,100,217,3823
2025-05-04 00:57:42,c4:7c:8d:6d:24:ed,25.5,51,94,1003
2025-05-04 01:08:07,c4:7c:8d:6d:4e:df,25.1,100,0,4910
2025-05-04 01:08:10,c4:7c:8d:6d:26:c9,25.8,13,217,7
2025-05-04 01:08:13,c4:7c:8d:6d:28:fa,24.6,100,217,3823
2025-05-04 01:08:16,c4:7c:8d:6d:24:ed,25.5,51,74,1006
2025-05-04 01:18:41,c4:7c:8d:6d:4e:df,25.1,100,105,4910
2025-05-04 01:18:43,c4:7c:8d:6d:26:c9,25.9,13,178,7
2025-05-04 01:18:46,c4:7c:8d:6d:28:fa,24.6,100,236,3782
2025-05-04 01:18:48,c4:7c:8d:6d:24:ed,25.6,51,136,999
2025-05-04 01:29:12,c4:7c:8d:6d:4e:df,25.3,100,0,4901
2025-05-04 01:29:17,c4:7c:8d:6d:26:c9,25.9,13,230,6
2025-05-04 01:29:20,c4:7c:8d:6d:28:fa,24.6,100,84,3863
2025-05-04 01:29:23,c4:7c:8d:6d:24:ed,25.6,53,112,997
2025-05-04 01:39:49,c4:7c:8d:6d:4e:df,25.1,100,8,4901
2025-05-04 01:39:51,c4:7c:8d:6d:26:c9,25.9,13,164,6
2025-05-04 01:39:56,c4:7c:8d:6d:28:fa,24.6,100,202,3809
2025-05-04 01:39:59,c4:7c:8d:6d:24:ed,25.6,51,135,999
2025-05-04 01:50:24,c4:7c:8d:6d:4e:df,25.2,100,0,4901
2025-05-04 01:50:26,c4:7c:8d:6d:26:c9,25.9,13,246,7
2025-05-04 01:50:29,c4:7c:8d:6d:28:fa,24.7,100,84,3722
2025-05-04 01:50:32,c4:7c:8d:6d:24:ed,25.7,52,71,999
2025-05-04 02:00:57,c4:7c:8d:6d:4e:df,25.3,100,105,4883
2025-05-04 02:00:59,c4:7c:8d:6d:26:c9,26.0,13,55,7
2025-05-04 02:01:02,c4:7c:8d:6d:28:fa,24.7,100,233,3768
2025-05-04 02:01:06,c4:7c:8d:6d:24:ed,25.7,51,115,997
2025-05-04 02:11:31,c4:7c:8d:6d:4e:df,25.4,100,4,4874
2025-05-04 02:11:33,c4:7c:8d:6d:26:c9,25.9,13,232,7
2025-05-04 02:11:37,c4:7c:8d:6d:28:fa,24.7,100,236,3722
2025-05-04 02:11:39,c4:7c:8d:6d:24:ed,25.7,52,90,999
2025-05-04 02:22:04,c4:7c:8d:6d:4e:df,25.4,100,68,4892
2025-05-04 02:22:06,c4:7c:8d:6d:26:c9,25.9,13,163,7
2025-05-04 02:22:10,c4:7c:8d:6d:28:fa,24.8,100,121,3722
2025-05-04 02:22:14,c4:7c:8d:6d:24:ed,25.8,51,117,989
2025-05-04 02:32:38,c4:7c:8d:6d:4e:df,25.3,100,48,4874
2025-05-04 02:32:41,c4:7c:8d:6d:26:c9,26.1,13,183,7
2025-05-04 02:32:44,c4:7c:8d:6d:28:fa,24.9,100,217,3722
2025-05-04 02:32:47,c4:7c:8d:6d:24:ed,25.7,52,74,991
2025-05-04 02:43:13,c4:7c:8d:6d:4e:df,25.4,100,87,4865
2025-05-04 02:43:16,c4:7c:8d:6d:26:c9,26.1,13,197,6
2025-05-04 02:43:20,c4:7c:8d:6d:28:fa,24.9,100,203,3709
2025-05-04 02:43:23,c4:7c:8d:6d:24:ed,25.7,51,0,997
2025-05-04 02:53:47,c4:7c:8d:6d:4e:df,25.4,100,86,4874
2025-05-04 02:53:50,c4:7c:8d:6d:26:c9,25.9,13,246,7
2025-05-04 02:53:53,c4:7c:8d:6d:28:fa,24.9,100,84,3748
2025-05-04 02:53:56,c4:7c:8d:6d:24:ed,25.9,51,90,991
2025-05-04 03:04:21,c4:7c:8d:6d:4e:df,25.5,100,105,4874
2025-05-04 03:04:24,c4:7c:8d:6d:26:c9,26.1,13,178,6
2025-05-04 03:04:27,c4:7c:8d:6d:28:fa,24.9,100,217,3709
2025-05-04 03:04:29,c4:7c:8d:6d:24:ed,25.7,51,94,989
2025-05-04 03:14:53,c4:7c:8d:6d:4e:df,25.4,100,66,4874
2025-05-04 03:14:56,c4:7c:8d:6d:26:c9,26.0,13,249,6
2025-05-04 03:15:00,c4:7c:8d:6d:28:fa,24.9,100,84,3668
2025-05-04 03:15:04,c4:7c:8d:6d:24:ed,25.8,51,71,985
2025-05-04 03:25:28,c4:7c:8d:6d:4e:df,25.4,100,110,4874
2025-05-04 03:25:31,c4:7c:8d:6d:26:c9,26.1,13,246,6
2025-05-04 03:25:34,c4:7c:8d:6d:28:fa,24.9,100,236,3709
2025-05-04 03:25:36,c4:7c:8d:6d:24:ed,25.8,51,115,989
2025-05-04 03:36:00,c4:7c:8d:6d:4e:df,25.5,100,105,4874
2025-05-04 03:36:02,c4:7c:8d:6d:26:c9,26.1,13,178,6
2025-05-04 03:36:05,c4:7c:8d:6d:28:fa,24.9,100,121,3709
2025-05-04 03:36:07,c4:7c:8d:6d:24:ed,25.8,51,74,988
2025-05-04 03:46:31,c4:7c:8d:6d:4e:df,25.5,100,81,4874
2025-05-04 03:46:33,c4:7c:8d:6d:26:c9,26.1,13,246,6
2025-05-04 03:46:36,c4:7c:8d:6d:28:fa,24.9,100,217,3709
2025-05-04 03:46:38,c4:7c:8d:6d:24:ed,25.9,51,78,983
2025-05-04 03:57:02,c4:7c:8d:6d:4e:df,25.4,100,125,4874
2025-05-04 03:57:04,c4:7c:8d:6d:26:c9,26.1,13,162,7
2025-05-04 03:57:07,c4:7c:8d:6d:28:fa,24.9,100,84,3709
2025-05-04 03:57:09,c4:7c:8d:6d:24:ed,26.0,51,0,981
2025-05-04 04:07:33,c4:7c:8d:6d:4e:df,25.4,100,0,4883
2025-05-04 04:07:36,c4:7c:8d:6d:26:c9,26.1,13,232,7
2025-05-04 04:07:39,c4:7c:8d:6d:28:fa,24.9,100,217,3668
2025-05-04 04:07:41,c4:7c:8d:6d:24:ed,25.8,51,115,981
2025-05-04 04:18:05,c4:7c:8d:6d:4e:df,25.4,100,0,4865
2025-05-04 04:18:10,c4:7c:8d:6d:24:ed,25.9,51,35,981
2025-05-04 04:28:37,c4:7c:8d:6d:4e:df,25.4,100,0,4865
2025-05-04 04:28:39,c4:7c:8d:6d:26:c9,26.1,13,162,7
2025-05-04 04:28:42,c4:7c:8d:6d:28:fa,25.1,100,84,3702
2025-05-04 04:39:09,c4:7c:8d:6d:4e:df,25.7,100,107,4865
2025-05-04 04:39:13,c4:7c:8d:6d:26:c9,26.3,13,151,6
2025-05-04 04:39:15,c4:7c:8d:6d:28:fa,25.1,100,236,3662
2025-05-04 04:39:18,c4:7c:8d:6d:24:ed,25.9,51,55,981
2025-05-04 04:49:42,c4:7c:8d:6d:4e:df,25.4,100,65,4856
2025-05-04 04:49:44,c4:7c:8d:6d:26:c9,26.2,13,148,6
2025-05-04 04:49:48,c4:7c:8d:6d:28:fa,25.0,100,155,3621
2025-05-04 04:49:50,c4:7c:8d:6d:24:ed,26.0,51,97,983
2025-05-04 05:00:14,c4:7c:8d:6d:4e:df,25.5,100,32,4865
2025-05-04 05:00:16,c4:7c:8d:6d:26:c9,26.3,13,232,6
2025-05-04 05:00:20,c4:7c:8d:6d:28:fa,25.1,100,217,3621
2025-05-04 05:00:22,c4:7c:8d:6d:24:ed,26.0,51,71,986
2025-05-04 05:10:46,c4:7c:8d:6d:4e:df,25.5,100,0,4865
2025-05-04 05:10:48,c4:7c:8d:6d:26:c9,26.1,13,162,7
2025-05-04 05:10:51,c4:7c:8d:6d:28:fa,25.1,100,84,3621
2025-05-04 05:10:54,c4:7c:8d:6d:24:ed,26.0,51,74,983
2025-05-04 05:21:19,c4:7c:8d:6d:26:c9,26.3,13,230,7
2025-05-04 05:21:21,c4:7c:8d:6d:28:fa,25.0,100,234,3581
2025-05-04 05:31:45,c4:7c:8d:6d:4e:df,25.5,100,128,4865
2025-05-04 05:31:47,c4:7c:8d:6d:26:c9,26.3,13,181,7
2025-05-04 05:31:54,c4:7c:8d:6d:28:fa,25.1,100,121,3548
2025-05-04 05:31:56,c4:7c:8d:6d:24:ed,26.0,51,97,983
2025-05-04 05:42:20,c4:7c:8d:6d:4e:df,25.4,100,126,4865
2025-05-04 05:42:23,c4:7c:8d:6d:26:c9,26.3,13,249,7
2025-05-04 05:42:25,c4:7c:8d:6d:28:fa,25.1,100,217,3581
2025-05-04 05:42:28,c4:7c:8d:6d:24:ed,25.9,51,0,979
2025-05-04 05:52:52,c4:7c:8d:6d:4e:df,25.5,100,47,4865
2025-05-04 05:52:55,c4:7c:8d:6d:26:c9,26.1,13,181,7
2025-05-04 05:52:57,c4:7c:8d:6d:28:fa,25.0,100,87,3581
2025-05-04 05:53:00,c4:7c:8d:6d:24:ed,26.0,51,99,975
2025-05-04 06:03:26,c4:7c:8d:6d:4e:df,25.4,100,90,4865
2025-05-04 06:03:34,c4:7c:8d:6d:28:fa,25.1,100,236,3581
2025-05-04 06:03:36,c4:7c:8d:6d:24:ed,25.7,51,74,979
2025-05-04 06:14:00,c4:7c:8d:6d:4e:df,25.4,100,43,4874
2025-05-04 06:14:03,c4:7c:8d:6d:26:c9,26.1,13,230,7
2025-05-04 06:14:06,c4:7c:8d:6d:28:fa,25.1,100,84,3548
2025-05-04 06:14:10,c4:7c:8d:6d:24:ed,25.9,51,0,975
2025-05-04 06:24:34,c4:7c:8d:6d:4e:df,25.4,100,125,4865
2025-05-04 06:24:37,c4:7c:8d:6d:26:c9,26.1,13,230,7
2025-05-04 06:24:39,c4:7c:8d:6d:28:fa,24.9,100,236,3588
2025-05-04 06:24:42,c4:7c:8d:6d:24:ed,25.8,51,94,975
2025-05-04 06:35:06,c4:7c:8d:6d:4e:df,25.6,100,2581,4865
2025-05-04 06:35:10,c4:7c:8d:6d:26:c9,26.1,13,1087,7
2025-05-04 06:35:12,c4:7c:8d:6d:28:fa,25.2,100,1347,3502
2025-05-04 06:45:38,c4:7c:8d:6d:4e:df,26.0,100,2613,4820
2025-05-04 06:45:40,c4:7c:8d:6d:26:c9,26.5,13,1151,7
2025-05-04 06:45:42,c4:7c:8d:6d:28:fa,25.4,100,1472,3516
2025-05-04 06:45:45,c4:7c:8d:6d:24:ed,26.1,51,579,959
2025-05-04 06:56:10,c4:7c:8d:6d:4e:df,26.2,100,2531,4793
2025-05-04 06:56:12,c4:7c:8d:6d:26:c9,26.8,13,1017,7
2025-05-04 06:56:15,c4:7c:8d:6d:28:fa,25.6,100,1331,3548
2025-05-04 06:56:18,c4:7c:8d:6d:24:ed,26.3,51,635,968
2025-05-04 07:06:42,c4:7c:8d:6d:4e:df,26.3,100,2505,4793
2025-05-04 07:06:44,c4:7c:8d:6d:26:c9,26.9,13,1155,7
2025-05-04 07:06:47,c4:7c:8d:6d:28:fa,25.7,100,1503,3496
2025-05-04 07:06:52,c4:7c:8d:6d:24:ed,26.3,51,568,957
2025-05-04 07:17:16,c4:7c:8d:6d:4e:df,26.3,100,2552,4784
2025-05-04 07:17:18,c4:7c:8d:6d:26:c9,27.0,13,1139,7
2025-05-04 07:17:20,c4:7c:8d:6d:28:fa,25.7,100,1300,3496
2025-05-04 07:17:23,c4:7c:8d:6d:24:ed,26.3,51,649,961
2025-05-04 07:27:47,c4:7c:8d:6d:4e:df,26.4,100,2525,4784
2025-05-04 07:27:49,c4:7c:8d:6d:26:c9,26.9,13,1030,7
2025-05-04 07:27:52,c4:7c:8d:6d:28:fa,25.8,100,1476,3542
2025-05-04 07:27:56,c4:7c:8d:6d:24:ed,26.5,51,595,959
2025-05-04 07:38:20,c4:7c:8d:6d:4e:df,26.4,100,126,4793
2025-05-04 07:38:24,c4:7c:8d:6d:26:c9,26.8,13,262,7
2025-05-04 07:38:27,c4:7c:8d:6d:28:fa,25.6,100,84,3588
2025-05-04 07:38:30,c4:7c:8d:6d:24:ed,26.3,51,113,961
2025-05-04 07:48:56,c4:7c:8d:6d:4e:df,25.9,100,9,4811
2025-05-04 07:48:59,c4:7c:8d:6d:26:c9,26.6,13,135,7
2025-05-04 07:49:02,c4:7c:8d:6d:28:fa,25.4,100,217,3568
2025-05-04 07:49:07,c4:7c:8d:6d:24:ed,26.1,52,89,971
2025-05-04 07:59:31,c4:7c:8d:6d:4e:df,25.8,100,105,4838
2025-05-04 07:59:34,c4:7c:8d:6d:26:c9,26.4,13,246,7
2025-05-04 07:59:36,c4:7c:8d:6d:28:fa,25.3,100,121,3522
2025-05-04 07:59:39,c4:7c:8d:6d:24:ed,26.1,51,58,968
2025-05-04 08:10:04,c4:7c:8d:6d:4e:df,25.8,100,82,4847
2025-05-04 08:10:06,c4:7c:8d:6d:26:c9,26.3,13,148,7
2025-05-04 08:10:09,c4:7c:8d:6d:28:fa,25.3,100,217,3535
2025-05-04 08:10:12,c4:7c:8d:6d:24:ed,26.0,51,132,975
2025-05-04 08:20:38,c4:7c:8d:6d:4e:df,25.8,100,128,4847
2025-05-04 08:20:42,c4:7c:8d:6d:26:c9,26.2,13,232,7
2025-05-04 08:20:44,c4:7c:8d:6d:28:fa,25.1,100,68,3449
2025-05-04 08:20:48,c4:7c:8d:6d:24:ed,26.1,51,135,970
2025-05-04 08:31:13,c4:7c:8d:6d:4e:df,25.5,100,48,4865
2025-05-04 08:31:16,c4:7c:8d:6d:26:c9,26.2,13,181,9
2025-05-04 08:31:19,c4:7c:8d:6d:28:fa,25.2,100,217,3502
2025-05-04 08:31:24,c4:7c:8d:6d:24:ed,25.8,51,90,975
2025-05-04 08:41:48,c4:7c:8d:6d:4e:df,25.5,100,90,4856
2025-05-04 08:41:51,c4:7c:8d:6d:26:c9,26.3,13,249,7
2025-05-04 08:41:53,c4:7c:8d:6d:28:fa,25.2,100,121,3502
2025-05-04 08:41:57,c4:7c:8d:6d:24:ed,25.9,51,94,963
2025-05-04 08:52:21,c4:7c:8d:6d:4e:df,25.8,100,47,4856
2025-05-04 08:52:24,c4:7c:8d:6d:26:c9,26.2,13,181,7
2025-05-04 08:52:26,c4:7c:8d:6d:28:fa,25.2,100,267,3410
2025-05-04 08:52:29,c4:7c:8d:6d:24:ed,25.9,51,0,970
2025-05-04 09:02:52,c4:7c:8d:6d:4e:df,25.7,100,89,4856
2025-05-04 09:02:55,c4:7c:8d:6d:26:c9,26.1,13,217,7
2025-05-04 09:02:57,c4:7c:8d:6d:28:fa,25.2,100,155,3455
2025-05-04 09:03:01,c4:7c:8d:6d:24:ed,25.9,51,118,970
2025-05-04 09:13:26,c4:7c:8d:6d:4e:df,25.8,100,126,4847
2025-05-04 09:13:29,c4:7c:8d:6d:26:c9,26.2,13,178,7
2025-05-04 09:13:32,c4:7c:8d:6d:28:fa,25.5,100,248,3391
2025-05-04 09:13:36,c4:7c:8d:6d:24:ed,26.1,51,90,963
2025-05-04 09:24:00,c4:7c:8d:6d:4e:df,25.9,100,86,4838
2025-05-04 09:24:03,c4:7c:8d:6d:26:c9,26.5,13,264,7
2025-05-04 09:24:06,c4:7c:8d:6d:28:fa,25.6,100,155,3351
2025-05-04 09:24:11,c4:7c:8d:6d:24:ed,26.3,51,134,950
2025-05-04 09:34:40,c4:7c:8d:6d:4e:df,26.0,100,105,4820
2025-05-04 09:34:43,c4:7c:8d:6d:26:c9,26.9,13,249,7
2025-05-04 09:34:45,c4:7c:8d:6d:28:fa,25.8,100,236,3345
2025-05-04 09:34:48,c4:7c:8d:6d:24:ed,26.5,51,94,950
2025-05-04 09:45:12,c4:7c:8d:6d:4e:df,26.2,100,126,4802
2025-05-04 09:45:14,c4:7c:8d:6d:26:c9,27.1,13,211,6
2025-05-04 09:45:19,c4:7c:8d:6d:28:fa,25.8,100,121,3339
2025-05-04 09:45:22,c4:7c:8d:6d:24:ed,26.7,51,132,948
2025-05-04 09:55:47,c4:7c:8d:6d:4e:df,26.3,100,81,4793
2025-05-04 09:55:49,c4:7c:8d:6d:26:c9,27.3,13,246,7
2025-05-04 09:55:52,c4:7c:8d:6d:28:fa,25.9,100,217,3299
2025-05-04 09:55:56,c4:7c:8d:6d:24:ed,26.8,51,97,950
2025-05-04 10:06:22,c4:7c:8d:6d:4e:df,26.3,100,123,4784
2025-05-04 10:06:26,c4:7c:8d:6d:26:c9,27.3,13,177,7
2025-05-04 10:06:29,c4:7c:8d:6d:28:fa,25.8,100,220,3326
2025-05-04 10:06:32,c4:7c:8d:6d:24:ed,26.9,51,73,944
2025-05-04 10:16:55,c4:7c:8d:6d:4e:df,26.3,100,63,4784
2025-05-04 10:16:58,c4:7c:8d:6d:26:c9,27.3,13,232,6
2025-05-04 10:17:02,c4:7c:8d:6d:28:fa,26.0,100,121,3326
2025-05-04 10:17:06,c4:7c:8d:6d:24:ed,26.9,51,56,950
2025-05-04 10:27:29,c4:7c:8d:6d:4e:df,26.5,100,0,4811
2025-05-04 10:27:32,c4:7c:8d:6d:26:c9,27.2,13,261,7
2025-05-04 10:27:35,c4:7c:8d:6d:28:fa,26.0,100,248,3332
2025-05-04 10:27:38,c4:7c:8d:6d:24:ed,26.8,51,94,950
2025-05-04 10:38:01,c4:7c:8d:6d:4e:df,26.0,100,126,4811
2025-05-04 10:38:05,c4:7c:8d:6d:26:c9,26.6,13,148,7
2025-05-04 10:38:07,c4:7c:8d:6d:28:fa,25.4,100,140,3357
2025-05-04 10:38:10,c4:7c:8d:6d:24:ed,26.3,51,115,952
2025-05-04 10:48:33,c4:7c:8d:6d:4e:df,26.0,100,61,4820
2025-05-04 10:48:36,c4:7c:8d:6d:26:c9,26.7,13,248,7
2025-05-04 10:48:40,c4:7c:8d:6d:28:fa,25.3,100,217,3364
2025-05-04 10:48:45,c4:7c:8d:6d:24:ed,26.3,51,71,955
2025-05-04 10:59:08,c4:7c:8d:6d:4e:df,26.0,100,48,4820
2025-05-04 10:59:12,c4:7c:8d:6d:26:c9,26.5,13,163,7
2025-05-04 10:59:15,c4:7c:8d:6d:28:fa,25.3,99,140,3291
2025-05-04 10:59:20,c4:7c:8d:6d:24:ed,26.2,51,94,957
2025-05-04 11:09:43,c4:7c:8d:6d:4e:df,25.9,100,86,4811
2025-05-04 11:09:46,c4:7c:8d:6d:26:c9,26.5,13,246,6
2025-05-04 11:09:48,c4:7c:8d:6d:28:fa,25.3,99,248,3285
2025-05-04 11:09:51,c4:7c:8d:6d:24:ed,26.2,51,74,959
2025-05-04 11:20:14,c4:7c:8d:6d:4e:df,26.0,100,50,4829
2025-05-04 11:20:18,c4:7c:8d:6d:26:c9,26.5,13,179,7
2025-05-04 11:20:21,c4:7c:8d:6d:28:fa,25.3,99,121,3285
2025-05-04 11:20:24,c4:7c:8d:6d:24:ed,26.2,51,97,950
2025-05-04 11:30:47,c4:7c:8d:6d:4e:df,26.1,100,61,4820
2025-05-04 11:30:50,c4:7c:8d:6d:26:c9,26.5,13,249,7
2025-05-04 11:30:53,c4:7c:8d:6d:28:fa,25.3,99,248,3291
2025-05-04 11:30:56,c4:7c:8d:6d:24:ed,26.1,51,0,957
2025-05-04 11:41:19,c4:7c:8d:6d:4e:df,26.0,100,69,4820
2025-05-04 11:41:22,c4:7c:8d:6d:26:c9,26.5,13,146,7
2025-05-04 11:41:24,c4:7c:8d:6d:28:fa,25.3,99,84,3242
2025-05-04 11:41:27,c4:7c:8d:6d:24:ed,26.2,51,117,959
2025-05-04 11:51:50,c4:7c:8d:6d:4e:df,26.0,100,66,4820
2025-05-04 11:51:53,c4:7c:8d:6d:26:c9,26.5,13,230,7
2025-05-04 11:51:55,c4:7c:8d:6d:28:fa,25.3,99,217,3266
2025-05-04 11:51:58,c4:7c:8d:6d:24:ed,26.2,51,112,952
2025-05-04 12:02:22,c4:7c:8d:6d:4e:df,26.0,100,108,4820
2025-05-04 12:02:25,c4:7c:8d:6d:26:c9,26.5,13,162,7
2025-05-04 12:02:27,c4:7c:8d:6d:28:fa,25.3,98,121,3266
2025-05-04 12:02:31,c4:7c:8d:6d:24:ed,26.2,51,113,954
2025-05-04 12:12:55,c4:7c:8d:6d:4e:df,26.0,100,102,4829
2025-05-04 12:12:58,c4:7c:8d:6d:26:c9,26.5,13,249,7
2025-05-04 12:13:00,c4:7c:8d:6d:28:fa,25.2,98,248,3242
2025-05-04 12:13:03,c4:7c:8d:6d:24:ed,26.1,51,53,948
2025-05-04 12:23:26,c4:7c:8d:6d:4e:df,25.9,100,105,4829
2025-05-04 12:23:33,c4:7c:8d:6d:28:fa,25.3,98,105,3242
2025-05-04 12:23:36,c4:7c:8d:6d:24:ed,26.1,51,78,954
2025-05-04 12:33:59,c4:7c:8d:6d:4e:df,26.0,100,43,4829
2025-05-04 12:34:03,c4:7c:8d:6d:26:c9,26.5,13,178,7
2025-05-04 12:34:05,c4:7c:8d:6d:28:fa,25.2,98,217,3242
2025-05-04 12:34:08,c4:7c:8d:6d:24:ed,26.1,51,69,950
2025-05-04 12:44:31,c4:7c:8d:6d:4e:df,25.9,100,0,4838
2025-05-04 12:44:35,c4:7c:8d:6d:26:c9,26.3,13,230,7
2025-05-04 12:44:38,c4:7c:8d:6d:28:fa,25.2,98,68,3230
2025-05-04 12:44:41,c4:7c:8d:6d:24:ed,26.1,51,135,950
2025-05-04 12:55:04,c4:7c:8d:6d:4e:df,25.9,100,66,4779
2025-05-04 12:55:07,c4:7c:8d:6d:26:c9,26.5,13,162,7
2025-05-04 12:55:10,c4:7c:8d:6d:28:fa,25.2,98,217,3248
2025-05-04 12:55:13,c4:7c:8d:6d:24:ed,26.0,51,94,942
2025-05-04 13:05:36,c4:7c:8d:6d:4e:df,25.9,100,84,4829
2025-05-04 13:05:39,c4:7c:8d:6d:26:c9,26.4,13,182,9
2025-05-04 13:05:43,c4:7c:8d:6d:28:fa,25.2,98,84,3242
2025-05-04 13:05:47,c4:7c:8d:6d:24:ed,26.0,50,19,950
2025-05-04 13:16:10,c4:7c:8d:6d:4e:df,25.9,100,0,4829
2025-05-04 13:16:23,c4:7c:8d:6d:26:c9,26.4,13,249,7
2025-05-04 13:16:27,c4:7c:8d:6d:28:fa,25.2,98,248,3242
2025-05-04 13:16:31,c4:7c:8d:6d:24:ed,26.0,51,94,942
2025-05-04 13:26:54,c4:7c:8d:6d:4e:df,25.8,100,11,4838
2025-05-04 13:26:57,c4:7c:8d:6d:26:c9,26.3,13,232,7
2025-05-04 13:27:00,c4:7c:8d:6d:28:fa,25.2,98,140,3206
2025-05-04 13:27:03,c4:7c:8d:6d:24:ed,26.0,50,0,948
2025-05-04 13:37:26,c4:7c:8d:6d:4e:df,25.9,100,104,4829
2025-05-04 13:37:28,c4:7c:8d:6d:26:c9,26.3,13,97,7
2025-05-04 13:37:31,c4:7c:8d:6d:28:fa,25.2,98,217,3206
2025-05-04 13:37:34,c4:7c:8d:6d:24:ed,26.0,50,74,938
2025-05-04 13:47:57,c4:7c:8d:6d:4e:df,25.8,100,61,4829
2025-05-04 13:47:59,c4:7c:8d:6d:26:c9,26.3,13,246,7
2025-05-04 13:48:02,c4:7c:8d:6d:28:fa,25.2,98,105,3152
2025-05-04 13:48:05,c4:7c:8d:6d:24:ed,26.0,50,58,942
2025-05-04 13:58:29,c4:7c:8d:6d:4e:df,25.8,100,143,4838
2025-05-04 13:58:32,c4:7c:8d:6d:26:c9,26.3,13,178,7
2025-05-04 13:58:35,c4:7c:8d:6d:28:fa,25.1,98,217,3206
2025-05-04 13:58:40,c4:7c:8d:6d:24:ed,26.0,50,115,944
2025-05-04 14:09:03,c4:7c:8d:6d:4e:df,25.8,100,26,4838
2025-05-04 14:09:05,c4:7c:8d:6d:26:c9,26.3,13,232,7
2025-05-04 14:09:08,c4:7c:8d:6d:28:fa,25.1,98,84,3206
2025-05-04 14:09:11,c4:7c:8d:6d:24:ed,26.0,51,90,939
2025-05-04 14:19:34,c4:7c:8d:6d:4e:df,25.8,100,86,4788
2025-05-04 14:19:36,c4:7c:8d:6d:26:c9,26.4,13,146,7
2025-05-04 14:19:39,c4:7c:8d:6d:28:fa,25.2,98,217,3182
2025-05-04 14:19:42,c4:7c:8d:6d:24:ed,26.1,50,134,941
2025-05-04 14:30:05,c4:7c:8d:6d:4e:df,25.8,100,65,4838
2025-05-04 14:30:07,c4:7c:8d:6d:26:c9,26.3,13,230,7
2025-05-04 14:30:11,c4:7c:8d:6d:28:fa,25.1,98,87,3158
2025-05-04 14:30:15,c4:7c:8d:6d:24:ed,26.0,51,92,939
2025-05-04 14:40:38,c4:7c:8d:6d:4e:df,25.8,100,105,4797
2025-05-04 14:40:42,c4:7c:8d:6d:26:c9,26.3,13,230,7
2025-05-04 14:40:45,c4:7c:8d:6d:28:fa,25.1,98,217,3182
2025-05-04 14:40:48,c4:7c:8d:6d:24:ed,25.9,50,115,934
2025-05-04 14:51:11,c4:7c:8d:6d:4e:df,25.7,100,66,4775
2025-05-04 14:51:14,c4:7c:8d:6d:26:c9,26.3,13,163,7
2025-05-04 14:51:17,c4:7c:8d:6d:28:fa,25.1,98,84,3158
2025-05-04 14:51:20,c4:7c:8d:6d:24:ed,26.0,51,69,937
2025-05-04 15:01:43,c4:7c:8d:6d:4e:df,25.8,100,126,4695
2025-05-04 15:01:46,c4:7c:8d:6d:26:c9,26.3,13,246,7
2025-05-04 15:01:49,c4:7c:8d:6d:28:fa,25.0,97,217,3158
2025-05-04 15:01:54,c4:7c:8d:6d:24:ed,25.9,50,134,948
2025-05-04 15:12:17,c4:7c:8d:6d:4e:df,25.8,100,63,4757
2025-05-04 15:12:20,c4:7c:8d:6d:26:c9,26.3,13,232,7
2025-05-04 15:12:23,c4:7c:8d:6d:28:fa,25.1,97,121,3158
2025-05-04 15:12:26,c4:7c:8d:6d:24:ed,25.9,50,94,937
2025-05-04 15:22:49,c4:7c:8d:6d:4e:df,25.7,100,0,4797
2025-05-04 15:22:52,c4:7c:8d:6d:26:c9,26.3,13,181,7
2025-05-04 15:22:55,c4:7c:8d:6d:28:fa,25.1,97,217,3158
2025-05-04 15:22:59,c4:7c:8d:6d:24:ed,25.9,50,115,937
2025-05-04 15:33:24,c4:7c:8d:6d:4e:df,25.7,100,63,4766
2025-05-04 15:33:28,c4:7c:8d:6d:26:c9,26.2,13,232,7
2025-05-04 15:33:31,c4:7c:8d:6d:28:fa,25.0,97,68,3164
2025-05-04 15:33:34,c4:7c:8d:6d:24:ed,26.0,50,90,937
2025-05-04 15:43:57,c4:7c:8d:6d:4e:df,25.7,100,125,4806
2025-05-04 15:44:00,c4:7c:8d:6d:26:c9,26.1,13,197,7
2025-05-04 15:44:03,c4:7c:8d:6d:28:fa,25.1,97,248,3164
2025-05-04 15:44:06,c4:7c:8d:6d:24:ed,25.9,50,117,937
2025-05-04 15:54:29,c4:7c:8d:6d:4e:df,25.6,100,0,4815
2025-05-04 15:54:33,c4:7c:8d:6d:26:c9,26.1,13,230,7
2025-05-04 15:54:36,c4:7c:8d:6d:28:fa,24.9,97,155,3140
2025-05-04 15:54:39,c4:7c:8d:6d:24:ed,25.9,50,74,937
2025-05-04 16:05:02,c4:7c:8d:6d:4e:df,25.7,100,126,4766
2025-05-04 16:05:05,c4:7c:8d:6d:26:c9,26.2,13,178,7
2025-05-04 16:05:08,c4:7c:8d:6d:28:fa,24.9,97,217,3140
2025-05-04 16:05:11,c4:7c:8d:6d:24:ed,25.9,50,76,939
2025-05-04 16:15:35,c4:7c:8d:6d:4e:df,25.6,100,27,4775
2025-05-04 16:15:38,c4:7c:8d:6d:26:c9,26.2,13,215,7
2025-05-04 16:15:41,c4:7c:8d:6d:28:fa,24.9,97,50,3146
2025-05-04 16:15:44,c4:7c:8d:6d:24:ed,25.8,50,19,930
2025-05-04 16:26:07,c4:7c:8d:6d:4e:df,25.8,100,105,4784
2025-05-04 16:26:10,c4:7c:8d:6d:26:c9,26.1,13,146,7
2025-05-04 16:26:13,c4:7c:8d:6d:28:fa,24.9,97,220,3115
2025-05-04 16:26:16,c4:7c:8d:6d:24:ed,25.8,50,95,930
2025-05-04 16:36:39,c4:7c:8d:6d:4e:df,25.7,100,105,4687
2025-05-04 16:36:41,c4:7c:8d:6d:26:c9,26.3,13,232,7
2025-05-04 16:36:44,c4:7c:8d:6d:28:fa,24.9,97,66,3115
2025-05-04 16:36:47,c4:7c:8d:6d:24:ed,25.7,50,78,930
2025-05-04 16:47:10,c4:7c:8d:6d:4e:df,25.8,100,66,4704
2025-05-04 16:47:13,c4:7c:8d:6d:26:c9,26.2,13,164,7
2025-05-04 16:47:17,c4:7c:8d:6d:28:fa,24.9,97,248,3092
2025-05-04 16:47:21,c4:7c:8d:6d:24:ed,25.7,50,74,926
2025-05-04 16:57:45,c4:7c:8d:6d:4e:df,25.6,100,107,4687
2025-05-04 16:57:47,c4:7c:8d:6d:26:c9,26.1,13,232,7
2025-05-04 16:57:50,c4:7c:8d:6d:28:fa,25.0,97,217,3092
2025-05-04 16:57:52,c4:7c:8d:6d:24:ed,25.8,50,99,926
2025-05-04 17:08:17,c4:7c:8d:6d:4e:df,25.8,100,84,4647
2025-05-04 17:08:19,c4:7c:8d:6d:26:c9,26.1,13,182,7
2025-05-04 17:08:22,c4:7c:8d:6d:28:fa,24.9,97,84,3121
2025-05-04 17:08:25,c4:7c:8d:6d:24:ed,25.8,50,74,930
2025-05-04 17:18:48,c4:7c:8d:6d:4e:df,25.6,100,126,4655
2025-05-04 17:18:50,c4:7c:8d:6d:26:c9,26.1,13,214,7
2025-05-04 17:18:53,c4:7c:8d:6d:28:fa,24.9,96,248,3092
2025-05-04 17:29:18,c4:7c:8d:6d:4e:df,25.5,100,0,4735
2025-05-04 17:29:20,c4:7c:8d:6d:26:c9,26.2,13,163,7
2025-05-04 17:29:23,c4:7c:8d:6d:28:fa,24.9,96,121,3073
2025-05-04 17:39:48,c4:7c:8d:6d:4e:df,25.6,100,125,4687
2025-05-04 17:39:51,c4:7c:8d:6d:26:c9,26.0,13,217,7
2025-05-04 17:39:54,c4:7c:8d:6d:28:fa,24.9,96,217,3073
2025-05-04 17:39:57,c4:7c:8d:6d:24:ed,25.8,50,71,926
2025-05-04 17:50:20,c4:7c:8d:6d:4e:df,25.6,100,6,4607
2025-05-04 17:50:23,c4:7c:8d:6d:26:c9,26.1,13,181,7
2025-05-04 17:50:27,c4:7c:8d:6d:28:fa,24.9,96,105,3097
2025-05-04 17:50:32,c4:7c:8d:6d:24:ed,25.7,50,117,924
2025-05-04 18:00:55,c4:7c:8d:6d:4e:df,25.5,100,105,4624
2025-05-04 18:00:58,c4:7c:8d:6d:26:c9,26.1,13,248,7
2025-05-04 18:01:01,c4:7c:8d:6d:28:fa,24.9,96,217,3049
2025-05-04 18:01:04,c4:7c:8d:6d:24:ed,25.7,50,17,926
2025-05-04 18:11:27,c4:7c:8d:6d:4e:df,25.6,100,4,4655
2025-05-04 18:11:30,c4:7c:8d:6d:26:c9,26.0,13,112,7
2025-05-04 18:11:33,c4:7c:8d:6d:28:fa,24.9,96,47,3073
2025-05-04 18:11:35,c4:7c:8d:6d:24:ed,25.7,50,0,924
2025-05-04 18:22:00,c4:7c:8d:6d:4e:df,25.5,100,107,4664
2025-05-04 18:22:03,c4:7c:8d:6d:26:c9,26.0,13,248,7
2025-05-04 18:22:07,c4:7c:8d:6d:28:fa,24.9,96,217,3030
2025-05-04 18:22:10,c4:7c:8d:6d:24:ed,25.7,50,115,924
2025-05-04 18:32:34,c4:7c:8d:6d:4e:df,25.5,100,87,4624
2025-05-04 18:32:37,c4:7c:8d:6d:26:c9,26.1,13,233,7
2025-05-04 18:32:40,c4:7c:8d:6d:28:fa,24.9,95,105,3073
2025-05-04 18:32:42,c4:7c:8d:6d:24:ed,25.7,50,35,928
2025-05-04 18:43:07,c4:7c:8d:6d:4e:df,25.5,100,107,4583
2025-05-04 18:43:09,c4:7c:8d:6d:26:c9,26.1,13,150,7
2025-05-04 18:43:12,c4:7c:8d:6d:28:fa,24.7,95,217,3049
2025-05-04 18:43:14,c4:7c:8d:6d:24:ed,25.7,50,94,919
2025-05-04 18:53:38,c4:7c:8d:6d:4e:df,25.5,100,86,4566
2025-05-04 18:53:40,c4:7c:8d:6d:26:c9,26.1,13,233,9
2025-05-04 18:53:43,c4:7c:8d:6d:28:fa,24.9,95,68,3049
2025-05-04 18:53:45,c4:7c:8d:6d:24:ed,25.7,50,92,924
2025-05-04 19:04:10,c4:7c:8d:6d:4e:df,25.6,100,126,4624
2025-05-04 19:04:12,c4:7c:8d:6d:26:c9,26.1,13,74,7
2025-05-04 19:04:15,c4:7c:8d:6d:28:fa,24.8,95,248,3025
2025-05-04 19:04:17,c4:7c:8d:6d:24:ed,25.7,50,35,916
2025-05-04 19:14:41,c4:7c:8d:6d:4e:df,25.5,100,66,4624
2025-05-04 19:14:43,c4:7c:8d:6d:26:c9,26.1,13,248,7
2025-05-04 19:14:46,c4:7c:8d:6d:28:fa,24.8,95,121,3049
2025-05-04 19:14:48,c4:7c:8d:6d:24:ed,25.5,50,74,919
2025-05-04 19:25:13,c4:7c:8d:6d:4e:df,25.4,100,0,4624
2025-05-04 19:25:16,c4:7c:8d:6d:26:c9,26.0,13,195,7
2025-05-04 19:25:19,c4:7c:8d:6d:28:fa,24.8,95,217,2982
2025-05-04 19:25:21,c4:7c:8d:6d:24:ed,25.7,50,134,919
2025-05-04 19:35:45,c4:7c:8d:6d:4e:df,25.4,100,1269,4592
2025-05-04 19:35:48,c4:7c:8d:6d:26:c9,26.1,13,3147,7
2025-05-04 19:35:51,c4:7c:8d:6d:28:fa,24.6,95,1565,3060
2025-05-04 19:35:54,c4:7c:8d:6d:24:ed,25.5,50,1130,921
2025-05-04 19:46:19,c4:7c:8d:6d:4e:df,25.6,100,1352,4607
2025-05-04 19:46:21,c4:7c:8d:6d:26:c9,26.5,13,3384,9
2025-05-04 19:46:24,c4:7c:8d:6d:28:fa,25.2,95,1835,3014
2025-05-04 19:46:26,c4:7c:8d:6d:24:ed,26.1,50,1322,910
2025-05-04 19:56:50,c4:7c:8d:6d:4e:df,25.8,100,1323,4558
2025-05-04 19:56:53,c4:7c:8d:6d:26:c9,26.6,13,3538,9
2025-05-04 19:56:57,c4:7c:8d:6d:28:fa,25.4,95,1668,2997
2025-05-04 19:57:01,c4:7c:8d:6d:24:ed,26.3,50,1326,902
2025-05-04 20:07:25,c4:7c:8d:6d:4e:df,25.7,100,1444,4558
2025-05-04 20:07:27,c4:7c:8d:6d:26:c9,26.9,13,3615,7
2025-05-04 20:07:31,c4:7c:8d:6d:28:fa,25.4,95,1788,2967
2025-05-04 20:07:33,c4:7c:8d:6d:24:ed,26.3,50,1256,902
2025-05-04 20:17:57,c4:7c:8d:6d:4e:df,25.7,100,1414,4566
2025-05-04 20:17:59,c4:7c:8d:6d:26:c9,26.9,13,3544,7
2025-05-04 20:18:03,c4:7c:8d:6d:28:fa,25.4,95,1595,2997
2025-05-04 20:18:07,c4:7c:8d:6d:24:ed,26.5,50,1330,905
2025-05-04 20:28:32,c4:7c:8d:6d:4e:df,25.7,100,1444,4487
2025-05-04 20:28:34,c4:7c:8d:6d:26:c9,26.9,13,3677,7
2025-05-04 20:28:37,c4:7c:8d:6d:28:fa,25.4,95,1728,2973
2025-05-04 20:28:39,c4:7c:8d:6d:24:ed,26.5,50,1371,908
2025-05-04 20:39:04,c4:7c:8d:6d:4e:df,25.7,100,1457,4439
2025-05-04 20:39:07,c4:7c:8d:6d:26:c9,26.8,13,3581,7
2025-05-04 20:39:10,c4:7c:8d:6d:28:fa,25.4,95,1565,2973
2025-05-04 20:39:12,c4:7c:8d:6d:24:ed,26.4,50,1269,904
2025-05-04 20:49:36,c4:7c:8d:6d:4e:df,25.7,100,1406,4479
2025-05-04 20:49:39,c4:7c:8d:6d:26:c9,26.9,13,3684,7
2025-05-04 20:49:42,c4:7c:8d:6d:28:fa,25.4,95,1639,2973
2025-05-04 20:49:44,c4:7c:8d:6d:24:ed,26.5,50,1358,890
2025-05-04 21:00:09,c4:7c:8d:6d:4e:df,25.7,100,1457,4447
2025-05-04 21:00:14,c4:7c:8d:6d:26:c9,26.8,13,3522,9
2025-05-04 21:00:18,c4:7c:8d:6d:28:fa,25.4,95,1440,2973
2025-05-04 21:00:21,c4:7c:8d:6d:24:ed,26.1,50,1404,901
2025-05-04 21:10:47,c4:7c:8d:6d:26:c9,26.7,13,3733,7
2025-05-04 21:10:51,c4:7c:8d:6d:24:ed,26.2,50,1244,902
2025-05-04 21:21:15,c4:7c:8d:6d:4e:df,25.9,100,1414,4320
2025-05-04 21:21:18,c4:7c:8d:6d:26:c9,27.1,13,3673,7
2025-05-04 21:21:21,c4:7c:8d:6d:28:fa,25.6,95,1487,2938
2025-05-04 21:21:23,c4:7c:8d:6d:24:ed,26.7,50,1387,895
2025-05-04 21:31:47,c4:7c:8d:6d:4e:df,25.2,100,126,4901
2025-05-04 21:31:50,c4:7c:8d:6d:26:c9,26.6,13,186,7
2025-05-04 21:31:53,c4:7c:8d:6d:28:fa,24.5,100,87,3090
2025-05-04 21:31:56,c4:7c:8d:6d:24:ed,26.0,62,0,981
2025-05-04 21:42:21,c4:7c:8d:6d:4e:df,24.9,100,107,4910
2025-05-04 21:42:23,c4:7c:8d:6d:26:c9,26.3,13,162,7
2025-05-04 21:42:26,c4:7c:8d:6d:28:fa,24.1,100,217,3363
2025-05-04 21:42:29,c4:7c:8d:6d:24:ed,25.7,61,115,1071
2025-05-04 21:52:54,c4:7c:8d:6d:4e:df,25.1,100,84,4901
2025-05-04 21:52:57,c4:7c:8d:6d:26:c9,26.3,13,248,9
2025-05-04 21:53:00,c4:7c:8d:6d:28:fa,24.2,100,217,3485
2025-05-04 21:53:02,c4:7c:8d:6d:24:ed,25.7,61,90,1094
2025-05-04 22:03:26,c4:7c:8d:6d:4e:df,25.3,100,126,4892
2025-05-04 22:03:30,c4:7c:8d:6d:26:c9,26.3,13,152,7
2025-05-04 22:03:42,c4:7c:8d:6d:28:fa,24.4,100,121,3634
2025-05-04 22:03:44,c4:7c:8d:6d:24:ed,25.8,60,99,1118
2025-05-04 22:14:07,c4:7c:8d:6d:4e:df,25.4,100,63,4874
2025-05-04 22:14:11,c4:7c:8d:6d:26:c9,26.3,13,214,7
2025-05-04 22:14:14,c4:7c:8d:6d:28:fa,24.4,100,217,3668
2025-05-04 22:14:17,c4:7c:8d:6d:24:ed,26.0,60,52,1114
2025-05-04 22:24:43,c4:7c:8d:6d:4e:df,25.5,100,107,4865
2025-05-04 22:24:45,c4:7c:8d:6d:26:c9,26.5,13,178,7
2025-05-04 22:24:49,c4:7c:8d:6d:28:fa,24.6,100,217,3688
2025-05-04 22:24:53,c4:7c:8d:6d:24:ed,26.1,60,117,1129
2025-05-04 22:35:19,c4:7c:8d:6d:4e:df,25.7,100,0,4865
2025-05-04 22:35:21,c4:7c:8d:6d:26:c9,26.6,13,246,7
2025-05-04 22:35:24,c4:7c:8d:6d:28:fa,24.6,100,68,3736
2025-05-04 22:35:26,c4:7c:8d:6d:24:ed,26.1,60,135,1120
2025-05-04 22:45:49,c4:7c:8d:6d:4e:df,25.8,100,128,4847
2025-05-04 22:45:52,c4:7c:8d:6d:26:c9,26.6,13,183,7
2025-05-04 22:45:56,c4:7c:8d:6d:28:fa,24.6,100,248,3722
2025-05-04 22:46:00,c4:7c:8d:6d:24:ed,26.1,60,71,1129
2025-05-04 22:56:24,c4:7c:8d:6d:4e:df,25.7,100,82,4847
2025-05-04 22:56:26,c4:7c:8d:6d:26:c9,26.7,13,232,7
2025-05-04 22:56:29,c4:7c:8d:6d:28:fa,24.7,100,203,3682
2025-05-04 22:56:32,c4:7c:8d:6d:24:ed,26.2,60,115,1116
2025-05-04 23:06:58,c4:7c:8d:6d:4e:df,25.8,100,126,4838
2025-05-04 23:07:00,c4:7c:8d:6d:26:c9,26.7,13,162,7
2025-05-04 23:07:04,c4:7c:8d:6d:28:fa,24.9,100,217,3722
2025-05-04 23:07:06,c4:7c:8d:6d:24:ed,26.2,60,34,1133
2025-05-04 23:17:30,c4:7c:8d:6d:4e:df,25.8,100,0,4838
2025-05-04 23:17:33,c4:7c:8d:6d:26:c9,26.6,13,215,7
2025-05-04 23:17:37,c4:7c:8d:6d:28:fa,24.6,100,84,3795
2025-05-04 23:28:02,c4:7c:8d:6d:4e:df,25.7,100,128,4838
2025-05-04 23:28:04,c4:7c:8d:6d:26:c9,26.6,13,163,7
2025-05-04 23:28:08,c4:7c:8d:6d:28:fa,25.0,100,217,3709
2025-05-04 23:28:10,c4:7c:8d:6d:24:ed,26.3,58,94,1133
2025-05-04 23:38:35,c4:7c:8d:6d:4e:df,25.8,100,107,4838
2025-05-04 23:38:38,c4:7c:8d:6d:26:c9,26.6,13,246,7
2025-05-04 23:38:41,c4:7c:8d:6d:28:fa,24.9,100,126,3795
2025-05-04 23:38:43,c4:7c:8d:6d:24:ed,26.3,58,39,1133
2025-05-04 23:49:07,c4:7c:8d:6d:4e:df,25.6,100,61,4856
2025-05-04 23:49:10,c4:7c:8d:6d:26:c9,26.4,13,181,9
2025-05-04 23:49:13,c4:7c:8d:6d:28:fa,25.1,100,217,3734
2025-05-04 23:49:17,c4:7c:8d:6d:24:ed,26.3,59,132,1141
2025-05-04 23:59:42,c4:7c:8d:6d:4e:df,25.4,100,126,4865
2025-05-04 23:59:45,c4:7c:8d:6d:26:c9,26.1,13,248,7
2025-05-04 23:59:47,c4:7c:8d:6d:28:fa,25.3,100,121,3720
2025-05-04 23:59:50,c4:7c:8d:6d:24:ed,26.2,58,90,1143
2025-05-05 00:10:13,c4:7c:8d:6d:4e:df,25.4,100,29,4865
2025-05-05 00:10:17,c4:7c:8d:6d:26:c9,26.1,13,162,9
2025-05-05 00:10:21,c4:7c:8d:6d:28:fa,25.3,100,217,3727
2025-05-05 00:10:25,c4:7c:8d:6d:24:ed,26.1,58,117,1154
2025-05-05 00:20:48,c4:7c:8d:6d:4e:df,25.4,100,69,4865
2025-05-05 00:20:52,c4:7c:8d:6d:26:c9,26.0,13,233,7
2025-05-05 00:20:55,c4:7c:8d:6d:28:fa,25.1,100,84,3727
2025-05-05 00:21:00,c4:7c:8d:6d:24:ed,26.0,58,112,1154
2025-05-05 00:31:24,c4:7c:8d:6d:4e:df,25.3,100,27,4874
2025-05-05 00:31:27,c4:7c:8d:6d:26:c9,26.0,13,233,9
2025-05-05 00:31:30,c4:7c:8d:6d:28:fa,25.1,100,248,3695
2025-05-05 00:31:35,c4:7c:8d:6d:24:ed,26.0,58,117,1141
2025-05-05 00:41:59,c4:7c:8d:6d:4e:df,25.3,100,125,4892
2025-05-05 00:42:02,c4:7c:8d:6d:26:c9,26.0,13,230,7
2025-05-05 00:42:04,c4:7c:8d:6d:28:fa,25.2,100,121,3688
2025-05-05 00:42:07,c4:7c:8d:6d:24:ed,26.1,58,94,1139
2025-05-05 00:52:30,c4:7c:8d:6d:4e:df,25.4,100,26,4883
2025-05-05 00:52:33,c4:7c:8d:6d:26:c9,26.0,13,162,7
2025-05-05 00:52:35,c4:7c:8d:6d:28:fa,25.1,100,217,3734
2025-05-05 00:52:38,c4:7c:8d:6d:24:ed,25.9,58,35,1150
2025-05-05 01:03:01,c4:7c:8d:6d:4e:df,25.3,100,128,4892
2025-05-05 01:03:04,c4:7c:8d:6d:26:c9,26.0,13,233,7
2025-05-05 01:03:06,c4:7c:8d:6d:28:fa,25.1,100,121,3741
2025-05-05 01:03:09,c4:7c:8d:6d:24:ed,25.8,58,134,1139
2025-05-05 01:13:32,c4:7c:8d:6d:4e:df,25.2,100,48,4901
2025-05-05 01:13:35,c4:7c:8d:6d:26:c9,25.8,13,148,7
2025-05-05 01:13:37,c4:7c:8d:6d:28:fa,25.2,100,217,3702
2025-05-05 01:13:40,c4:7c:8d:6d:24:ed,25.9,58,55,1125
2025-05-05 01:24:03,c4:7c:8d:6d:4e:df,25.3,100,128,4892
2025-05-05 01:24:06,c4:7c:8d:6d:26:c9,26.0,14,182,7
2025-05-05 01:24:08,c4:7c:8d:6d:28:fa,25.2,100,68,3741
2025-05-05 01:24:12,c4:7c:8d:6d:24:ed,25.9,58,117,1135
2025-05-05 01:34:37,c4:7c:8d:6d:4e:df,25.3,100,61,4892
2025-05-05 01:34:40,c4:7c:8d:6d:26:c9,25.7,13,162,7
2025-05-05 01:34:42,c4:7c:8d:6d:28:fa,25.1,100,248,3655
2025-05-05 01:34:45,c4:7c:8d:6d:24:ed,25.7,58,90,1133
2025-05-05 01:45:09,c4:7c:8d:6d:4e:df,25.4,100,107,4883
2025-05-05 01:45:12,c4:7c:8d:6d:26:c9,25.8,13,233,7
2025-05-05 01:45:15,c4:7c:8d:6d:28:fa,25.1,100,105,3702
2025-05-05 01:45:18,c4:7c:8d:6d:24:ed,25.7,57,118,1135
2025-05-05 01:55:42,c4:7c:8d:6d:4e:df,25.2,100,86,4883
2025-05-05 01:55:45,c4:7c:8d:6d:26:c9,25.7,13,179,7
2025-05-05 01:55:48,c4:7c:8d:6d:28:fa,25.1,100,234,3702
2025-05-05 01:55:51,c4:7c:8d:6d:24:ed,25.7,57,39,1127
2025-05-05 02:06:15,c4:7c:8d:6d:4e:df,25.2,100,69,4892
2025-05-05 02:06:18,c4:7c:8d:6d:26:c9,25.7,13,215,7
2025-05-05 02:06:23,c4:7c:8d:6d:28:fa,25.2,100,84,3662
2025-05-05 02:06:27,c4:7c:8d:6d:24:ed,25.8,57,0,1129
2025-05-05 02:16:50,c4:7c:8d:6d:4e:df,25.3,100,81,4883
2025-05-05 02:16:53,c4:7c:8d:6d:26:c9,26.0,13,249,9
2025-05-05 02:16:56,c4:7c:8d:6d:28:fa,24.9,100,248,3709
2025-05-05 02:16:59,c4:7c:8d:6d:24:ed,25.7,57,16,1129
2025-05-05 02:27:22,c4:7c:8d:6d:4e:df,25.5,100,90,4865
2025-05-05 02:27:25,c4:7c:8d:6d:26:c9,25.9,13,164,9
2025-05-05 02:27:29,c4:7c:8d:6d:28:fa,24.9,100,121,3715
2025-05-05 02:27:34,c4:7c:8d:6d:24:ed,25.7,57,135,1129
2025-05-05 02:37:57,c4:7c:8d:6d:4e:df,25.5,100,84,4856
2025-05-05 02:38:00,c4:7c:8d:6d:26:c9,25.9,13,248,7
2025-05-05 02:38:02,c4:7c:8d:6d:28:fa,24.8,100,248,3641
2025-05-05 02:38:05,c4:7c:8d:6d:24:ed,25.5,57,74,1110
2025-05-05 02:48:28,c4:7c:8d:6d:4e:df,25.5,100,65,4856
2025-05-05 02:48:32,c4:7c:8d:6d:26:c9,25.8,13,148,7
2025-05-05 02:48:34,c4:7c:8d:6d:28:fa,24.9,100,84,3675
2025-05-05 02:48:37,c4:7c:8d:6d:24:ed,25.5,56,58,1138
2025-05-05 02:59:01,c4:7c:8d:6d:4e:df,25.5,100,29,4865
2025-05-05 02:59:04,c4:7c:8d:6d:26:c9,25.8,13,249,7
2025-05-05 02:59:06,c4:7c:8d:6d:28:fa,24.8,100,217,3682
2025-05-05 02:59:09,c4:7c:8d:6d:24:ed,25.6,56,135,1131
2025-05-05 03:09:32,c4:7c:8d:6d:4e:df,25.5,100,86,4865
2025-05-05 03:09:35,c4:7c:8d:6d:26:c9,25.7,13,163,7
2025-05-05 03:09:38,c4:7c:8d:6d:28:fa,24.7,100,121,3675
2025-05-05 03:09:42,c4:7c:8d:6d:24:ed,25.5,57,90,1133
2025-05-05 03:20:06,c4:7c:8d:6d:4e:df,25.4,100,105,4865
2025-05-05 03:20:09,c4:7c:8d:6d:26:c9,25.8,13,248,7
2025-05-05 03:20:11,c4:7c:8d:6d:28:fa,24.9,100,217,3635
2025-05-05 03:20:14,c4:7c:8d:6d:24:ed,25.6,56,17,1131
2025-05-05 03:30:38,c4:7c:8d:6d:4e:df,25.5,100,86,4865
2025-05-05 03:30:41,c4:7c:8d:6d:26:c9,25.8,13,163,7
2025-05-05 03:30:43,c4:7c:8d:6d:28:fa,24.9,100,105,3635
2025-05-05 03:30:46,c4:7c:8d:6d:24:ed,25.5,57,115,1120
2025-05-05 03:41:09,c4:7c:8d:6d:4e:df,25.4,100,105,4865
2025-05-05 03:41:12,c4:7c:8d:6d:26:c9,25.7,13,234,9
2025-05-05 03:41:15,c4:7c:8d:6d:28:fa,24.9,100,217,3635
2025-05-05 03:41:20,c4:7c:8d:6d:24:ed,25.5,56,53,1133
2025-05-05 03:51:43,c4:7c:8d:6d:4e:df,25.5,100,86,4865
2025-05-05 03:51:46,c4:7c:8d:6d:26:c9,25.7,13,265,7
2025-05-05 03:51:49,c4:7c:8d:6d:28:fa,24.8,100,84,3588
2025-05-05 03:51:54,c4:7c:8d:6d:24:ed,25.5,56,35,1133
2025-05-05 04:02:18,c4:7c:8d:6d:4e:df,25.5,100,68,4865
2025-05-05 04:02:21,c4:7c:8d:6d:26:c9,25.7,13,233,7
2025-05-05 04:02:25,c4:7c:8d:6d:28:fa,24.8,100,250,3641
2025-05-05 04:02:30,c4:7c:8d:6d:24:ed,25.4,56,115,1124
2025-05-05 04:12:53,c4:7c:8d:6d:4e:df,25.5,100,82,4865
2025-05-05 04:12:56,c4:7c:8d:6d:26:c9,25.7,13,215,9
2025-05-05 04:13:01,c4:7c:8d:6d:28:fa,24.8,100,84,3594
2025-05-05 04:13:05,c4:7c:8d:6d:24:ed,25.4,56,37,1128
2025-05-05 04:23:28,c4:7c:8d:6d:4e:df,25.5,100,87,4865
2025-05-05 04:23:31,c4:7c:8d:6d:26:c9,25.5,14,248,7
2025-05-05 04:23:41,c4:7c:8d:6d:28:fa,24.8,100,220,3594
2025-05-05 04:23:44,c4:7c:8d:6d:24:ed,25.3,56,95,1128
2025-05-05 04:34:09,c4:7c:8d:6d:4e:df,25.4,100,63,4865
2025-05-05 04:34:12,c4:7c:8d:6d:26:c9,25.5,13,198,9
2025-05-05 04:34:15,c4:7c:8d:6d:28:fa,24.9,100,105,3594
2025-05-05 04:34:20,c4:7c:8d:6d:24:ed,25.3,56,69,1137
2025-05-05 04:44:44,c4:7c:8d:6d:4e:df,25.4,100,90,4874
2025-05-05 04:44:46,c4:7c:8d:6d:26:c9,25.5,13,215,7
2025-05-05 04:44:49,c4:7c:8d:6d:28:fa,24.8,100,217,3555
2025-05-05 04:44:52,c4:7c:8d:6d:24:ed,25.5,56,0,1137
2025-05-05 04:55:16,c4:7c:8d:6d:4e:df,25.3,100,66,4883
2025-05-05 04:55:18,c4:7c:8d:6d:26:c9,25.6,13,182,7
2025-05-05 04:55:21,c4:7c:8d:6d:28:fa,24.8,100,121,3607
2025-05-05 04:55:24,c4:7c:8d:6d:24:ed,25.3,56,136,1137
2025-05-05 05:05:48,c4:7c:8d:6d:4e:df,25.4,100,125,4874
2025-05-05 05:05:51,c4:7c:8d:6d:26:c9,25.6,13,248,7
2025-05-05 05:05:54,c4:7c:8d:6d:28:fa,24.8,100,236,3568
2025-05-05 05:05:57,c4:7c:8d:6d:24:ed,25.3,56,35,1128
2025-05-05 05:16:21,c4:7c:8d:6d:4e:df,25.3,100,43,4883
2025-05-05 05:16:23,c4:7c:8d:6d:26:c9,25.6,13,148,7
2025-05-05 05:16:26,c4:7c:8d:6d:28:fa,24.6,100,84,3568
2025-05-05 05:16:29,c4:7c:8d:6d:24:ed,25.3,56,94,1131
2025-05-05 05:26:53,c4:7c:8d:6d:4e:df,25.4,100,108,4892
2025-05-05 05:26:56,c4:7c:8d:6d:26:c9,25.5,14,233,7
2025-05-05 05:26:59,c4:7c:8d:6d:28:fa,24.6,100,217,3568
2025-05-05 05:27:02,c4:7c:8d:6d:24:ed,25.2,56,95,1119
2025-05-05 05:37:25,c4:7c:8d:6d:4e:df,25.3,100,0,4874
2025-05-05 05:37:28,c4:7c:8d:6d:26:c9,25.5,14,179,9
2025-05-05 05:37:30,c4:7c:8d:6d:28:fa,24.6,100,105,3574
2025-05-05 05:37:33,c4:7c:8d:6d:24:ed,25.2,56,71,1128
2025-05-05 05:47:56,c4:7c:8d:6d:4e:df,25.2,100,0,4901
2025-05-05 05:47:59,c4:7c:8d:6d:26:c9,25.4,13,250,7
2025-05-05 05:48:02,c4:7c:8d:6d:28:fa,24.6,100,217,3574
2025-05-05 05:48:07,c4:7c:8d:6d:24:ed,25.2,56,136,1123
2025-05-05 05:58:31,c4:7c:8d:6d:4e:df,25.3,100,11,4892
2025-05-05 05:58:34,c4:7c:8d:6d:26:c9,25.4,13,233,7
2025-05-05 05:58:37,c4:7c:8d:6d:28:fa,24.5,100,155,3540
2025-05-05 05:58:42,c4:7c:8d:6d:24:ed,25.1,56,95,1133
2025-05-05 06:09:07,c4:7c:8d:6d:4e:df,25.1,100,0,4892
2025-05-05 06:09:10,c4:7c:8d:6d:26:c9,25.4,13,248,7
2025-05-05 06:09:12,c4:7c:8d:6d:28:fa,24.5,100,236,3500
2025-05-05 06:09:15,c4:7c:8d:6d:24:ed,25.1,56,117,1125
2025-05-05 06:19:39,c4:7c:8d:6d:4e:df,25.2,100,128,4901
2025-05-05 06:19:42,c4:7c:8d:6d:26:c9,25.3,13,147,9
2025-05-05 06:19:44,c4:7c:8d:6d:28:fa,24.5,100,121,3506
2025-05-05 06:19:47,c4:7c:8d:6d:24:ed,25.1,56,92,1116
2025-05-05 06:30:12,c4:7c:8d:6d:4e:df,25.2,100,9,4901
2025-05-05 06:30:16,c4:7c:8d:6d:26:c9,25.3,13,248,7
2025-05-05 06:30:18,c4:7c:8d:6d:28:fa,24.5,100,217,3547
2025-05-05 06:30:21,c4:7c:8d:6d:24:ed,25.0,56,35,1135
2025-05-05 06:40:44,c4:7c:8d:6d:4e:df,25.2,100,108,4901
2025-05-05 06:40:47,c4:7c:8d:6d:26:c9,25.3,13,179,7
2025-05-05 06:40:51,c4:7c:8d:6d:28:fa,24.4,100,84,3547
2025-05-05 06:40:55,c4:7c:8d:6d:24:ed,25.0,56,74,1116
2025-05-05 06:51:18,c4:7c:8d:6d:4e:df,25.1,100,87,4901
2025-05-05 06:51:21,c4:7c:8d:6d:26:c9,25.3,13,234,7
2025-05-05 06:51:25,c4:7c:8d:6d:28:fa,24.4,100,236,3506
2025-05-05 06:51:29,c4:7c:8d:6d:24:ed,25.1,56,94,1127
2025-05-05 07:01:54,c4:7c:8d:6d:4e:df,25.1,100,68,4901
2025-05-05 07:01:57,c4:7c:8d:6d:26:c9,25.3,13,248,7
2025-05-05 07:02:00,c4:7c:8d:6d:28:fa,24.4,100,84,3432
2025-05-05 07:02:03,c4:7c:8d:6d:24:ed,24.9,56,113,1129
2025-05-05 07:12:28,c4:7c:8d:6d:4e:df,25.0,100,87,4910
2025-05-05 07:12:31,c4:7c:8d:6d:26:c9,25.3,13,163,7
2025-05-05 07:12:34,c4:7c:8d:6d:28:fa,24.4,100,217,3479
2025-05-05 07:12:38,c4:7c:8d:6d:24:ed,25.0,56,113,1127
2025-05-05 07:23:03,c4:7c:8d:6d:4e:df,25.0,100,90,4910
2025-05-05 07:23:06,c4:7c:8d:6d:26:c9,25.1,13,232,7
2025-05-05 07:23:09,c4:7c:8d:6d:28:fa,24.2,100,236,3473
2025-05-05 07:23:12,c4:7c:8d:6d:24:ed,25.0,56,92,1129
2025-05-05 07:33:36,c4:7c:8d:6d:4e:df,25.1,100,84,4910
2025-05-05 07:33:39,c4:7c:8d:6d:26:c9,25.1,13,179,7
2025-05-05 07:33:42,c4:7c:8d:6d:28:fa,24.3,100,121,3391
2025-05-05 07:33:45,c4:7c:8d:6d:24:ed,24.9,56,136,1129
2025-05-05 07:44:09,c4:7c:8d:6d:4e:df,25.1,100,108,4910
2025-05-05 07:44:12,c4:7c:8d:6d:26:c9,25.2,14,248,6
2025-05-05 07:44:15,c4:7c:8d:6d:28:fa,24.3,100,234,3438
2025-05-05 07:44:19,c4:7c:8d:6d:24:ed,25.0,56,55,1116
2025-05-05 07:54:43,c4:7c:8d:6d:4e:df,25.0,100,104,4910
2025-05-05 07:54:45,c4:7c:8d:6d:26:c9,25.2,13,197,7
2025-05-05 07:54:49,c4:7c:8d:6d:28:fa,24.2,100,203,3438
2025-05-05 07:54:53,c4:7c:8d:6d:24:ed,25.0,56,115,1120
2025-05-05 08:05:16,c4:7c:8d:6d:4e:df,25.0,100,110,4910
2025-05-05 08:05:18,c4:7c:8d:6d:26:c9,25.3,14,248,7
2025-05-05 08:05:21,c4:7c:8d:6d:28:fa,24.2,100,121,3385
2025-05-05 08:05:24,c4:7c:8d:6d:24:ed,25.1,56,92,1116
2025-05-05 08:15:48,c4:7c:8d:6d:4e:df,24.9,100,0,4919
2025-05-05 08:15:50,c4:7c:8d:6d:26:c9,25.3,13,181,7
2025-05-05 08:15:53,c4:7c:8d:6d:28:fa,24.2,100,217,3438
2025-05-05 08:15:56,c4:7c:8d:6d:24:ed,25.0,56,74,1110
2025-05-05 08:26:19,c4:7c:8d:6d:4e:df,24.7,100,110,4919
2025-05-05 08:26:21,c4:7c:8d:6d:26:c9,25.4,13,248,7
2025-05-05 08:26:24,c4:7c:8d:6d:28:fa,24.2,100,84,3391
2025-05-05 08:26:27,c4:7c:8d:6d:24:ed,25.2,55,73,1118
2025-05-05 08:36:51,c4:7c:8d:6d:4e:df,24.9,100,0,4910
2025-05-05 08:36:53,c4:7c:8d:6d:26:c9,25.4,14,179,7
2025-05-05 08:36:56,c4:7c:8d:6d:28:fa,24.2,100,236,3397
2025-05-05 08:37:00,c4:7c:8d:6d:24:ed,25.1,55,117,1108
2025-05-05 08:47:24,c4:7c:8d:6d:4e:df,25.0,100,107,4901
2025-05-05 08:47:27,c4:7c:8d:6d:26:c9,25.5,13,218,7
2025-05-05 08:47:29,c4:7c:8d:6d:28:fa,24.3,100,217,3345
2025-05-05 08:47:32,c4:7c:8d:6d:24:ed,25.2,56,95,1095
2025-05-05 08:57:56,c4:7c:8d:6d:4e:df,25.0,100,86,4901
2025-05-05 08:58:00,c4:7c:8d:6d:26:c9,25.6,14,198,7
2025-05-05 08:58:03,c4:7c:8d:6d:28:fa,24.4,100,84,3345
2025-05-05 08:58:07,c4:7c:8d:6d:24:ed,25.3,56,118,1104
2025-05-05 09:08:33,c4:7c:8d:6d:4e:df,25.2,100,50,4910
2025-05-05 09:08:37,c4:7c:8d:6d:26:c9,25.5,14,232,7
2025-05-05 09:08:41,c4:7c:8d:6d:24:ed,25.1,55,76,1112
2025-05-05 09:19:07,c4:7c:8d:6d:4e:df,25.2,100,4,4901
2025-05-05 09:19:10,c4:7c:8d:6d:26:c9,25.7,14,166,7
2025-05-05 09:19:13,c4:7c:8d:6d:28:fa,24.6,100,217,3379
2025-05-05 09:19:19,c4:7c:8d:6d:24:ed,25.3,56,73,1112
2025-05-05 09:29:43,c4:7c:8d:6d:4e:df,25.3,100,48,4874
2025-05-05 09:29:47,c4:7c:8d:6d:26:c9,25.9,14,264,7
2025-05-05 09:29:49,c4:7c:8d:6d:28:fa,24.6,100,84,3302
2025-05-05 09:29:53,c4:7c:8d:6d:24:ed,25.5,56,117,1108
2025-05-05 09:40:20,c4:7c:8d:6d:4e:df,25.3,100,128,4892
2025-05-05 09:40:22,c4:7c:8d:6d:26:c9,25.8,14,214,10
2025-05-05 09:40:25,c4:7c:8d:6d:28:fa,24.6,100,236,3327
2025-05-05 09:40:28,c4:7c:8d:6d:24:ed,25.5,56,56,1108
2025-05-05 09:50:53,c4:7c:8d:6d:4e:df,25.2,100,47,4883
2025-05-05 09:50:58,c4:7c:8d:6d:28:fa,24.7,100,121,3290
2025-05-05 09:51:01,c4:7c:8d:6d:24:ed,25.5,56,39,1108
2025-05-05 10:01:24,c4:7c:8d:6d:4e:df,25.4,100,128,4865
2025-05-05 10:01:27,c4:7c:8d:6d:26:c9,25.8,14,284,7
2025-05-05 10:01:31,c4:7c:8d:6d:28:fa,24.8,100,217,3327
2025-05-05 10:01:36,c4:7c:8d:6d:24:ed,25.6,56,0,1108
2025-05-05 10:12:00,c4:7c:8d:6d:4e:df,25.4,100,87,4874
2025-05-05 10:12:02,c4:7c:8d:6d:26:c9,26.0,14,167,9
2025-05-05 10:12:05,c4:7c:8d:6d:28:fa,24.7,100,142,3321
2025-05-05 10:12:09,c4:7c:8d:6d:24:ed,25.6,56,95,1106
2025-05-05 10:22:34,c4:7c:8d:6d:4e:df,25.5,100,108,4865
2025-05-05 10:22:37,c4:7c:8d:6d:26:c9,25.9,14,248,9
2025-05-05 10:22:41,c4:7c:8d:6d:28:fa,24.8,100,248,3321
2025-05-05 10:22:46,c4:7c:8d:6d:24:ed,25.5,56,902,1117
2025-05-05 10:33:10,c4:7c:8d:6d:4e:df,25.9,100,3273,4811
2025-05-05 10:33:12,c4:7c:8d:6d:26:c9,26.5,13,4781,10
2025-05-05 10:33:16,c4:7c:8d:6d:28:fa,25.3,100,2400,3291
2025-05-05 10:33:21,c4:7c:8d:6d:24:ed,26.0,56,1570,1093
2025-05-05 10:43:45,c4:7c:8d:6d:4e:df,26.3,100,3415,4802
2025-05-05 10:43:48,c4:7c:8d:6d:26:c9,27.1,15,5076,10
2025-05-05 10:43:52,c4:7c:8d:6d:28:fa,25.7,100,2463,3266
2025-05-05 10:43:56,c4:7c:8d:6d:24:ed,26.5,56,1775,1087
2025-05-05 10:54:19,c4:7c:8d:6d:4e:df,26.3,100,3350,4784
2025-05-05 10:54:22,c4:7c:8d:6d:26:c9,27.3,15,5506,7
2025-05-05 10:54:26,c4:7c:8d:6d:28:fa,25.8,100,2243,3248
2025-05-05 10:54:30,c4:7c:8d:6d:24:ed,26.6,55,1798,1085
2025-05-05 11:04:54,c4:7c:8d:6d:4e:df,26.4,100,3430,4784
2025-05-05 11:04:56,c4:7c:8d:6d:26:c9,27.4,15,5549,10
2025-05-05 11:04:59,c4:7c:8d:6d:28:fa,26.0,100,2353,3339
2025-05-05 11:05:02,c4:7c:8d:6d:24:ed,26.7,55,1912,1083
2025-05-05 11:15:27,c4:7c:8d:6d:4e:df,26.4,100,3364,4802
2025-05-05 11:15:29,c4:7c:8d:6d:26:c9,27.3,15,5413,7
2025-05-05 11:15:33,c4:7c:8d:6d:28:fa,25.8,100,2199,3372
2025-05-05 11:15:37,c4:7c:8d:6d:24:ed,26.7,55,1869,1092
2025-05-05 11:26:01,c4:7c:8d:6d:4e:df,26.4,100,3424,4784
2025-05-05 11:26:04,c4:7c:8d:6d:26:c9,27.4,15,5622,7
2025-05-05 11:26:07,c4:7c:8d:6d:28:fa,25.8,100,2386,3372
2025-05-05 11:26:10,c4:7c:8d:6d:24:ed,26.7,55,1869,1090
2025-05-05 11:36:34,c4:7c:8d:6d:4e:df,26.4,100,3402,4784
2025-05-05 11:36:39,c4:7c:8d:6d:28:fa,25.9,100,2212,3372
2025-05-05 11:36:44,c4:7c:8d:6d:24:ed,26.6,55,1830,1094
2025-05-05 11:47:08,c4:7c:8d:6d:4e:df,26.4,100,3421,4793
2025-05-05 11:47:12,c4:7c:8d:6d:26:c9,27.5,15,5509,10
2025-05-05 11:47:15,c4:7c:8d:6d:28:fa,25.8,100,2370,3385
2025-05-05 11:47:18,c4:7c:8d:6d:24:ed,26.5,55,1864,1092
2025-05-05 11:57:41,c4:7c:8d:6d:4e:df,26.3,100,3363,4793
2025-05-05 11:57:45,c4:7c:8d:6d:26:c9,27.4,15,5608,10
2025-05-05 11:57:48,c4:7c:8d:6d:28:fa,25.7,100,2198,3417
2025-05-05 12:08:15,c4:7c:8d:6d:4e:df,26.2,100,3462,4793
2025-05-05 12:08:18,c4:7c:8d:6d:26:c9,27.4,15,5537,11
2025-05-05 12:08:21,c4:7c:8d:6d:28:fa,25.7,100,2322,3385
2025-05-05 12:08:23,c4:7c:8d:6d:24:ed,26.6,55,1846,1103
2025-05-05 12:18:48,c4:7c:8d:6d:4e:df,26.3,100,3402,4793
2025-05-05 12:18:51,c4:7c:8d:6d:26:c9,27.3,15,5607,11
2025-05-05 12:18:54,c4:7c:8d:6d:28:fa,25.7,100,2134,3339
2025-05-05 12:18:56,c4:7c:8d:6d:24:ed,26.5,55,1912,1096
2025-05-05 12:29:21,c4:7c:8d:6d:4e:df,26.2,100,3430,4793
2025-05-05 12:29:24,c4:7c:8d:6d:26:c9,27.3,15,5466,10
2025-05-05 12:29:27,c4:7c:8d:6d:28:fa,25.7,100,2308,3345
2025-05-05 12:29:30,c4:7c:8d:6d:24:ed,26.5,56,1928,1106
2025-05-05 12:39:54,c4:7c:8d:6d:4e:df,26.4,100,3474,4802
2025-05-05 12:39:57,c4:7c:8d:6d:26:c9,27.3,15,5622,10
2025-05-05 12:40:00,c4:7c:8d:6d:28:fa,25.7,100,2198,3391
2025-05-05 12:40:02,c4:7c:8d:6d:24:ed,26.5,55,1933,1106
2025-05-05 12:50:26,c4:7c:8d:6d:4e:df,26.2,100,3453,4793
2025-05-05 12:50:30,c4:7c:8d:6d:26:c9,27.3,15,5552,11
2025-05-05 12:50:34,c4:7c:8d:6d:28:fa,25.7,100,2277,3339
2025-05-05 12:50:38,c4:7c:8d:6d:24:ed,26.5,56,1895,1103
2025-05-05 13:01:03,c4:7c:8d:6d:4e:df,26.2,100,3472,4793
2025-05-05 13:01:06,c4:7c:8d:6d:26:c9,27.4,15,5642,10
2025-05-05 13:01:10,c4:7c:8d:6d:28:fa,25.8,100,2121,3339
2025-05-05 13:01:13,c4:7c:8d:6d:24:ed,26.5,55,1892,1087
2025-05-05 13:11:37,c4:7c:8d:6d:4e:df,26.4,100,3444,4802
2025-05-05 13:11:40,c4:7c:8d:6d:26:c9,27.4,15,5666,11
2025-05-05 13:11:44,c4:7c:8d:6d:28:fa,25.8,100,2308,3254
2025-05-05 13:11:47,c4:7c:8d:6d:24:ed,26.5,55,1921,1087
2025-05-05 13:22:11,c4:7c:8d:6d:4e:df,26.4,100,3478,4793
2025-05-05 13:22:14,c4:7c:8d:6d:26:c9,27.5,15,5665,10
2025-05-05 13:22:17,c4:7c:8d:6d:28:fa,25.8,100,2120,3299
2025-05-05 13:22:21,c4:7c:8d:6d:24:ed,26.5,55,1950,1087
2025-05-05 13:32:45,c4:7c:8d:6d:4e:df,26.4,100,3465,4793
2025-05-05 13:32:50,c4:7c:8d:6d:26:c9,27.3,15,5572,10
2025-05-05 13:32:53,c4:7c:8d:6d:28:fa,25.8,99,2245,3293
2025-05-05 13:32:55,c4:7c:8d:6d:24:ed,26.5,55,1825,1087
2025-05-05 13:43:19,c4:7c:8d:6d:4e:df,26.3,100,3502,4793
2025-05-05 13:43:22,c4:7c:8d:6d:26:c9,27.4,15,5651,10
2025-05-05 13:43:25,c4:7c:8d:6d:28:fa,25.8,99,2105,3230
2025-05-05 13:43:28,c4:7c:8d:6d:24:ed,26.5,55,1979,1071
2025-05-05 13:53:52,c4:7c:8d:6d:4e:df,26.2,100,3481,4811
2025-05-05 13:53:55,c4:7c:8d:6d:26:c9,27.4,15,5537,10
2025-05-05 13:53:58,c4:7c:8d:6d:28:fa,25.8,99,2230,3230
2025-05-05 13:54:00,c4:7c:8d:6d:24:ed,26.4,55,1979,1089
2025-05-05 14:04:24,c4:7c:8d:6d:4e:df,26.2,100,3487,4811
2025-05-05 14:04:28,c4:7c:8d:6d:26:c9,27.3,15,5640,10
2025-05-05 14:04:31,c4:7c:8d:6d:28:fa,25.7,99,2030,3260
2025-05-05 14:04:33,c4:7c:8d:6d:24:ed,26.3,55,1874,1100
2025-05-05 14:14:57,c4:7c:8d:6d:4e:df,26.3,100,3497,4793
2025-05-05 14:15:00,c4:7c:8d:6d:26:c9,27.3,15,5639,7
2025-05-05 14:15:03,c4:7c:8d:6d:28:fa,25.7,98,2167,3260
2025-05-05 14:15:05,c4:7c:8d:6d:24:ed,26.4,55,1995,1098
2025-05-05 14:25:29,c4:7c:8d:6d:4e:df,26.2,100,1428,4802
2025-05-05 14:25:32,c4:7c:8d:6d:26:c9,27.3,15,4525,11
2025-05-05 14:25:35,c4:7c:8d:6d:28:fa,25.7,98,1130,3212
2025-05-05 14:25:37,c4:7c:8d:6d:24:ed,26.3,55,1374,1089
2025-05-05 14:36:02,c4:7c:8d:6d:4e:df,26.0,100,1406,4838
2025-05-05 14:36:05,c4:7c:8d:6d:26:c9,27.0,15,4363,11
2025-05-05 14:36:08,c4:7c:8d:6d:28:fa,25.6,98,1269,3224
2025-05-05 14:36:10,c4:7c:8d:6d:24:ed,26.1,55,1387,1095
2025-05-05 14:46:34,c4:7c:8d:6d:4e:df,25.8,100,1473,4847
2025-05-05 14:46:37,c4:7c:8d:6d:26:c9,26.9,15,4540,10
2025-05-05 14:46:41,c4:7c:8d:6d:28:fa,25.4,98,1146,3165
2025-05-05 14:46:44,c4:7c:8d:6d:24:ed,25.9,55,1277,1090
2025-05-05 14:57:15,c4:7c:8d:6d:26:c9,26.7,15,4521,11
2025-05-05 14:57:19,c4:7c:8d:6d:28:fa,25.4,98,1316,3165
2025-05-05 14:57:21,c4:7c:8d:6d:24:ed,25.9,55,1252,1102
2025-05-05 15:07:45,c4:7c:8d:6d:4e:df,25.5,100,1289,4865
2025-05-05 15:07:49,c4:7c:8d:6d:26:c9,26.7,15,4459,10
2025-05-05 15:07:52,c4:7c:8d:6d:28:fa,25.3,98,1160,3146
2025-05-05 15:07:55,c4:7c:8d:6d:24:ed,25.7,54,1301,1096
2025-05-05 15:18:21,c4:7c:8d:6d:4e:df,25.5,100,1327,4865
2025-05-05 15:18:24,c4:7c:8d:6d:26:c9,26.6,15,4598,11
2025-05-05 15:18:27,c4:7c:8d:6d:28:fa,25.2,97,1409,3075
2025-05-05 15:18:29,c4:7c:8d:6d:24:ed,25.6,54,1178,1087
2025-05-05 15:28:54,c4:7c:8d:6d:4e:df,25.5,100,1285,4865
2025-05-05 15:28:57,c4:7c:8d:6d:26:c9,26.7,15,4484,10
2025-05-05 15:29:00,c4:7c:8d:6d:28:fa,25.2,97,1191,3075
2025-05-05 15:39:23,c4:7c:8d:6d:4e:df,25.4,100,125,4883
2025-05-05 15:39:27,c4:7c:8d:6d:26:c9,26.1,15,265,10
2025-05-05 15:39:30,c4:7c:8d:6d:28:fa,24.9,97,250,3092
2025-05-05 15:39:32,c4:7c:8d:6d:24:ed,25.3,54,118,1084
2025-05-05 15:49:56,c4:7c:8d:6d:4e:df,25.1,100,104,4910
2025-05-05 15:49:59,c4:7c:8d:6d:26:c9,25.8,14,179,10
2025-05-05 15:50:02,c4:7c:8d:6d:28:fa,24.5,96,126,3126
2025-05-05 15:50:04,c4:7c:8d:6d:24:ed,25.1,54,71,1088
2025-05-05 16:00:28,c4:7c:8d:6d:4e:df,25.0,100,108,4910
2025-05-05 16:00:31,c4:7c:8d:6d:26:c9,25.5,14,248,10
2025-05-05 16:00:35,c4:7c:8d:6d:28:fa,24.4,96,248,3063
2025-05-05 16:00:38,c4:7c:8d:6d:24:ed,25.0,53,117,1083
2025-05-05 16:11:02,c4:7c:8d:6d:4e:df,25.1,100,66,4901
2025-05-05 16:11:05,c4:7c:8d:6d:26:c9,25.3,14,183,10
2025-05-05 16:11:08,c4:7c:8d:6d:28:fa,24.2,96,104,3107
2025-05-05 16:11:11,c4:7c:8d:6d:24:ed,25.0,53,35,1087
2025-05-05 16:21:36,c4:7c:8d:6d:4e:df,24.9,100,0,4910
2025-05-05 16:21:39,c4:7c:8d:6d:26:c9,25.4,14,163,11
2025-05-05 16:21:42,c4:7c:8d:6d:28:fa,24.2,96,248,3083
2025-05-05 16:21:44,c4:7c:8d:6d:24:ed,24.9,53,0,1087
2025-05-05 16:32:08,c4:7c:8d:6d:4e:df,24.9,100,86,4910
2025-05-05 16:32:11,c4:7c:8d:6d:26:c9,25.3,14,264,10
2025-05-05 16:32:14,c4:7c:8d:6d:28:fa,24.2,95,140,3088
2025-05-05 16:32:16,c4:7c:8d:6d:24:ed,24.9,53,35,1080
2025-05-05 16:42:40,c4:7c:8d:6d:26:c9,25.3,14,201,11
2025-05-05 16:42:43,c4:7c:8d:6d:28:fa,24.1,95,217,3063
2025-05-05 16:42:45,c4:7c:8d:6d:24:ed,24.8,53,117,1078
2025-05-05 16:53:09,c4:7c:8d:6d:4e:df,24.8,100,107,4910
2025-05-05 16:53:12,c4:7c:8d:6d:26:c9,25.1,14,250,10
2025-05-05 16:53:16,c4:7c:8d:6d:28:fa,24.1,95,105,3050
2025-05-05 16:53:18,c4:7c:8d:6d:24:ed,24.8,53,74,1065
2025-05-05 17:03:42,c4:7c:8d:6d:4e:df,24.9,100,102,4919
2025-05-05 17:03:44,c4:7c:8d:6d:26:c9,25.2,14,164,10
2025-05-05 17:03:47,c4:7c:8d:6d:28:fa,24.1,95,218,3050
2025-05-05 17:03:49,c4:7c:8d:6d:24:ed,24.8,53,135,1075
2025-05-05 17:14:13,c4:7c:8d:6d:4e:df,24.7,100,87,4928
2025-05-05 17:14:15,c4:7c:8d:6d:26:c9,25.0,14,249,9
2025-05-05 17:14:19,c4:7c:8d:6d:28:fa,24.1,95,121,3001
2025-05-05 17:14:24,c4:7c:8d:6d:24:ed,24.6,53,35,1067
2025-05-05 17:24:48,c4:7c:8d:6d:4e:df,24.8,100,82,4937
2025-05-05 17:24:50,c4:7c:8d:6d:26:c9,25.1,14,232,10
2025-05-05 17:24:54,c4:7c:8d:6d:28:fa,24.0,95,236,3026
2025-05-05 17:24:58,c4:7c:8d:6d:24:ed,24.6,53,135,1069
2025-05-05 17:35:22,c4:7c:8d:6d:4e:df,24.6,100,107,4937
2025-05-05 17:35:25,c4:7c:8d:6d:26:c9,25.1,14,218,10
2025-05-05 17:35:28,c4:7c:8d:6d:28:fa,23.8,95,140,3031
2025-05-05 17:45:53,c4:7c:8d:6d:4e:df,24.6,100,0,4955
2025-05-05 17:45:56,c4:7c:8d:6d:26:c9,25.0,14,182,10
2025-05-05 17:45:58,c4:7c:8d:6d:28:fa,24.0,95,234,3036
2025-05-05 17:46:01,c4:7c:8d:6d:24:ed,24.6,53,35,1060
2025-05-05 17:56:25,c4:7c:8d:6d:4e:df,24.5,100,0,4946
2025-05-05 17:56:28,c4:7c:8d:6d:26:c9,25.0,14,187,9
2025-05-05 17:56:31,c4:7c:8d:6d:28:fa,23.8,95,84,2982
2025-05-05 17:56:35,c4:7c:8d:6d:24:ed,24.6,53,56,1060
2025-05-05 18:06:59,c4:7c:8d:6d:4e:df,24.5,100,107,4955
2025-05-05 18:07:02,c4:7c:8d:6d:26:c9,25.0,14,232,10
2025-05-05 18:07:06,c4:7c:8d:6d:28:fa,23.8,94,217,3011
2025-05-05 18:07:09,c4:7c:8d:6d:24:ed,24.5,53,0,1051
2025-05-05 18:17:33,c4:7c:8d:6d:4e:df,24.5,100,22,4955
2025-05-05 18:17:36,c4:7c:8d:6d:26:c9,25.0,13,249,10
2025-05-05 18:17:38,c4:7c:8d:6d:28:fa,23.8,94,140,2982
2025-05-05 18:17:41,c4:7c:8d:6d:24:ed,24.5,53,135,1043
2025-05-05 18:28:05,c4:7c:8d:6d:4e:df,24.5,100,87,4955
2025-05-05 18:28:08,c4:7c:8d:6d:26:c9,25.0,14,167,10
2025-05-05 18:28:11,c4:7c:8d:6d:28:fa,23.8,94,236,2993
2025-05-05 18:28:16,c4:7c:8d:6d:24:ed,24.4,53,14,1036
2025-05-05 18:38:40,c4:7c:8d:6d:4e:df,24.4,100,125,4964
2025-05-05 18:38:43,c4:7c:8d:6d:26:c9,25.0,14,250,10
2025-05-05 18:38:45,c4:7c:8d:6d:28:fa,23.7,94,105,2993
2025-05-05 18:38:48,c4:7c:8d:6d:24:ed,24.5,53,118,1047
2025-05-05 18:49:12,c4:7c:8d:6d:4e:df,24.5,100,86,4973
2025-05-05 18:49:15,c4:7c:8d:6d:26:c9,24.7,14,166,10
2025-05-05 18:49:18,c4:7c:8d:6d:28:fa,23.7,94,248,2967
2025-05-05 18:49:22,c4:7c:8d:6d:24:ed,24.4,53,71,1026
2025-05-05 18:59:46,c4:7c:8d:6d:4e:df,24.2,100,0,4982
2025-05-05 18:59:49,c4:7c:8d:6d:26:c9,24.7,13,232,10
2025-05-05 18:59:51,c4:7c:8d:6d:28:fa,23.7,94,84,2973
2025-05-05 18:59:54,c4:7c:8d:6d:24:ed,24.3,53,117,1055
2025-05-05 19:10:18,c4:7c:8d:6d:4e:df,24.2,100,66,4973
2025-05-05 19:10:22,c4:7c:8d:6d:26:c9,24.7,14,181,7
2025-05-05 19:10:24,c4:7c:8d:6d:28:fa,23.6,94,217,2949
2025-05-05 19:10:27,c4:7c:8d:6d:24:ed,24.4,53,95,1030
2025-05-05 19:20:52,c4:7c:8d:6d:4e:df,24.2,100,69,4982
2025-05-05 19:20:55,c4:7c:8d:6d:26:c9,24.7,13,250,10
2025-05-05 19:20:57,c4:7c:8d:6d:28:fa,23.6,94,105,2949
2025-05-05 19:21:00,c4:7c:8d:6d:24:ed,24.3,53,95,1040
2025-05-05 19:31:25,c4:7c:8d:6d:4e:df,24.2,100,29,4982
2025-05-05 19:31:28,c4:7c:8d:6d:26:c9,24.7,14,181,10
2025-05-05 19:31:31,c4:7c:8d:6d:28:fa,23.6,94,236,2949
2025-05-05 19:31:36,c4:7c:8d:6d:24:ed,24.3,53,78,1032
2025-05-05 19:42:00,c4:7c:8d:6d:4e:df,24.1,100,90,4991
2025-05-05 19:42:02,c4:7c:8d:6d:26:c9,24.6,13,201,10
2025-05-05 19:42:06,c4:7c:8d:6d:28:fa,23.6,94,121,2934
2025-05-05 19:42:13,c4:7c:8d:6d:24:ed,24.1,53,55,1025
2025-05-05 19:52:38,c4:7c:8d:6d:4e:df,24.0,100,68,4991
2025-05-05 19:52:40,c4:7c:8d:6d:26:c9,24.6,13,233,10
2025-05-05 19:52:43,c4:7c:8d:6d:28:fa,23.6,94,217,2959
2025-05-05 19:52:46,c4:7c:8d:6d:24:ed,24.3,53,76,1027
2025-05-05 20:03:11,c4:7c:8d:6d:4e:df,24.0,100,128,5000
2025-05-05 20:03:13,c4:7c:8d:6d:26:c9,24.6,13,183,10
2025-05-05 20:03:16,c4:7c:8d:6d:28:fa,23.4,94,121,2959
2025-05-05 20:03:19,c4:7c:8d:6d:24:ed,24.2,52,136,1029
2025-05-05 20:13:44,c4:7c:8d:6d:4e:df,24.0,100,0,4991
2025-05-05 20:13:46,c4:7c:8d:6d:26:c9,24.5,13,232,9
2025-05-05 20:13:49,c4:7c:8d:6d:28:fa,23.3,94,203,2959
2025-05-05 20:24:15,c4:7c:8d:6d:4e:df,24.0,100,110,5000
2025-05-05 20:24:17,c4:7c:8d:6d:26:c9,24.4,13,166,10
2025-05-05 20:24:20,c4:7c:8d:6d:28:fa,23.4,93,121,2934
2025-05-05 20:24:24,c4:7c:8d:6d:24:ed,24.0,52,117,1023
2025-05-05 20:34:49,c4:7c:8d:6d:4e:df,23.9,100,66,5000
2025-05-05 20:34:51,c4:7c:8d:6d:26:c9,24.5,13,234,9
2025-05-05 20:34:54,c4:7c:8d:6d:28:fa,23.4,93,236,2889
2025-05-05 20:34:57,c4:7c:8d:6d:24:ed,24.0,53,97,1031
2025-05-05 20:45:21,c4:7c:8d:6d:4e:df,23.9,100,71,5009
2025-05-05 20:45:24,c4:7c:8d:6d:26:c9,24.3,13,201,10
2025-05-05 20:45:27,c4:7c:8d:6d:28:fa,23.2,93,84,2915
2025-05-05 20:45:31,c4:7c:8d:6d:24:ed,24.0,52,115,1025
2025-05-05 20:55:55,c4:7c:8d:6d:4e:df,23.8,100,87,5018
2025-05-05 20:55:58,c4:7c:8d:6d:26:c9,24.5,13,152,9
2025-05-05 20:56:00,c4:7c:8d:6d:28:fa,23.2,93,217,2889
2025-05-05 20:56:03,c4:7c:8d:6d:24:ed,24.0,52,99,1023
2025-05-05 21:06:27,c4:7c:8d:6d:4e:df,23.8,100,68,5018
2025-05-05 21:06:30,c4:7c:8d:6d:26:c9,24.3,13,181,9
2025-05-05 21:06:32,c4:7c:8d:6d:28:fa,23.2,93,47,2895
2025-05-05 21:06:35,c4:7c:8d:6d:24:ed,23.9,52,136,1023
2025-05-05 21:16:59,c4:7c:8d:6d:4e:df,23.8,100,68,5009
2025-05-05 21:17:02,c4:7c:8d:6d:26:c9,24.3,13,234,9
2025-05-05 21:17:04,c4:7c:8d:6d:28:fa,23.3,93,236,2900
2025-05-05 21:17:07,c4:7c:8d:6d:24:ed,23.9,52,0,1026
2025-05-05 21:27:31,c4:7c:8d:6d:4e:df,23.7,100,0,5027
2025-05-05 21:27:36,c4:7c:8d:6d:26:c9,24.3,13,167,9
2025-05-05 21:27:38,c4:7c:8d:6d:28:fa,23.2,93,121,2900
2025-05-05 21:27:41,c4:7c:8d:6d:24:ed,24.0,52,113,1018
2025-05-05 21:38:05,c4:7c:8d:6d:4e:df,23.7,100,128,5018
2025-05-05 21:38:08,c4:7c:8d:6d:26:c9,24.2,13,248,10
2025-05-05 21:38:11,c4:7c:8d:6d:28:fa,23.1,93,203,2900
2025-05-05 21:38:14,c4:7c:8d:6d:24:ed,23.9,52,39,1021
2025-05-05 21:48:38,c4:7c:8d:6d:4e:df,23.6,100,47,5036
2025-05-05 21:48:41,c4:7c:8d:6d:26:c9,24.2,13,148,10
2025-05-05 21:48:43,c4:7c:8d:6d:28:fa,23.2,93,121,2905
2025-05-05 21:48:46,c4:7c:8d:6d:24:ed,23.9,53,118,1026
2025-05-05 21:59:19,c4:7c:8d:6d:4e:df,23.7,100,69,4993
2025-05-05 21:59:22,c4:7c:8d:6d:26:c9,24.1,13,250,7
2025-05-05 21:59:24,c4:7c:8d:6d:28:fa,23.2,93,203,2905
2025-05-05 21:59:27,c4:7c:8d:6d:24:ed,23.8,52,55,1013
2025-05-05 22:09:53,c4:7c:8d:6d:4e:df,23.7,100,50,5027
2025-05-05 22:09:56,c4:7c:8d:6d:26:c9,24.1,13,167,9
2025-05-05 22:09:58,c4:7c:8d:6d:28:fa,23.0,93,121,2875
2025-05-05 22:10:01,c4:7c:8d:6d:24:ed,23.7,52,135,1021
2025-05-05 22:20:25,c4:7c:8d:6d:4e:df,23.7,100,108,5045
2025-05-05 22:20:30,c4:7c:8d:6d:28:fa,23.0,93,236,2880
2025-05-05 22:20:33,c4:7c:8d:6d:24:ed,23.7,52,0,1025
2025-05-05 22:30:58,c4:7c:8d:6d:4e:df,23.5,100,65,5045
2025-05-05 22:31:00,c4:7c:8d:6d:26:c9,24.1,13,250,10
2025-05-05 22:31:02,c4:7c:8d:6d:28:fa,23.0,93,155,2851
2025-05-05 22:31:05,c4:7c:8d:6d:24:ed,23.7,52,117,1015
2025-05-05 22:41:29,c4:7c:8d:6d:4e:df,23.4,100,108,4919
2025-05-05 22:41:31,c4:7c:8d:6d:26:c9,24.1,13,198,7
2025-05-05 22:41:35,c4:7c:8d:6d:28:fa,23.0,93,203,2851
2025-05-05 22:41:39,c4:7c:8d:6d:24:ed,23.7,52,74,1008
2025-05-05 22:52:03,c4:7c:8d:6d:4e:df,23.4,100,11,5011
2025-05-05 22:52:05,c4:7c:8d:6d:26:c9,24.1,13,250,11
2025-05-05 22:52:08,c4:7c:8d:6d:28:fa,23.0,93,47,2821
2025-05-05 22:52:11,c4:7c:8d:6d:24:ed,23.6,52,78,1012
2025-05-05 23:02:35,c4:7c:8d:6d:4e:df,23.6,100,128,5011
2025-05-05 23:02:38,c4:7c:8d:6d:26:c9,24.1,13,182,10
2025-05-05 23:02:42,c4:7c:8d:6d:28:fa,22.9,93,203,2831
2025-05-05 23:02:47,c4:7c:8d:6d:24:ed,23.6,52,78,1008
2025-05-05 23:13:12,c4:7c:8d:6d:4e:df,23.4,100,47,4961
2025-05-05 23:13:14,c4:7c:8d:6d:26:c9,24.0,13,215,11
2025-05-05 23:13:17,c4:7c:8d:6d:28:fa,23.0,93,84,2856
2025-05-05 23:13:20,c4:7c:8d:6d:24:ed,23.6,52,99,1019
2025-05-05 23:23:44,c4:7c:8d:6d:4e:df,23.4,100,110,4970
2025-05-05 23:23:47,c4:7c:8d:6d:26:c9,24.0,13,183,11
2025-05-05 23:23:50,c4:7c:8d:6d:28:fa,22.9,93,236,2826
2025-05-05 23:23:53,c4:7c:8d:6d:24:ed,23.6,52,97,1004
2025-05-05 23:34:17,c4:7c:8d:6d:4e:df,23.4,100,66,5011
2025-05-05 23:34:19,c4:7c:8d:6d:26:c9,23.9,13,201,12
2025-05-05 23:34:22,c4:7c:8d:6d:28:fa,22.9,93,84,2831
2025-05-05 23:34:25,c4:7c:8d:6d:24:ed,23.5,52,24,1014
2025-05-05 23:44:49,c4:7c:8d:6d:4e:df,23.4,100,128,4928
2025-05-05 23:44:52,c4:7c:8d:6d:26:c9,24.0,13,164,8
2025-05-05 23:44:54,c4:7c:8d:6d:28:fa,22.9,93,236,2803
2025-05-05 23:44:57,c4:7c:8d:6d:24:ed,23.4,51,78,999
2025-05-05 23:55:20,c4:7c:8d:6d:4e:df,23.3,100,0,4937
2025-05-05 23:55:24,c4:7c:8d:6d:26:c9,24.0,13,233,11
2025-05-05 23:55:26,c4:7c:8d:6d:28:fa,22.7,92,121,2831
2025-05-05 23:55:30,c4:7c:8d:6d:24:ed,23.4,52,117,1015
2025-05-06 00:05:56,c4:7c:8d:6d:4e:df,23.3,100,128,4978
2025-05-06 00:05:59,c4:7c:8d:6d:26:c9,23.9,13,148,8
2025-05-06 00:06:02,c4:7c:8d:6d:28:fa,22.7,92,234,2803
2025-05-06 00:06:06,c4:7c:8d:6d:24:ed,23.5,51,117,1002
2025-05-06 00:16:31,c4:7c:8d:6d:4e:df,23.4,100,86,4987
2025-05-06 00:16:34,c4:7c:8d:6d:26:c9,23.8,13,248,11
2025-05-06 00:16:36,c4:7c:8d:6d:28:fa,22.7,92,104,2808
2025-05-06 00:16:39,c4:7c:8d:6d:24:ed,23.5,51,117,1007
2025-05-06 00:27:02,c4:7c:8d:6d:26:c9,23.8,13,166,11
2025-05-06 00:27:05,c4:7c:8d:6d:28:fa,22.7,92,203,2749
2025-05-06 00:27:08,c4:7c:8d:6d:24:ed,23.4,51,0,1013
2025-05-06 00:37:31,c4:7c:8d:6d:4e:df,23.3,0,1115,4895
2025-05-06 00:37:36,c4:7c:8d:6d:26:c9,24.0,13,3430,11
2025-05-06 00:37:39,c4:7c:8d:6d:28:fa,22.9,92,1331,2768
2025-05-06 00:37:42,c4:7c:8d:6d:24:ed,23.6,51,1166,1005
2025-05-06 00:48:05,c4:7c:8d:6d:4e:df,23.5,100,1077,4961
2025-05-06 00:48:08,c4:7c:8d:6d:26:c9,24.3,13,3681,7
2025-05-06 00:48:11,c4:7c:8d:6d:28:fa,23.1,92,1507,2758
2025-05-06 00:48:14,c4:7c:8d:6d:24:ed,23.8,51,1108,995
2025-05-06 00:58:38,c4:7c:8d:6d:4e:df,23.6,100,1205,4919
2025-05-06 00:58:41,c4:7c:8d:6d:26:c9,24.6,13,4290,10
2025-05-06 00:58:44,c4:7c:8d:6d:28:fa,23.2,92,1066,2749
2025-05-06 00:58:47,c4:7c:8d:6d:24:ed,23.8,51,1314,985
2025-05-06 01:09:12,c4:7c:8d:6d:4e:df,23.5,100,1134,4878
2025-05-06 01:09:14,c4:7c:8d:6d:26:c9,24.5,13,4326,9
2025-05-06 01:09:17,c4:7c:8d:6d:28:fa,23.2,91,1351,2749
2025-05-06 01:09:21,c4:7c:8d:6d:24:ed,23.9,53,1327,995
2025-05-06 01:19:45,c4:7c:8d:6d:4e:df,23.4,100,1167,4919
2025-05-06 01:19:48,c4:7c:8d:6d:26:c9,24.7,13,4477,9
2025-05-06 01:19:51,c4:7c:8d:6d:28:fa,23.3,91,1351,2720
2025-05-06 01:19:54,c4:7c:8d:6d:24:ed,24.0,51,1355,986
2025-05-06 01:30:18,c4:7c:8d:6d:4e:df,23.4,100,1127,4845
2025-05-06 01:30:21,c4:7c:8d:6d:26:c9,24.6,13,4355,10
2025-05-06 01:30:24,c4:7c:8d:6d:28:fa,23.2,91,1160,2730
2025-05-06 01:30:28,c4:7c:8d:6d:24:ed,24.0,52,1413,990
2025-05-06 01:40:54,c4:7c:8d:6d:4e:df,23.4,100,1095,4937
2025-05-06 01:40:57,c4:7c:8d:6d:26:c9,24.8,13,4512,10
2025-05-06 01:41:00,c4:7c:8d:6d:28:fa,23.2,91,1351,2701
2025-05-06 01:41:03,c4:7c:8d:6d:24:ed,23.9,51,1387,988
2025-05-06 01:51:27,c4:7c:8d:6d:4e:df,23.4,100,1121,4887
2025-05-06 01:51:30,c4:7c:8d:6d:26:c9,24.6,13,4418,10
2025-05-06 01:51:33,c4:7c:8d:6d:28:fa,23.2,91,1164,2730
2025-05-06 01:51:36,c4:7c:8d:6d:24:ed,23.9,52,1363,992
2025-05-06 02:02:00,c4:7c:8d:6d:4e:df,23.4,100,1171,4795
2025-05-06 02:02:03,c4:7c:8d:6d:26:c9,24.6,13,4548,7
2025-05-06 02:02:06,c4:7c:8d:6d:28:fa,23.2,91,1273,2701
2025-05-06 02:02:09,c4:7c:8d:6d:24:ed,24.1,51,1305,989
2025-05-06 02:12:33,c4:7c:8d:6d:4e:df,23.3,100,1130,4795
2025-05-06 02:12:36,c4:7c:8d:6d:26:c9,24.6,13,4458,11
2025-05-06 02:12:39,c4:7c:8d:6d:28:fa,23.2,91,1082,2730
2025-05-06 02:12:42,c4:7c:8d:6d:24:ed,23.9,51,1359,995
2025-05-06 02:23:05,c4:7c:8d:6d:4e:df,23.4,100,1248,4804
2025-05-06 02:23:08,c4:7c:8d:6d:26:c9,24.6,13,4626,10
2025-05-06 02:23:12,c4:7c:8d:6d:28:fa,23.1,91,1148,2701
2025-05-06 02:23:16,c4:7c:8d:6d:24:ed,23.9,51,1305,991
2025-05-06 02:33:39,c4:7c:8d:6d:4e:df,23.4,100,1181,4795
2025-05-06 02:33:42,c4:7c:8d:6d:26:c9,24.6,13,4705,9
2025-05-06 02:33:45,c4:7c:8d:6d:28:fa,23.1,91,1052,2701
2025-05-06 02:33:48,c4:7c:8d:6d:24:ed,23.9,51,1310,989
2025-05-06 02:44:12,c4:7c:8d:6d:4e:df,23.4,100,1185,4812
2025-05-06 02:44:15,c4:7c:8d:6d:26:c9,24.6,14,4656,10
2025-05-06 02:44:17,c4:7c:8d:6d:28:fa,23.1,91,1211,2701
2025-05-06 02:44:20,c4:7c:8d:6d:24:ed,23.8,51,1331,995
2025-05-06 02:54:43,c4:7c:8d:6d:4e:df,23.3,100,1089,4761
2025-05-06 02:54:47,c4:7c:8d:6d:26:c9,24.6,13,4789,11
2025-05-06 02:54:49,c4:7c:8d:6d:28:fa,23.1,91,1113,2705
2025-05-06 02:54:52,c4:7c:8d:6d:24:ed,23.8,51,1305,991
2025-05-06 03:05:15,c4:7c:8d:6d:4e:df,23.3,100,1070,4770
2025-05-06 03:05:19,c4:7c:8d:6d:26:c9,24.6,13,4758,10
2025-05-06 03:05:21,c4:7c:8d:6d:28:fa,23.1,91,1351,2672
2025-05-06 03:05:24,c4:7c:8d:6d:24:ed,23.9,51,1301,991
2025-05-06 03:15:47,c4:7c:8d:6d:4e:df,23.3,100,1072,4720
2025-05-06 03:15:50,c4:7c:8d:6d:26:c9,24.5,13,4849,10
2025-05-06 03:15:52,c4:7c:8d:6d:28:fa,23.1,90,1238,2677
2025-05-06 03:15:55,c4:7c:8d:6d:24:ed,23.7,51,1289,989
2025-05-06 03:26:18,c4:7c:8d:6d:4e:df,23.2,100,1147,4778
2025-05-06 03:26:21,c4:7c:8d:6d:26:c9,24.6,13,4717,10
2025-05-06 03:26:23,c4:7c:8d:6d:28:fa,23.0,90,1413,2619
2025-05-06 03:26:26,c4:7c:8d:6d:24:ed,23.8,51,1314,987
2025-05-06 03:36:49,c4:7c:8d:6d:4e:df,23.4,100,1093,4562
2025-05-06 03:36:52,c4:7c:8d:6d:26:c9,24.6,13,4864,11
2025-05-06 03:36:55,c4:7c:8d:6d:28:fa,23.0,90,1238,2647
2025-05-06 03:36:58,c4:7c:8d:6d:24:ed,23.8,51,1293,983
2025-05-06 03:47:21,c4:7c:8d:6d:4e:df,23.2,100,1061,4687
2025-05-06 03:47:25,c4:7c:8d:6d:26:c9,24.5,13,4802,11
2025-05-06 03:47:28,c4:7c:8d:6d:28:fa,23.0,90,1382,2647
2025-05-06 03:47:31,c4:7c:8d:6d:24:ed,23.6,51,1323,989
2025-05-06 03:57:54,c4:7c:8d:6d:4e:df,23.3,100,1076,4645
2025-05-06 03:57:57,c4:7c:8d:6d:26:c9,24.5,13,4884,10
2025-05-06 03:58:01,c4:7c:8d:6d:28:fa,23.0,90,1242,2647
2025-05-06 03:58:06,c4:7c:8d:6d:24:ed,23.7,51,1289,985
2025-05-06 04:08:29,c4:7c:8d:6d:4e:df,23.2,100,1138,4654
2025-05-06 04:08:32,c4:7c:8d:6d:26:c9,24.6,13,4899,10
2025-05-06 04:08:35,c4:7c:8d:6d:28:fa,23.0,90,1351,2619
2025-05-06 04:08:39,c4:7c:8d:6d:24:ed,23.6,51,1347,987
2025-05-06 04:19:03,c4:7c:8d:6d:4e:df,23.3,100,1109,4654
2025-05-06 04:19:06,c4:7c:8d:6d:26:c9,24.6,13,4807,10
2025-05-06 04:19:09,c4:7c:8d:6d:28:fa,23.0,90,1304,2589
2025-05-06 04:19:12,c4:7c:8d:6d:24:ed,23.6,51,1322,976
2025-05-06 04:29:35,c4:7c:8d:6d:4e:df,23.2,100,1185,4695
2025-05-06 04:29:38,c4:7c:8d:6d:26:c9,24.6,13,4906,10
2025-05-06 04:29:41,c4:7c:8d:6d:28:fa,23.0,90,1148,2623
2025-05-06 04:29:44,c4:7c:8d:6d:24:ed,23.7,51,1323,976
2025-05-06 04:40:07,c4:7c:8d:6d:4e:df,23.4,100,1198,4570
2025-05-06 04:40:10,c4:7c:8d:6d:26:c9,24.4,13,4804,7
2025-05-06 04:40:13,c4:7c:8d:6d:28:fa,23.0,90,1273,2623
2025-05-06 04:40:16,c4:7c:8d:6d:24:ed,23.5,51,1322,982
2025-05-06 04:50:39,c4:7c:8d:6d:4e:df,23.3,100,1134,4620
2025-05-06 04:50:44,c4:7c:8d:6d:28:fa,22.9,90,1113,2594
2025-05-06 04:50:47,c4:7c:8d:6d:24:ed,23.6,51,1323,979
2025-05-06 05:01:10,c4:7c:8d:6d:4e:df,23.2,100,1205,4570
2025-05-06 05:01:13,c4:7c:8d:6d:26:c9,24.6,13,4961,10
2025-05-06 05:01:16,c4:7c:8d:6d:28:fa,22.9,90,1273,2594
2025-05-06 05:01:19,c4:7c:8d:6d:24:ed,23.6,51,1297,983
2025-05-06 05:11:42,c4:7c:8d:6d:4e:df,23.1,100,1164,4620
2025-05-06 05:11:45,c4:7c:8d:6d:26:c9,24.5,13,4836,10
2025-05-06 05:11:48,c4:7c:8d:6d:28:fa,22.9,90,1082,2594
2025-05-06 05:11:50,c4:7c:8d:6d:24:ed,23.5,51,1327,979
2025-05-06 05:22:15,c4:7c:8d:6d:4e:df,23.1,100,1201,4537
2025-05-06 05:22:18,c4:7c:8d:6d:26:c9,24.4,13,4875,10
2025-05-06 05:22:21,c4:7c:8d:6d:28:fa,22.9,90,1211,2574
2025-05-06 05:22:24,c4:7c:8d:6d:24:ed,23.4,51,1381,975
2025-05-06 05:32:47,c4:7c:8d:6d:4e:df,23.1,100,1164,4587
2025-05-06 05:32:50,c4:7c:8d:6d:26:c9,24.6,13,4816,11
2025-05-06 05:32:54,c4:7c:8d:6d:28:fa,22.9,89,1087,2570
2025-05-06 05:32:59,c4:7c:8d:6d:24:ed,23.4,51,1228,983
2025-05-06 05:43:22,c4:7c:8d:6d:4e:df,23.1,100,1181,4537
2025-05-06 05:43:28,c4:7c:8d:6d:28:fa,22.9,89,1179,2545
2025-05-06 05:43:31,c4:7c:8d:6d:24:ed,23.6,51,1355,975
2025-05-06 05:53:54,c4:7c:8d:6d:4e:df,23.1,100,1160,4515
2025-05-06 05:53:58,c4:7c:8d:6d:26:c9,24.5,13,4874,10
2025-05-06 05:54:00,c4:7c:8d:6d:28:fa,22.8,89,1070,2540
2025-05-06 05:54:03,c4:7c:8d:6d:24:ed,23.5,51,1343,977
2025-05-06 06:04:26,c4:7c:8d:6d:4e:df,23.2,100,1185,4478
2025-05-06 06:04:31,c4:7c:8d:6d:26:c9,24.5,13,4956,10
2025-05-06 06:04:34,c4:7c:8d:6d:28:fa,22.7,89,1164,2516
2025-05-06 06:04:38,c4:7c:8d:6d:24:ed,23.4,51,1240,975
2025-05-06 06:15:02,c4:7c:8d:6d:4e:df,23.1,100,1159,4537
2025-05-06 06:15:05,c4:7c:8d:6d:26:c9,24.6,13,4821,9
2025-05-06 06:15:07,c4:7c:8d:6d:28:fa,22.9,88,1164,2516
2025-05-06 06:15:10,c4:7c:8d:6d:24:ed,23.5,51,1293,979
2025-05-06 06:25:36,c4:7c:8d:6d:4e:df,23.2,100,3407,4515
2025-05-06 06:25:39,c4:7c:8d:6d:26:c9,24.5,13,6159,10
2025-05-06 06:25:41,c4:7c:8d:6d:28:fa,22.8,88,2219,2482
2025-05-06 06:25:44,c4:7c:8d:6d:24:ed,23.5,51,1488,975
2025-05-06 06:36:08,c4:7c:8d:6d:4e:df,23.4,100,3243,4483
2025-05-06 06:36:10,c4:7c:8d:6d:26:c9,25.0,13,6115,11
2025-05-06 06:36:14,c4:7c:8d:6d:28:fa,23.0,88,2141,2503
2025-05-06 06:36:18,c4:7c:8d:6d:24:ed,23.8,51,1570,965
2025-05-06 06:46:41,c4:7c:8d:6d:4e:df,23.5,100,3335,4475
2025-05-06 06:46:44,c4:7c:8d:6d:26:c9,25.0,13,6232,11
2025-05-06 06:46:48,c4:7c:8d:6d:28:fa,23.1,88,2251,2469
2025-05-06 06:46:53,c4:7c:8d:6d:24:ed,23.8,51,1600,965
2025-05-06 06:57:16,c4:7c:8d:6d:4e:df,23.6,100,3288,4467
2025-05-06 06:57:20,c4:7c:8d:6d:26:c9,25.0,14,6107,11
2025-05-06 06:57:23,c4:7c:8d:6d:28:fa,23.1,88,2036,2527
2025-05-06 06:57:25,c4:7c:8d:6d:24:ed,23.9,51,1629,965
2025-05-06 07:07:50,c4:7c:8d:6d:4e:df,23.7,100,3350,4467
2025-05-06 07:07:53,c4:7c:8d:6d:26:c9,25.0,14,6267,11
2025-05-06 07:07:56,c4:7c:8d:6d:28:fa,23.2,88,2173,2498
2025-05-06 07:07:58,c4:7c:8d:6d:24:ed,23.9,50,1649,970
2025-05-06 07:18:22,c4:7c:8d:6d:4e:df,23.6,100,3279,4459
2025-05-06 07:18:25,c4:7c:8d:6d:26:c9,25.0,14,6202,11
2025-05-06 07:18:28,c4:7c:8d:6d:28:fa,23.2,88,2031,2556
2025-05-06 07:18:30,c4:7c:8d:6d:24:ed,23.9,51,1607,963
2025-05-06 07:28:55,c4:7c:8d:6d:4e:df,23.6,100,3322,4438
2025-05-06 07:28:58,c4:7c:8d:6d:26:c9,25.1,14,6392,7
2025-05-06 07:29:01,c4:7c:8d:6d:28:fa,23.2,88,2136,2522
2025-05-06 07:29:04,c4:7c:8d:6d:24:ed,23.9,51,1764,958
2025-05-06 07:39:29,c4:7c:8d:6d:4e:df,23.8,100,3303,4481
2025-05-06 07:39:31,c4:7c:8d:6d:26:c9,25.1,13,6377,10
2025-05-06 07:39:34,c4:7c:8d:6d:28:fa,23.2,88,2172,2552
2025-05-06 07:39:36,c4:7c:8d:6d:24:ed,24.0,50,1787,958
2025-05-06 07:50:00,c4:7c:8d:6d:4e:df,24.0,100,3240,4407
2025-05-06 07:50:07,c4:7c:8d:6d:28:fa,23.3,88,2050,2543
2025-05-06 07:50:09,c4:7c:8d:6d:24:ed,24.1,51,1897,960
2025-05-06 08:00:34,c4:7c:8d:6d:4e:df,24.0,100,3303,4436
2025-05-06 08:00:37,c4:7c:8d:6d:26:c9,25.2,14,6481,12
2025-05-06 08:00:40,c4:7c:8d:6d:28:fa,23.4,88,2156,2547
2025-05-06 08:00:42,c4:7c:8d:6d:24:ed,24.3,50,1853,956
2025-05-06 08:11:06,c4:7c:8d:6d:4e:df,24.0,100,3238,4407
2025-05-06 08:11:09,c4:7c:8d:6d:26:c9,25.3,14,6407,11
2025-05-06 08:11:12,c4:7c:8d:6d:28:fa,23.4,88,2007,2513
2025-05-06 08:11:14,c4:7c:8d:6d:24:ed,24.1,50,1917,943
2025-05-06 08:21:38,c4:7c:8d:6d:4e:df,24.0,100,3227,4378
2025-05-06 08:21:40,c4:7c:8d:6d:26:c9,25.2,14,6495,11
2025-05-06 08:21:44,c4:7c:8d:6d:28:fa,23.4,88,2125,2489
2025-05-06 08:21:47,c4:7c:8d:6d:24:ed,24.2,50,2008,956
2025-05-06 08:32:13,c4:7c:8d:6d:4e:df,24.0,99,3137,4349
2025-05-06 08:32:16,c4:7c:8d:6d:26:c9,25.3,14,6487,12
2025-05-06 08:32:19,c4:7c:8d:6d:28:fa,23.4,88,2007,2489
2025-05-06 08:32:21,c4:7c:8d:6d:24:ed,24.3,50,2039,950
2025-05-06 08:42:45,c4:7c:8d:6d:4e:df,24.0,99,3188,4378
2025-05-06 08:42:48,c4:7c:8d:6d:26:c9,25.2,14,6368,10
2025-05-06 08:42:51,c4:7c:8d:6d:28:fa,23.4,88,2125,2481
2025-05-06 08:42:53,c4:7c:8d:6d:24:ed,24.3,50,1995,950
2025-05-06 08:53:17,c4:7c:8d:6d:4e:df,24.1,99,3170,4341
2025-05-06 08:53:23,c4:7c:8d:6d:28:fa,23.4,88,2007,2476
2025-05-06 08:53:25,c4:7c:8d:6d:24:ed,24.2,50,2059,950
2025-05-06 09:03:49,c4:7c:8d:6d:4e:df,24.2,99,3224,4333
2025-05-06 09:03:52,c4:7c:8d:6d:26:c9,25.3,14,6471,11
2025-05-06 09:03:55,c4:7c:8d:6d:28:fa,23.4,87,2094,2481
2025-05-06 09:03:57,c4:7c:8d:6d:24:ed,24.2,50,2042,948
2025-05-06 09:14:22,c4:7c:8d:6d:4e:df,24.2,99,3130,4313
2025-05-06 09:14:24,c4:7c:8d:6d:26:c9,25.3,14,6362,12
2025-05-06 09:14:28,c4:7c:8d:6d:28:fa,23.6,87,1928,2447
2025-05-06 09:14:30,c4:7c:8d:6d:24:ed,24.2,50,2080,950
2025-05-06 09:24:54,c4:7c:8d:6d:4e:df,24.1,99,3227,4247
2025-05-06 09:24:59,c4:7c:8d:6d:28:fa,23.6,87,2094,2451
2025-05-06 09:25:02,c4:7c:8d:6d:24:ed,24.2,50,2027,948
2025-05-06 09:35:26,c4:7c:8d:6d:4e:df,24.1,98,3161,4284
2025-05-06 09:35:28,c4:7c:8d:6d:26:c9,25.4,14,6501,10
2025-05-06 09:35:33,c4:7c:8d:6d:28:fa,23.6,87,1973,2419
2025-05-06 09:35:37,c4:7c:8d:6d:24:ed,24.3,50,1973,943
2025-05-06 09:46:01,c4:7c:8d:6d:4e:df,24.2,98,3217,4247
2025-05-06 09:46:04,c4:7c:8d:6d:26:c9,25.4,14,6465,12
2025-05-06 09:46:07,c4:7c:8d:6d:28:fa,23.6,86,2142,2419
2025-05-06 09:46:09,c4:7c:8d:6d:24:ed,24.3,50,2041,938
2025-05-06 09:56:33,c4:7c:8d:6d:4e:df,24.2,98,3170,4247
2025-05-06 09:56:36,c4:7c:8d:6d:26:c9,25.5,14,6354,10
2025-05-06 09:56:39,c4:7c:8d:6d:28:fa,23.7,86,1992,2414
2025-05-06 09:56:41,c4:7c:8d:6d:24:ed,24.5,50,2086,940
2025-05-06 10:07:05,c4:7c:8d:6d:4e:df,24.2,98,3232,4218
2025-05-06 10:07:08,c4:7c:8d:6d:26:c9,25.4,14,6465,10
2025-05-06 10:07:12,c4:7c:8d:6d:28:fa,23.7,86,2147,2361
2025-05-06 10:07:15,c4:7c:8d:6d:24:ed,24.4,50,2042,938
2025-05-06 10:17:40,c4:7c:8d:6d:4e:df,24.2,97,3138,4218
2025-05-06 10:17:43,c4:7c:8d:6d:26:c9,25.5,14,6459,10
2025-05-06 10:17:46,c4:7c:8d:6d:28:fa,23.7,86,2007,2353
2025-05-06 10:17:49,c4:7c:8d:6d:24:ed,24.4,50,2069,940
2025-05-06 10:28:14,c4:7c:8d:6d:4e:df,24.2,97,3224,4182
2025-05-06 10:28:17,c4:7c:8d:6d:26:c9,25.5,14,6383,12
2025-05-06 10:28:20,c4:7c:8d:6d:28:fa,23.7,86,2125,2353
2025-05-06 10:28:22,c4:7c:8d:6d:24:ed,24.6,50,1987,938
2025-05-06 10:38:47,c4:7c:8d:6d:4e:df,24.4,98,3218,4154
2025-05-06 10:38:50,c4:7c:8d:6d:26:c9,25.5,14,6422,10
2025-05-06 10:38:53,c4:7c:8d:6d:28:fa,23.7,86,2007,2328
2025-05-06 10:38:55,c4:7c:8d:6d:24:ed,24.6,50,2030,936
2025-05-06 10:49:19,c4:7c:8d:6d:4e:df,24.2,97,3162,4075
2025-05-06 10:49:22,c4:7c:8d:6d:26:c9,25.5,14,6347,11
2025-05-06 10:49:25,c4:7c:8d:6d:28:fa,23.9,86,2142,2324
2025-05-06 10:49:29,c4:7c:8d:6d:24:ed,24.6,50,2063,936
2025-05-06 10:59:54,c4:7c:8d:6d:4e:df,24.2,97,3104,4154
2025-05-06 10:59:56,c4:7c:8d:6d:26:c9,25.5,14,6457,11
2025-05-06 10:59:58,c4:7c:8d:6d:28:fa,23.9,86,2007,2324
2025-05-06 11:00:01,c4:7c:8d:6d:24:ed,24.6,50,2055,926
2025-05-06 11:10:25,c4:7c:8d:6d:4e:df,24.4,97,3082,4053
2025-05-06 11:10:28,c4:7c:8d:6d:26:c9,25.5,14,6324,10
2025-05-06 11:10:31,c4:7c:8d:6d:28:fa,23.9,86,2110,2263
2025-05-06 11:10:34,c4:7c:8d:6d:24:ed,24.5,50,1992,940
2025-05-06 11:20:59,c4:7c:8d:6d:4e:df,24.5,97,3146,4032
2025-05-06 11:21:01,c4:7c:8d:6d:26:c9,25.5,14,6472,11
2025-05-06 11:21:04,c4:7c:8d:6d:28:fa,23.9,86,2194,2263
2025-05-06 11:21:06,c4:7c:8d:6d:24:ed,24.5,50,1998,936
2025-05-06 11:31:30,c4:7c:8d:6d:4e:df,24.4,96,3123,4053
2025-05-06 11:31:32,c4:7c:8d:6d:26:c9,25.6,14,6347,11
2025-05-06 11:31:34,c4:7c:8d:6d:28:fa,23.9,85,2065,2263
2025-05-06 11:31:37,c4:7c:8d:6d:24:ed,24.6,50,2011,936
2025-05-06 11:42:01,c4:7c:8d:6d:4e:df,24.5,97,3185,4025
2025-05-06 11:42:04,c4:7c:8d:6d:26:c9,25.6,14,6465,12
2025-05-06 11:42:07,c4:7c:8d:6d:28:fa,23.9,85,2125,2259
2025-05-06 11:42:09,c4:7c:8d:6d:24:ed,24.6,50,2059,930
2025-05-06 11:52:33,c4:7c:8d:6d:4e:df,24.5,96,3136,3984
2025-05-06 11:52:38,c4:7c:8d:6d:26:c9,25.5,14,6361,10
2025-05-06 11:52:41,c4:7c:8d:6d:28:fa,23.9,85,2050,2231
2025-05-06 11:52:44,c4:7c:8d:6d:24:ed,24.6,50,1976,932
2025-05-06 12:03:10,c4:7c:8d:6d:4e:df,24.5,96,3170,3984
2025-05-06 12:03:12,c4:7c:8d:6d:26:c9,25.5,14,6465,12
2025-05-06 12:03:16,c4:7c:8d:6d:28:fa,24.0,85,2125,2235
2025-05-06 12:03:18,c4:7c:8d:6d:24:ed,24.6,50,2079,930
2025-05-06 12:13:42,c4:7c:8d:6d:4e:df,24.5,96,3128,3929
2025-05-06 12:13:44,c4:7c:8d:6d:26:c9,25.6,14,6361,10
2025-05-06 12:13:48,c4:7c:8d:6d:28:fa,23.9,85,1976,2219
2025-05-06 12:13:50,c4:7c:8d:6d:24:ed,24.6,50,2011,926
2025-05-06 12:24:14,c4:7c:8d:6d:4e:df,24.6,96,3176,3863
2025-05-06 12:24:17,c4:7c:8d:6d:26:c9,25.6,14,6479,12
2025-05-06 12:24:20,c4:7c:8d:6d:28:fa,23.9,85,2142,2222
2025-05-06 12:24:22,c4:7c:8d:6d:24:ed,24.7,50,2080,930
2025-05-06 12:34:46,c4:7c:8d:6d:4e:df,24.5,96,3105,3944
2025-05-06 12:34:49,c4:7c:8d:6d:26:c9,25.5,14,6378,12
2025-05-06 12:34:51,c4:7c:8d:6d:28:fa,23.9,85,2036,2207
2025-05-06 12:34:54,c4:7c:8d:6d:24:ed,24.6,50,2026,928
2025-05-06 12:45:18,c4:7c:8d:6d:4e:df,24.6,96,2732,3863
2025-05-06 12:45:21,c4:7c:8d:6d:26:c9,25.6,14,6414,12
2025-05-06 12:45:23,c4:7c:8d:6d:28:fa,24.0,85,2125,2183
2025-05-06 12:45:26,c4:7c:8d:6d:24:ed,24.7,49,2064,926
2025-05-06 12:55:51,c4:7c:8d:6d:4e:df,24.4,95,2645,3789
2025-05-06 12:55:54,c4:7c:8d:6d:26:c9,25.5,14,6260,12
2025-05-06 12:55:56,c4:7c:8d:6d:28:fa,23.9,85,1928,2207
2025-05-06 12:55:59,c4:7c:8d:6d:24:ed,24.6,49,2084,921
2025-05-06 13:06:23,c4:7c:8d:6d:4e:df,24.6,95,2660,3823
2025-05-06 13:06:26,c4:7c:8d:6d:26:c9,25.7,14,6349,12
2025-05-06 13:06:28,c4:7c:8d:6d:28:fa,24.0,85,2112,2198
2025-05-06 13:06:31,c4:7c:8d:6d:24:ed,24.5,49,1970,928
2025-05-06 13:16:55,c4:7c:8d:6d:4e:df,24.6,95,2660,3782
2025-05-06 13:16:58,c4:7c:8d:6d:26:c9,25.7,14,6245,10
2025-05-06 13:17:00,c4:7c:8d:6d:28:fa,24.0,83,1947,2172
2025-05-06 13:17:03,c4:7c:8d:6d:24:ed,24.6,49,1978,921
2025-05-06 13:27:27,c4:7c:8d:6d:4e:df,24.6,95,2676,3729
2025-05-06 13:27:30,c4:7c:8d:6d:26:c9,25.5,14,6370,12
2025-05-06 13:27:34,c4:7c:8d:6d:28:fa,24.0,83,2125,2172
2025-05-06 13:27:37,c4:7c:8d:6d:24:ed,24.8,49,2012,921
2025-05-06 13:38:02,c4:7c:8d:6d:26:c9,25.7,14,6328,12
2025-05-06 13:38:06,c4:7c:8d:6d:28:fa,24.0,83,2021,2186
2025-05-06 13:38:08,c4:7c:8d:6d:24:ed,24.6,49,1951,921
2025-05-06 13:48:31,c4:7c:8d:6d:4e:df,24.6,94,2707,3688
2025-05-06 13:48:34,c4:7c:8d:6d:26:c9,25.7,14,6260,11
2025-05-06 13:48:36,c4:7c:8d:6d:28:fa,24.0,83,2094,2183
2025-05-06 13:48:39,c4:7c:8d:6d:24:ed,24.5,49,1960,923
2025-05-06 13:59:03,c4:7c:8d:6d:4e:df,24.6,95,2598,3607
2025-05-06 13:59:06,c4:7c:8d:6d:26:c9,25.7,14,6370,10
2025-05-06 13:59:09,c4:7c:8d:6d:28:fa,24.0,83,1957,2172
2025-05-06 13:59:13,c4:7c:8d:6d:24:ed,24.7,49,2032,917
2025-05-06 14:09:37,c4:7c:8d:6d:4e:df,24.8,94,2689,3641
2025-05-06 14:09:39,c4:7c:8d:6d:26:c9,25.7,14,6364,11
2025-05-06 14:09:41,c4:7c:8d:6d:28:fa,24.1,83,2141,2144
2025-05-06 14:09:44,c4:7c:8d:6d:24:ed,24.8,50,1979,905
2025-05-06 14:20:08,c4:7c:8d:6d:4e:df,24.7,94,2701,3568
2025-05-06 14:20:10,c4:7c:8d:6d:26:c9,25.7,14,6267,11
2025-05-06 14:20:12,c4:7c:8d:6d:28:fa,24.2,83,1993,2144
2025-05-06 14:20:15,c4:7c:8d:6d:24:ed,24.7,49,2007,905
2025-05-06 14:30:39,c4:7c:8d:6d:4e:df,24.5,94,1100,3581
2025-05-06 14:30:41,c4:7c:8d:6d:26:c9,25.5,14,5210,11
2025-05-06 14:30:43,c4:7c:8d:6d:28:fa,24.0,83,915,2148
2025-05-06 14:30:46,c4:7c:8d:6d:24:ed,24.4,49,1395,917
2025-05-06 14:41:09,c4:7c:8d:6d:4e:df,24.3,94,1097,3512
2025-05-06 14:41:12,c4:7c:8d:6d:26:c9,25.3,14,5122,12
2025-05-06 14:41:16,c4:7c:8d:6d:28:fa,23.9,82,787,2143
2025-05-06 14:41:20,c4:7c:8d:6d:24:ed,24.2,49,1425,919
2025-05-06 14:51:43,c4:7c:8d:6d:4e:df,24.2,93,1072,3479
2025-05-06 14:51:48,c4:7c:8d:6d:26:c9,25.1,14,5134,12
2025-05-06 14:51:50,c4:7c:8d:6d:28:fa,23.7,82,931,2120
2025-05-06 14:51:53,c4:7c:8d:6d:24:ed,24.2,49,1383,914
2025-05-06 15:02:16,c4:7c:8d:6d:4e:df,24.0,92,1037,3338
2025-05-06 15:02:19,c4:7c:8d:6d:26:c9,25.2,13,5032,11
2025-05-06 15:02:22,c4:7c:8d:6d:28:fa,23.7,82,759,2112
2025-05-06 15:02:25,c4:7c:8d:6d:24:ed,24.1,49,1413,919
2025-05-06 15:12:49,c4:7c:8d:6d:4e:df,24.0,93,997,3332
2025-05-06 15:12:52,c4:7c:8d:6d:26:c9,25.1,13,5118,12
2025-05-06 15:12:56,c4:7c:8d:6d:28:fa,23.7,82,1009,2088
2025-05-06 15:13:01,c4:7c:8d:6d:24:ed,24.1,49,1373,919
2025-05-06 15:23:25,c4:7c:8d:6d:4e:df,24.0,93,1060,3338
2025-05-06 15:23:27,c4:7c:8d:6d:26:c9,25.0,14,5105,12
2025-05-06 15:23:40,c4:7c:8d:6d:28:fa,23.6,82,915,2077
2025-05-06 15:23:43,c4:7c:8d:6d:24:ed,24.0,49,1339,919
2025-05-06 15:34:06,c4:7c:8d:6d:4e:df,24.0,92,50,3320
2025-05-06 15:34:09,c4:7c:8d:6d:26:c9,24.9,13,166,12
2025-05-06 15:34:14,c4:7c:8d:6d:28:fa,23.4,82,220,2072
2025-05-06 15:34:17,c4:7c:8d:6d:24:ed,24.0,49,117,915
2025-05-06 15:44:40,c4:7c:8d:6d:4e:df,23.7,92,87,3343
2025-05-06 15:44:43,c4:7c:8d:6d:26:c9,24.3,13,233,12
2025-05-06 15:44:45,c4:7c:8d:6d:28:fa,23.2,81,126,2067
2025-05-06 15:44:48,c4:7c:8d:6d:24:ed,23.6,48,74,914
2025-05-06 15:55:11,c4:7c:8d:6d:4e:df,23.7,91,66,3264
2025-05-06 15:55:14,c4:7c:8d:6d:26:c9,24.1,13,35,12
2025-05-06 15:55:16,c4:7c:8d:6d:28:fa,23.1,81,250,2066
2025-05-06 15:55:19,c4:7c:8d:6d:24:ed,23.5,48,117,923
2025-05-06 16:05:42,c4:7c:8d:6d:4e:df,23.5,91,50,3276
2025-05-06 16:05:45,c4:7c:8d:6d:26:c9,23.9,13,234,13
2025-05-06 16:05:47,c4:7c:8d:6d:28:fa,23.0,81,126,2070
2025-05-06 16:05:50,c4:7c:8d:6d:24:ed,23.5,48,94,920
2025-05-06 16:16:15,c4:7c:8d:6d:4e:df,23.4,91,27,3276
2025-05-06 16:16:18,c4:7c:8d:6d:26:c9,23.8,13,186,13
2025-05-06 16:16:22,c4:7c:8d:6d:28:fa,23.0,81,250,2057
2025-05-06 16:16:26,c4:7c:8d:6d:24:ed,23.3,48,115,914
2025-05-06 16:26:49,c4:7c:8d:6d:4e:df,23.5,91,89,3256
2025-05-06 16:26:52,c4:7c:8d:6d:26:c9,23.8,13,234,12
2025-05-06 16:26:54,c4:7c:8d:6d:28:fa,22.9,81,126,2046
2025-05-06 16:26:57,c4:7c:8d:6d:24:ed,23.3,48,0,915
2025-05-06 16:37:20,c4:7c:8d:6d:4e:df,23.3,91,69,3207
2025-05-06 16:37:23,c4:7c:8d:6d:26:c9,23.7,13,186,13
2025-05-06 16:37:25,c4:7c:8d:6d:28:fa,22.9,81,220,2061
2025-05-06 16:37:29,c4:7c:8d:6d:24:ed,23.2,48,135,919
2025-05-06 16:47:53,c4:7c:8d:6d:4e:df,23.2,91,13,3262
2025-05-06 16:47:58,c4:7c:8d:6d:26:c9,23.6,13,185,13
2025-05-06 16:48:01,c4:7c:8d:6d:28:fa,22.9,81,234,2050
2025-05-06 16:48:04,c4:7c:8d:6d:24:ed,23.1,48,55,914
2025-05-06 16:58:28,c4:7c:8d:6d:4e:df,23.3,91,9,3212
2025-05-06 16:58:31,c4:7c:8d:6d:26:c9,23.6,13,186,11
2025-05-06 16:58:34,c4:7c:8d:6d:28:fa,22.7,81,158,2038
2025-05-06 16:58:37,c4:7c:8d:6d:24:ed,23.2,48,117,910
2025-05-06 17:09:01,c4:7c:8d:6d:4e:df,23.2,91,132,3188
2025-05-06 17:09:04,c4:7c:8d:6d:26:c9,23.6,13,234,11
2025-05-06 17:09:07,c4:7c:8d:6d:28:fa,22.7,81,220,2053
2025-05-06 17:09:10,c4:7c:8d:6d:24:ed,23.1,49,115,912
2025-05-06 17:19:33,c4:7c:8d:6d:4e:df,23.3,91,87,3194
2025-05-06 17:19:36,c4:7c:8d:6d:26:c9,23.6,13,166,13
2025-05-06 17:19:40,c4:7c:8d:6d:28:fa,22.7,80,50,2029
2025-05-06 17:19:45,c4:7c:8d:6d:24:ed,23.1,48,94,912
2025-05-06 17:30:09,c4:7c:8d:6d:4e:df,23.2,90,132,3218
2025-05-06 17:30:12,c4:7c:8d:6d:26:c9,23.6,13,267,13
2025-05-06 17:30:15,c4:7c:8d:6d:28:fa,22.6,80,202,2032
2025-05-06 17:30:18,c4:7c:8d:6d:24:ed,23.1,48,115,906
2025-05-06 17:40:42,c4:7c:8d:6d:4e:df,23.1,91,112,3194
2025-05-06 17:40:45,c4:7c:8d:6d:26:c9,23.6,13,166,12
2025-05-06 17:40:48,c4:7c:8d:6d:28:fa,22.5,80,50,2017
2025-05-06 17:40:51,c4:7c:8d:6d:24:ed,23.1,48,118,914
2025-05-06 17:51:14,c4:7c:8d:6d:4e:df,23.1,90,66,3200
2025-05-06 17:51:16,c4:7c:8d:6d:26:c9,23.4,13,234,13
2025-05-06 17:51:19,c4:7c:8d:6d:28:fa,22.6,80,268,2032
2025-05-06 17:51:22,c4:7c:8d:6d:24:ed,23.2,48,94,918
2025-05-06 18:01:45,c4:7c:8d:6d:4e:df,23.1,90,53,3144
2025-05-06 18:01:49,c4:7c:8d:6d:26:c9,23.4,13,167,13
2025-05-06 18:01:51,c4:7c:8d:6d:28:fa,22.6,79,158,2020
2025-05-06 18:01:54,c4:7c:8d:6d:24:ed,23.0,48,117,910
2025-05-06 18:12:20,c4:7c:8d:6d:26:c9,23.3,13,233,13
2025-05-06 18:12:23,c4:7c:8d:6d:28:fa,22.5,80,234,2027
2025-05-06 18:12:26,c4:7c:8d:6d:24:ed,23.1,48,78,903
2025-05-06 18:22:49,c4:7c:8d:6d:4e:df,23.1,90,66,3130
2025-05-06 18:22:53,c4:7c:8d:6d:26:c9,23.4,13,202,12
2025-05-06 18:22:56,c4:7c:8d:6d:28:fa,22.6,79,126,2004
2025-05-06 18:22:59,c4:7c:8d:6d:24:ed,23.1,48,115,900
2025-05-06 18:33:22,c4:7c:8d:6d:4e:df,23.1,90,92,3180
2025-05-06 18:33:28,c4:7c:8d:6d:28:fa,22.5,79,250,2015
2025-05-06 18:33:34,c4:7c:8d:6d:24:ed,23.1,48,74,899
2025-05-06 18:43:57,c4:7c:8d:6d:4e:df,23.1,90,110,3200
2025-05-06 18:44:00,c4:7c:8d:6d:26:c9,23.4,13,155,13
2025-05-06 18:44:03,c4:7c:8d:6d:28:fa,22.5,79,87,1988
2025-05-06 18:44:07,c4:7c:8d:6d:24:ed,23.1,48,118,900
2025-05-06 18:54:30,c4:7c:8d:6d:4e:df,23.0,90,0,3180
2025-05-06 18:54:33,c4:7c:8d:6d:26:c9,23.5,13,233,13
2025-05-06 18:54:36,c4:7c:8d:6d:28:fa,22.5,79,220,1988
2025-05-06 18:54:41,c4:7c:8d:6d:24:ed,23.0,48,94,899
2025-05-06 19:05:05,c4:7c:8d:6d:4e:df,23.1,90,108,3180
2025-05-06 19:05:09,c4:7c:8d:6d:28:fa,22.4,80,126,2004
2025-05-06 19:05:12,c4:7c:8d:6d:24:ed,23.0,48,99,899
2025-05-06 19:15:37,c4:7c:8d:6d:4e:df,23.0,90,65,3104
2025-05-06 19:15:40,c4:7c:8d:6d:26:c9,23.6,13,233,13
2025-05-06 19:15:42,c4:7c:8d:6d:28:fa,22.4,79,202,1991
2025-05-06 19:15:45,c4:7c:8d:6d:24:ed,23.1,48,117,899
2025-05-06 19:26:08,c4:7c:8d:6d:4e:df,23.1,90,112,3130
2025-05-06 19:26:11,c4:7c:8d:6d:26:c9,23.6,13,167,12
2025-05-06 19:26:14,c4:7c:8d:6d:28:fa,22.4,80,50,1975
2025-05-06 19:26:19,c4:7c:8d:6d:24:ed,23.1,48,120,891
2025-05-06 19:36:42,c4:7c:8d:6d:4e:df,23.2,90,45,3130
2025-05-06 19:36:45,c4:7c:8d:6d:26:c9,23.4,13,233,12
2025-05-06 19:36:47,c4:7c:8d:6d:28:fa,22.4,79,202,1979
2025-05-06 19:36:50,c4:7c:8d:6d:24:ed,23.0,48,0,895
2025-05-06 19:47:13,c4:7c:8d:6d:4e:df,23.0,90,112,3130
2025-05-06 19:47:16,c4:7c:8d:6d:26:c9,23.6,13,166,13
2025-05-06 19:47:19,c4:7c:8d:6d:28:fa,22.4,79,126,1960
2025-05-06 19:47:23,c4:7c:8d:6d:24:ed,23.1,48,118,882
2025-05-06 19:57:48,c4:7c:8d:6d:4e:df,23.0,90,13,3110
2025-05-06 19:57:53,c4:7c:8d:6d:28:fa,22.4,79,202,1967
2025-05-06 19:57:56,c4:7c:8d:6d:24:ed,23.0,48,56,896
2025-05-06 20:08:19,c4:7c:8d:6d:4e:df,23.0,90,90,3104
2025-05-06 20:08:22,c4:7c:8d:6d:26:c9,23.3,13,236,12
2025-05-06 20:08:25,c4:7c:8d:6d:28:fa,22.4,80,87,1940
2025-05-06 20:08:28,c4:7c:8d:6d:24:ed,23.0,48,43,896
2025-05-06 20:18:51,c4:7c:8d:6d:4e:df,22.9,91,87,3130
2025-05-06 20:18:54,c4:7c:8d:6d:26:c9,23.5,13,115,12
2025-05-06 20:18:58,c4:7c:8d:6d:28:fa,22.4,78,218,1967
2025-05-06 20:19:03,c4:7c:8d:6d:24:ed,23.0,48,0,883
2025-05-06 20:29:27,c4:7c:8d:6d:4e:df,23.0,90,128,3080
2025-05-06 20:29:30,c4:7c:8d:6d:26:c9,23.3,13,233,12
2025-05-06 20:29:33,c4:7c:8d:6d:28:fa,22.4,78,87,1955
2025-05-06 20:29:36,c4:7c:8d:6d:24:ed,23.0,48,118,893
2025-05-06 20:39:59,c4:7c:8d:6d:4e:df,23.0,90,108,3104
2025-05-06 20:40:01,c4:7c:8d:6d:26:c9,23.3,13,81,12
2025-05-06 20:40:04,c4:7c:8d:6d:28:fa,22.4,78,202,1959
2025-05-06 20:40:07,c4:7c:8d:6d:24:ed,23.0,48,74,887
2025-05-06 20:50:30,c4:7c:8d:6d:4e:df,23.0,90,90,3110
2025-05-06 20:50:32,c4:7c:8d:6d:26:c9,23.3,13,234,13
2025-05-06 20:50:35,c4:7c:8d:6d:28:fa,22.3,78,126,1946
2025-05-06 20:50:38,c4:7c:8d:6d:24:ed,22.9,47,21,900
2025-05-06 21:01:01,c4:7c:8d:6d:4e:df,22.8,90,108,3085
2025-05-06 21:01:03,c4:7c:8d:6d:26:c9,23.3,13,166,13
2025-05-06 21:01:06,c4:7c:8d:6d:28:fa,22.3,78,202,1946
2025-05-06 21:01:09,c4:7c:8d:6d:24:ed,22.9,47,94,889
2025-05-06 21:11:32,c4:7c:8d:6d:4e:df,22.8,89,107,3085
2025-05-06 21:11:34,c4:7c:8d:6d:26:c9,23.2,13,253,11
2025-05-06 21:11:37,c4:7c:8d:6d:28:fa,22.3,78,126,1950
2025-05-06 21:11:40,c4:7c:8d:6d:24:ed,22.7,47,99,885
2025-05-06 21:22:03,c4:7c:8d:6d:4e:df,22.8,90,108,3096
2025-05-06 21:22:05,c4:7c:8d:6d:26:c9,23.2,13,215,13
2025-05-06 21:22:08,c4:7c:8d:6d:28:fa,22.2,78,206,1950
2025-05-06 21:22:11,c4:7c:8d:6d:24:ed,23.0,47,58,881
2025-05-06 21:32:34,c4:7c:8d:6d:4e:df,22.6,89,87,3065
2025-05-06 21:32:38,c4:7c:8d:6d:26:c9,23.1,13,253,13
2025-05-06 21:32:40,c4:7c:8d:6d:28:fa,22.2,78,158,1937
2025-05-06 21:32:43,c4:7c:8d:6d:24:ed,22.8,47,0,881
2025-05-06 21:43:06,c4:7c:8d:6d:4e:df,22.8,90,112,3041
2025-05-06 21:43:09,c4:7c:8d:6d:26:c9,23.1,13,186,13
2025-05-06 21:43:11,c4:7c:8d:6d:28:fa,22.2,78,234,1937
2025-05-06 21:43:14,c4:7c:8d:6d:24:ed,22.8,47,95,879
2025-05-06 21:53:37,c4:7c:8d:6d:4e:df,22.6,89,48,3102
2025-05-06 21:53:40,c4:7c:8d:6d:26:c9,23.1,13,189,13
2025-05-06 21:53:44,c4:7c:8d:6d:28:fa,22.0,78,87,1953
2025-05-06 21:53:49,c4:7c:8d:6d:24:ed,22.6,47,139,893
2025-05-06 22:04:12,c4:7c:8d:6d:4e:df,22.6,89,128,3026
2025-05-06 22:04:16,c4:7c:8d:6d:26:c9,23.0,13,233,13
2025-05-06 22:04:18,c4:7c:8d:6d:28:fa,22.0,78,202,1941
2025-05-06 22:04:21,c4:7c:8d:6d:24:ed,22.6,47,74,888
2025-05-06 22:14:44,c4:7c:8d:6d:4e:df,22.6,88,0,3082
2025-05-06 22:14:47,c4:7c:8d:6d:26:c9,23.0,13,97,13
2025-05-06 22:14:49,c4:7c:8d:6d:28:fa,22.0,78,87,1941
2025-05-06 22:14:52,c4:7c:8d:6d:24:ed,22.6,47,138,891
2025-05-06 22:25:15,c4:7c:8d:6d:4e:df,22.6,89,32,3031
2025-05-06 22:25:18,c4:7c:8d:6d:26:c9,23.0,13,236,13
2025-05-06 22:25:21,c4:7c:8d:6d:28:fa,22.1,78,202,1919
2025-05-06 22:25:24,c4:7c:8d:6d:24:ed,22.6,47,56,886
2025-05-06 22:35:47,c4:7c:8d:6d:4e:df,22.6,88,11,3007
2025-05-06 22:35:50,c4:7c:8d:6d:26:c9,22.9,13,99,12
2025-05-06 22:35:52,c4:7c:8d:6d:28:fa,22.0,78,87,1932
2025-05-06 22:35:55,c4:7c:8d:6d:24:ed,22.4,47,81,886
2025-05-06 22:46:18,c4:7c:8d:6d:4e:df,22.5,88,113,3012
2025-05-06 22:46:23,c4:7c:8d:6d:26:c9,22.9,13,217,12
2025-05-06 22:46:26,c4:7c:8d:6d:28:fa,22.0,78,202,1919
2025-05-06 22:46:30,c4:7c:8d:6d:24:ed,22.5,47,1,883
2025-05-06 22:56:55,c4:7c:8d:6d:4e:df,22.4,88,0,2967
2025-05-06 22:56:59,c4:7c:8d:6d:26:c9,22.8,13,150,12
2025-05-06 22:57:02,c4:7c:8d:6d:28:fa,21.9,78,234,1923
2025-05-06 22:57:05,c4:7c:8d:6d:24:ed,22.4,46,120,881
2025-05-06 23:07:28,c4:7c:8d:6d:4e:df,22.4,88,13,3037
2025-05-06 23:07:31,c4:7c:8d:6d:26:c9,22.8,13,253,13
2025-05-06 23:07:34,c4:7c:8d:6d:28:fa,21.8,78,105,1923
2025-05-06 23:07:37,c4:7c:8d:6d:24:ed,22.3,46,56,881
2025-05-06 23:18:00,c4:7c:8d:6d:4e:df,22.3,88,69,3012
2025-05-06 23:18:04,c4:7c:8d:6d:26:c9,22.7,13,58,12
2025-05-06 23:18:07,c4:7c:8d:6d:28:fa,21.7,78,234,1923
2025-05-06 23:18:11,c4:7c:8d:6d:24:ed,22.3,46,139,877
2025-05-06 23:28:35,c4:7c:8d:6d:4e:df,22.3,88,113,3017
2025-05-06 23:28:39,c4:7c:8d:6d:26:c9,22.7,13,220,13
2025-05-06 23:28:42,c4:7c:8d:6d:28:fa,21.8,78,202,1929
2025-05-06 23:28:44,c4:7c:8d:6d:24:ed,22.3,46,94,882
2025-05-06 23:39:08,c4:7c:8d:6d:4e:df,22.3,90,108,2997
2025-05-06 23:39:10,c4:7c:8d:6d:26:c9,22.6,13,60,13
2025-05-06 23:39:13,c4:7c:8d:6d:28:fa,21.7,78,87,1918
2025-05-06 23:39:15,c4:7c:8d:6d:24:ed,22.3,46,120,881
2025-05-06 23:49:39,c4:7c:8d:6d:4e:df,22.3,88,68,2997
2025-05-06 23:49:41,c4:7c:8d:6d:26:c9,22.5,13,218,11
2025-05-06 23:49:44,c4:7c:8d:6d:28:fa,21.7,78,202,1905
2025-05-06 23:49:46,c4:7c:8d:6d:24:ed,22.2,46,76,878
2025-05-07 00:00:10,c4:7c:8d:6d:4e:df,22.3,88,55,3022
2025-05-07 00:00:14,c4:7c:8d:6d:26:c9,22.5,13,42,13
2025-05-07 00:00:18,c4:7c:8d:6d:28:fa,21.7,77,50,1921
2025-05-07 00:00:21,c4:7c:8d:6d:24:ed,22.1,46,118,873
2025-05-07 00:10:45,c4:7c:8d:6d:4e:df,22.3,88,110,2967
2025-05-07 00:10:47,c4:7c:8d:6d:26:c9,22.6,13,220,13
2025-05-07 00:10:50,c4:7c:8d:6d:28:fa,21.7,77,206,1909
2025-05-07 00:10:52,c4:7c:8d:6d:24:ed,22.1,46,1,872
2025-05-07 00:21:16,c4:7c:8d:6d:4e:df,22.2,88,92,2982
2025-05-07 00:21:18,c4:7c:8d:6d:26:c9,22.4,13,166,13
2025-05-07 00:21:21,c4:7c:8d:6d:28:fa,21.6,77,68,1909
2025-05-07 00:21:23,c4:7c:8d:6d:24:ed,22.1,46,0,876
2025-05-07 00:31:47,c4:7c:8d:6d:4e:df,22.0,88,893,3007
2025-05-07 00:31:49,c4:7c:8d:6d:26:c9,22.4,13,3429,11
2025-05-07 00:31:53,c4:7c:8d:6d:28:fa,21.6,77,884,1909
2025-05-07 00:31:56,c4:7c:8d:6d:24:ed,22.1,46,542,876
2025-05-07 00:42:20,c4:7c:8d:6d:4e:df,22.2,88,1044,2946
2025-05-07 00:42:23,c4:7c:8d:6d:26:c9,22.7,13,3843,13
2025-05-07 00:42:26,c4:7c:8d:6d:28:fa,21.9,77,775,1905
2025-05-07 00:42:28,c4:7c:8d:6d:24:ed,22.1,46,645,869
2025-05-07 00:52:52,c4:7c:8d:6d:4e:df,22.2,88,1046,2886
2025-05-07 00:52:55,c4:7c:8d:6d:26:c9,22.9,13,4144,12
2025-05-07 00:52:58,c4:7c:8d:6d:28:fa,21.8,77,884,1874
2025-05-07 00:53:00,c4:7c:8d:6d:24:ed,22.3,46,713,869
2025-05-07 01:03:24,c4:7c:8d:6d:4e:df,22.2,88,966,2916
2025-05-07 01:03:27,c4:7c:8d:6d:26:c9,23.0,13,4429,13
2025-05-07 01:03:40,c4:7c:8d:6d:28:fa,21.8,76,619,1886
2025-05-07 01:03:42,c4:7c:8d:6d:24:ed,22.3,46,932,865
2025-05-07 01:14:06,c4:7c:8d:6d:4e:df,22.2,88,898,2951
2025-05-07 01:14:09,c4:7c:8d:6d:26:c9,23.1,13,4544,11
2025-05-07 01:14:12,c4:7c:8d:6d:28:fa,21.8,76,681,1874
2025-05-07 01:14:15,c4:7c:8d:6d:24:ed,22.3,46,968,858
2025-05-07 01:24:40,c4:7c:8d:6d:4e:df,22.0,88,826,2931
2025-05-07 01:24:43,c4:7c:8d:6d:26:c9,23.1,13,4673,12
2025-05-07 01:24:46,c4:7c:8d:6d:28:fa,21.8,76,681,1865
2025-05-07 01:24:48,c4:7c:8d:6d:24:ed,22.3,46,1041,858
2025-05-07 01:35:12,c4:7c:8d:6d:4e:df,22.2,87,912,2926
2025-05-07 01:35:16,c4:7c:8d:6d:26:c9,23.1,13,4637,13
2025-05-07 01:35:19,c4:7c:8d:6d:28:fa,21.8,76,603,1865
2025-05-07 01:35:21,c4:7c:8d:6d:24:ed,22.2,46,995,865
2025-05-07 01:45:45,c4:7c:8d:6d:4e:df,22.2,86,915,2891
2025-05-07 01:45:47,c4:7c:8d:6d:26:c9,23.1,13,4761,12
2025-05-07 01:45:50,c4:7c:8d:6d:28:fa,21.8,76,712,1861
2025-05-07 01:45:52,c4:7c:8d:6d:24:ed,22.3,46,1026,870
2025-05-07 01:56:17,c4:7c:8d:6d:4e:df,22.1,87,724,2896
2025-05-07 01:56:19,c4:7c:8d:6d:26:c9,23.0,13,4717,13
2025-05-07 01:56:23,c4:7c:8d:6d:28:fa,21.8,76,603,1868
2025-05-07 01:56:27,c4:7c:8d:6d:24:ed,22.2,46,1089,859
2025-05-07 02:06:51,c4:7c:8d:6d:4e:df,22.1,86,902,2837
2025-05-07 02:06:53,c4:7c:8d:6d:26:c9,22.9,13,4812,13
2025-05-07 02:06:56,c4:7c:8d:6d:28:fa,21.8,76,743,1856
2025-05-07 02:06:58,c4:7c:8d:6d:24:ed,22.1,46,1170,857
2025-05-07 02:17:23,c4:7c:8d:6d:4e:df,22.0,87,862,2837
2025-05-07 02:17:25,c4:7c:8d:6d:26:c9,22.9,13,4726,13
2025-05-07 02:17:28,c4:7c:8d:6d:28:fa,21.7,76,603,1856
2025-05-07 02:17:30,c4:7c:8d:6d:24:ed,22.1,46,1182,861
2025-05-07 02:27:54,c4:7c:8d:6d:4e:df,22.1,87,850,2812
2025-05-07 02:27:56,c4:7c:8d:6d:26:c9,22.9,13,4744,13
2025-05-07 02:27:59,c4:7c:8d:6d:28:fa,21.7,76,774,1828
2025-05-07 02:28:01,c4:7c:8d:6d:24:ed,22.1,46,1132,861
2025-05-07 02:38:25,c4:7c:8d:6d:4e:df,22.0,87,814,2842
2025-05-07 02:38:27,c4:7c:8d:6d:26:c9,23.0,13,4726,13
2025-05-07 02:38:30,c4:7c:8d:6d:28:fa,21.7,76,635,1834
2025-05-07 02:38:32,c4:7c:8d:6d:24:ed,22.1,45,1244,853
2025-05-07 02:48:56,c4:7c:8d:6d:4e:df,22.0,87,851,2847
2025-05-07 02:48:59,c4:7c:8d:6d:26:c9,23.0,13,4816,13
2025-05-07 02:49:02,c4:7c:8d:6d:28:fa,21.7,76,774,1834
2025-05-07 02:49:04,c4:7c:8d:6d:24:ed,22.1,45,1203,857
2025-05-07 02:59:28,c4:7c:8d:6d:28:fa,21.5,76,666,1834
2025-05-07 03:09:51,c4:7c:8d:6d:4e:df,22.0,86,784,2753
2025-05-07 03:09:55,c4:7c:8d:6d:26:c9,23.0,13,4735,13
2025-05-07 03:09:58,c4:7c:8d:6d:28:fa,21.6,76,855,1822
2025-05-07 03:10:00,c4:7c:8d:6d:24:ed,22.0,45,1240,853
2025-05-07 03:20:24,c4:7c:8d:6d:4e:df,21.8,86,818,2758
2025-05-07 03:20:27,c4:7c:8d:6d:26:c9,22.9,13,4797,13
2025-05-07 03:20:30,c4:7c:8d:6d:28:fa,21.6,76,728,1838
2025-05-07 03:20:32,c4:7c:8d:6d:24:ed,22.0,45,1220,845
2025-05-07 03:30:57,c4:7c:8d:6d:4e:df,21.8,86,720,2763
2025-05-07 03:30:59,c4:7c:8d:6d:26:c9,22.8,13,4721,13
2025-05-07 03:31:02,c4:7c:8d:6d:28:fa,21.4,76,851,1822
2025-05-07 03:31:04,c4:7c:8d:6d:24:ed,21.9,45,1228,849
2025-05-07 03:41:29,c4:7c:8d:6d:4e:df,21.9,86,770,2734
2025-05-07 03:41:32,c4:7c:8d:6d:26:c9,22.9,13,4812,11
2025-05-07 03:41:35,c4:7c:8d:6d:28:fa,21.5,76,725,1804
2025-05-07 03:41:38,c4:7c:8d:6d:24:ed,22.0,45,1228,850
2025-05-07 03:52:04,c4:7c:8d:6d:4e:df,21.9,86,761,2758
2025-05-07 03:52:07,c4:7c:8d:6d:26:c9,22.8,13,4699,12
2025-05-07 03:52:10,c4:7c:8d:6d:28:fa,21.5,75,898,1817
2025-05-07 03:52:14,c4:7c:8d:6d:24:ed,22.0,45,1215,846
2025-05-07 04:02:40,c4:7c:8d:6d:4e:df,21.8,86,690,2738
2025-05-07 04:02:43,c4:7c:8d:6d:26:c9,22.7,13,4783,12
2025-05-07 04:02:47,c4:7c:8d:6d:28:fa,21.5,75,855,1817
2025-05-07 04:02:51,c4:7c:8d:6d:24:ed,22.0,45,1232,846
2025-05-07 04:13:15,c4:7c:8d:6d:4e:df,21.9,85,747,2734
2025-05-07 04:13:18,c4:7c:8d:6d:26:c9,22.8,13,4797,13
2025-05-07 04:13:21,c4:7c:8d:6d:28:fa,21.4,75,731,1807
2025-05-07 04:13:23,c4:7c:8d:6d:24:ed,22.0,45,1119,838
2025-05-07 04:23:46,c4:7c:8d:6d:4e:df,21.6,85,784,2644
2025-05-07 04:23:50,c4:7c:8d:6d:26:c9,22.7,13,4691,12
2025-05-07 04:23:53,c4:7c:8d:6d:28:fa,21.4,75,868,1801
2025-05-07 04:23:55,c4:7c:8d:6d:24:ed,21.8,45,1228,838
2025-05-07 04:34:18,c4:7c:8d:6d:4e:df,21.7,85,764,2684
2025-05-07 04:34:21,c4:7c:8d:6d:26:c9,22.7,13,4751,13
2025-05-07 04:34:24,c4:7c:8d:6d:28:fa,21.3,75,697,1798
2025-05-07 04:34:26,c4:7c:8d:6d:24:ed,21.8,45,1203,842
2025-05-07 04:44:49,c4:7c:8d:6d:4e:df,21.6,85,704,2684
2025-05-07 04:44:52,c4:7c:8d:6d:26:c9,22.7,13,4686,13
2025-05-07 04:44:56,c4:7c:8d:6d:28:fa,21.3,75,933,1793
2025-05-07 04:44:59,c4:7c:8d:6d:24:ed,21.9,45,1273,839
2025-05-07 04:55:23,c4:7c:8d:6d:4e:df,21.7,85,747,2624
2025-05-07 04:55:26,c4:7c:8d:6d:26:c9,22.8,13,4765,11
2025-05-07 04:55:29,c4:7c:8d:6d:28:fa,21.3,75,821,1793
2025-05-07 04:55:31,c4:7c:8d:6d:24:ed,21.8,45,1160,845
2025-05-07 05:05:54,c4:7c:8d:6d:4e:df,21.6,85,767,2629
2025-05-07 05:05:57,c4:7c:8d:6d:26:c9,22.7,13,4683,12
2025-05-07 05:06:00,c4:7c:8d:6d:28:fa,21.3,75,855,1793
2025-05-07 05:06:02,c4:7c:8d:6d:24:ed,21.7,45,1164,836
2025-05-07 05:16:26,c4:7c:8d:6d:4e:df,21.6,85,713,2594
2025-05-07 05:16:28,c4:7c:8d:6d:26:c9,22.6,13,4784,13
2025-05-07 05:16:32,c4:7c:8d:6d:28:fa,21.3,74,712,1796
2025-05-07 05:16:36,c4:7c:8d:6d:24:ed,21.8,45,1240,836
2025-05-07 05:26:59,c4:7c:8d:6d:4e:df,21.4,85,706,2594
2025-05-07 05:27:02,c4:7c:8d:6d:26:c9,22.6,13,4734,13
2025-05-07 05:27:08,c4:7c:8d:6d:28:fa,21.2,74,872,1777
2025-05-07 05:27:11,c4:7c:8d:6d:24:ed,21.7,45,1277,836
2025-05-07 05:37:36,c4:7c:8d:6d:4e:df,21.6,85,716,2534
2025-05-07 05:37:39,c4:7c:8d:6d:26:c9,22.7,13,4746,13
2025-05-07 05:37:43,c4:7c:8d:6d:28:fa,21.2,74,839,1777
2025-05-07 05:37:46,c4:7c:8d:6d:24:ed,21.8,45,1248,832
2025-05-07 05:48:13,c4:7c:8d:6d:4e:df,21.5,85,767,2534
2025-05-07 05:48:16,c4:7c:8d:6d:26:c9,22.6,13,4820,13
2025-05-07 05:48:20,c4:7c:8d:6d:28:fa,21.2,74,712,1777
2025-05-07 05:48:23,c4:7c:8d:6d:24:ed,21.7,45,1202,826
2025-05-07 05:58:47,c4:7c:8d:6d:4e:df,21.4,86,649,2479
2025-05-07 05:58:55,c4:7c:8d:6d:26:c9,22.6,13,4785,12
2025-05-07 05:58:59,c4:7c:8d:6d:28:fa,21.2,73,839,1768
2025-05-07 05:59:04,c4:7c:8d:6d:24:ed,21.7,45,1232,827
2025-05-07 06:09:27,c4:7c:8d:6d:4e:df,21.4,85,704,2505
2025-05-07 06:09:30,c4:7c:8d:6d:26:c9,22.7,13,4832,13
2025-05-07 06:09:34,c4:7c:8d:6d:28:fa,21.2,73,851,1771
2025-05-07 06:09:36,c4:7c:8d:6d:24:ed,21.7,45,1289,821
2025-05-07 06:19:59,c4:7c:8d:6d:4e:df,21.5,85,693,2424
2025-05-07 06:20:02,c4:7c:8d:6d:26:c9,22.4,13,4785,13
2025-05-07 06:20:05,c4:7c:8d:6d:28:fa,21.2,73,743,1762
2025-05-07 06:20:08,c4:7c:8d:6d:24:ed,21.7,45,1207,827
2025-05-07 06:30:33,c4:7c:8d:6d:4e:df,21.6,85,2199,2505
2025-05-07 06:30:36,c4:7c:8d:6d:26:c9,22.7,13,6070,13
2025-05-07 06:30:40,c4:7c:8d:6d:28:fa,21.2,73,2288,1759
2025-05-07 06:30:42,c4:7c:8d:6d:24:ed,21.8,45,1925,815
2025-05-07 06:41:05,c4:7c:8d:6d:4e:df,21.9,85,2181,2501
2025-05-07 06:41:08,c4:7c:8d:6d:26:c9,23.0,13,5970,13
2025-05-07 06:41:11,c4:7c:8d:6d:28:fa,21.4,73,2080,1765
2025-05-07 06:41:13,c4:7c:8d:6d:24:ed,21.9,45,1815,818
2025-05-07 06:51:36,c4:7c:8d:6d:4e:df,21.8,85,2237,2585
2025-05-07 06:51:39,c4:7c:8d:6d:26:c9,23.0,13,6070,12
2025-05-07 06:51:43,c4:7c:8d:6d:28:fa,21.4,73,2210,1765
2025-05-07 06:51:47,c4:7c:8d:6d:24:ed,22.0,45,1941,812
2025-05-07 07:02:10,c4:7c:8d:6d:4e:df,21.9,84,2242,2611
2025-05-07 07:02:13,c4:7c:8d:6d:26:c9,23.1,13,6055,13
2025-05-07 07:02:16,c4:7c:8d:6d:28:fa,21.4,73,2036,1783
2025-05-07 07:02:20,c4:7c:8d:6d:24:ed,22.1,45,1913,814
2025-05-07 07:12:43,c4:7c:8d:6d:4e:df,22.0,85,2371,2572
2025-05-07 07:12:46,c4:7c:8d:6d:26:c9,23.1,13,6026,12
2025-05-07 07:12:49,c4:7c:8d:6d:28:fa,21.4,73,2132,1780
2025-05-07 07:12:54,c4:7c:8d:6d:24:ed,22.2,45,1956,817
2025-05-07 07:23:17,c4:7c:8d:6d:4e:df,22.2,85,2572,2567
2025-05-07 07:23:20,c4:7c:8d:6d:26:c9,23.2,13,6011,12
2025-05-07 07:23:23,c4:7c:8d:6d:28:fa,21.5,73,1993,1790
2025-05-07 07:23:25,c4:7c:8d:6d:24:ed,22.3,45,1930,815
2025-05-07 07:33:49,c4:7c:8d:6d:4e:df,22.3,85,2652,2597
2025-05-07 07:33:52,c4:7c:8d:6d:26:c9,23.1,13,5821,13
2025-05-07 07:33:54,c4:7c:8d:6d:28:fa,21.5,73,2132,1774
2025-05-07 07:33:57,c4:7c:8d:6d:24:ed,22.3,45,1988,814
2025-05-07 07:44:21,c4:7c:8d:6d:4e:df,22.3,84,2770,2534
2025-05-07 07:44:24,c4:7c:8d:6d:26:c9,23.2,13,5819,13
2025-05-07 07:44:27,c4:7c:8d:6d:28:fa,21.6,73,2036,1774
2025-05-07 07:44:32,c4:7c:8d:6d:24:ed,22.3,45,1973,810
2025-05-07 07:54:56,c4:7c:8d:6d:4e:df,22.3,85,2847,2534
2025-05-07 07:55:01,c4:7c:8d:6d:28:fa,21.6,73,2116,1780
2025-05-07 07:55:03,c4:7c:8d:6d:24:ed,22.3,45,2003,807
2025-05-07 08:05:28,c4:7c:8d:6d:4e:df,22.4,84,2988,2504
2025-05-07 08:05:32,c4:7c:8d:6d:26:c9,23.3,13,5786,12
2025-05-07 08:05:34,c4:7c:8d:6d:28:fa,21.6,73,1949,1771
2025-05-07 08:05:37,c4:7c:8d:6d:24:ed,22.3,45,1976,804
2025-05-07 08:16:01,c4:7c:8d:6d:4e:df,22.4,83,2939,2471
2025-05-07 08:16:06,c4:7c:8d:6d:28:fa,21.8,73,2173,1762
2025-05-07 08:16:08,c4:7c:8d:6d:24:ed,22.3,45,2003,810
2025-05-07 08:26:33,c4:7c:8d:6d:4e:df,22.6,83,3067,2525
2025-05-07 08:26:36,c4:7c:8d:6d:26:c9,23.4,13,5627,12
2025-05-07 08:26:38,c4:7c:8d:6d:28:fa,21.7,73,2163,1771
2025-05-07 08:26:42,c4:7c:8d:6d:24:ed,22.3,45,1992,800
2025-05-07 08:37:07,c4:7c:8d:6d:4e:df,22.8,83,3129,2458
2025-05-07 08:37:10,c4:7c:8d:6d:26:c9,23.5,13,5814,13
2025-05-07 08:37:12,c4:7c:8d:6d:28:fa,22.0,73,2036,1755
2025-05-07 08:37:15,c4:7c:8d:6d:24:ed,22.5,45,2018,803
2025-05-07 08:47:38,c4:7c:8d:6d:4e:df,23.1,84,3194,2353
2025-05-07 08:47:43,c4:7c:8d:6d:26:c9,23.8,13,5894,13
2025-05-07 08:47:46,c4:7c:8d:6d:28:fa,22.2,73,2204,1735
2025-05-07 08:58:10,c4:7c:8d:6d:4e:df,23.3,83,3122,2411
2025-05-07 08:58:13,c4:7c:8d:6d:26:c9,23.8,13,6020,13
2025-05-07 08:58:17,c4:7c:8d:6d:28:fa,22.3,73,2112,1735
2025-05-07 08:58:21,c4:7c:8d:6d:24:ed,23.0,45,1955,800
2025-05-07 09:08:44,c4:7c:8d:6d:4e:df,23.3,83,3148,2370
2025-05-07 09:08:47,c4:7c:8d:6d:26:c9,24.0,13,6050,13
2025-05-07 09:08:51,c4:7c:8d:6d:28:fa,22.4,73,2257,1737
2025-05-07 09:08:53,c4:7c:8d:6d:24:ed,23.0,45,1966,796
2025-05-07 09:19:17,c4:7c:8d:6d:4e:df,23.7,85,3114,2324
2025-05-07 09:19:22,c4:7c:8d:6d:28:fa,22.7,73,2126,1723
2025-05-07 09:19:25,c4:7c:8d:6d:24:ed,23.1,45,1903,793
2025-05-07 09:29:50,c4:7c:8d:6d:26:c9,24.5,13,6026,12
2025-05-07 09:29:55,c4:7c:8d:6d:28:fa,22.8,73,2210,1720
2025-05-07 09:29:58,c4:7c:8d:6d:24:ed,23.4,45,1930,790
2025-05-07 09:40:22,c4:7c:8d:6d:4e:df,24.2,84,3163,2254
2025-05-07 09:40:25,c4:7c:8d:6d:26:c9,24.5,13,6050,12
2025-05-07 09:40:27,c4:7c:8d:6d:28:fa,23.0,73,2190,1714
2025-05-07 09:40:30,c4:7c:8d:6d:24:ed,23.6,45,1936,789
2025-05-07 09:50:53,c4:7c:8d:6d:4e:df,24.2,83,3132,2226
2025-05-07 09:50:56,c4:7c:8d:6d:26:c9,24.8,13,5961,14
2025-05-07 09:50:59,c4:7c:8d:6d:28:fa,23.2,73,2210,1716
2025-05-07 09:51:04,c4:7c:8d:6d:24:ed,23.6,45,1924,784
2025-05-07 10:01:27,c4:7c:8d:6d:4e:df,24.2,84,3185,2246
2025-05-07 10:01:30,c4:7c:8d:6d:26:c9,24.9,13,6041,12
2025-05-07 10:01:33,c4:7c:8d:6d:28:fa,23.3,73,2096,1708
2025-05-07 10:01:38,c4:7c:8d:6d:24:ed,23.7,45,1950,783
2025-05-07 10:12:02,c4:7c:8d:6d:4e:df,24.3,83,3160,2242
2025-05-07 10:12:05,c4:7c:8d:6d:26:c9,25.0,13,6070,14
2025-05-07 10:12:08,c4:7c:8d:6d:28:fa,23.2,73,2257,1713
2025-05-07 10:22:35,c4:7c:8d:6d:4e:df,24.5,83,3165,2299
2025-05-07 10:22:38,c4:7c:8d:6d:26:c9,25.0,13,6084,12
2025-05-07 10:22:42,c4:7c:8d:6d:24:ed,23.8,45,1983,787
2025-05-07 10:33:06,c4:7c:8d:6d:4e:df,24.5,83,3203,2238
2025-05-07 10:33:09,c4:7c:8d:6d:26:c9,25.0,13,6005,15
2025-05-07 10:33:11,c4:7c:8d:6d:28:fa,23.3,73,2241,1705
2025-05-07 10:33:14,c4:7c:8d:6d:24:ed,23.9,45,1987,782
2025-05-07 10:43:39,c4:7c:8d:6d:4e:df,24.5,83,3283,2195
2025-05-07 10:43:42,c4:7c:8d:6d:26:c9,25.0,13,6042,14
2025-05-07 10:43:44,c4:7c:8d:6d:28:fa,23.2,72,2257,1705
2025-05-07 10:43:48,c4:7c:8d:6d:24:ed,24.0,45,2003,790
2025-05-07 10:54:13,c4:7c:8d:6d:4e:df,24.6,83,3318,2183
2025-05-07 10:54:16,c4:7c:8d:6d:26:c9,25.0,13,5903,12
2025-05-07 10:54:19,c4:7c:8d:6d:28:fa,23.4,72,2204,1705
2025-05-07 10:54:23,c4:7c:8d:6d:24:ed,24.0,45,1945,784
2025-05-07 11:04:48,c4:7c:8d:6d:26:c9,25.1,13,6005,14
2025-05-07 11:04:51,c4:7c:8d:6d:28:fa,23.4,72,2079,1690
2025-05-07 11:04:54,c4:7c:8d:6d:24:ed,24.3,45,2003,787
2025-05-07 11:15:17,c4:7c:8d:6d:4e:df,25.0,82,3557,2183
2025-05-07 11:15:22,c4:7c:8d:6d:28:fa,23.8,72,2204,1681
2025-05-07 11:15:27,c4:7c:8d:6d:24:ed,24.6,45,2008,782
2025-05-07 11:25:50,c4:7c:8d:6d:4e:df,25.1,82,3544,2163
2025-05-07 11:25:54,c4:7c:8d:6d:26:c9,25.6,13,5955,12
2025-05-07 11:25:58,c4:7c:8d:6d:28:fa,24.0,72,1992,1675
2025-05-07 11:26:01,c4:7c:8d:6d:24:ed,24.7,45,1987,774
2025-05-07 11:36:25,c4:7c:8d:6d:4e:df,25.3,82,3656,2143
2025-05-07 11:36:28,c4:7c:8d:6d:26:c9,25.7,13,6026,12
2025-05-07 11:36:31,c4:7c:8d:6d:28:fa,24.1,72,2142,1680
2025-05-07 11:36:34,c4:7c:8d:6d:24:ed,24.8,45,1919,778
2025-05-07 11:46:58,c4:7c:8d:6d:4e:df,25.4,82,3639,2139
2025-05-07 11:47:00,c4:7c:8d:6d:26:c9,25.7,13,5991,12
2025-05-07 11:47:04,c4:7c:8d:6d:28:fa,24.0,72,1992,1687
2025-05-07 11:57:30,c4:7c:8d:6d:4e:df,25.1,81,3648,2121
2025-05-07 11:57:32,c4:7c:8d:6d:26:c9,25.7,13,6114,14
2025-05-07 11:57:35,c4:7c:8d:6d:28:fa,24.0,72,2116,1681
2025-05-07 11:57:39,c4:7c:8d:6d:24:ed,24.7,45,2034,781
2025-05-07 12:08:04,c4:7c:8d:6d:4e:df,25.5,81,3611,2117
2025-05-07 12:08:08,c4:7c:8d:6d:28:fa,24.3,72,2067,1671
2025-05-07 12:08:11,c4:7c:8d:6d:24:ed,25.1,45,1980,771
2025-05-07 12:18:35,c4:7c:8d:6d:4e:df,25.8,81,3657,2116
2025-05-07 12:18:41,c4:7c:8d:6d:28:fa,24.7,72,1933,1656
2025-05-07 12:18:46,c4:7c:8d:6d:24:ed,25.4,46,2055,771
2025-05-07 12:29:09,c4:7c:8d:6d:4e:df,25.9,82,3677,2097
2025-05-07 12:29:11,c4:7c:8d:6d:26:c9,26.3,13,6048,15
2025-05-07 12:29:14,c4:7c:8d:6d:28:fa,25.0,72,2126,1636
2025-05-07 12:39:41,c4:7c:8d:6d:4e:df,26.1,83,3709,2051
2025-05-07 12:39:44,c4:7c:8d:6d:26:c9,26.5,13,6174,15
2025-05-07 12:39:46,c4:7c:8d:6d:28:fa,25.1,72,2126,1630
2025-05-07 12:39:49,c4:7c:8d:6d:24:ed,25.7,46,2011,764
2025-05-07 12:50:13,c4:7c:8d:6d:4e:df,26.3,81,3695,2082
2025-05-07 12:50:16,c4:7c:8d:6d:26:c9,26.7,13,6092,15
2025-05-07 12:50:18,c4:7c:8d:6d:28:fa,25.2,72,1933,1638
2025-05-07 13:00:43,c4:7c:8d:6d:4e:df,26.3,82,3652,2043
2025-05-07 13:00:46,c4:7c:8d:6d:26:c9,26.7,13,6195,15
2025-05-07 13:00:48,c4:7c:8d:6d:28:fa,25.3,72,2080,1624
2025-05-07 13:00:51,c4:7c:8d:6d:24:ed,26.1,46,2012,775
2025-05-07 13:11:14,c4:7c:8d:6d:4e:df,26.5,81,3687,2062
2025-05-07 13:11:17,c4:7c:8d:6d:26:c9,26.9,13,6108,15
2025-05-07 13:11:19,c4:7c:8d:6d:28:fa,25.4,72,1949,1601
2025-05-07 13:11:22,c4:7c:8d:6d:24:ed,26.0,46,1969,770
2025-05-07 13:21:45,c4:7c:8d:6d:4e:df,26.7,81,3725,2039
2025-05-07 13:21:49,c4:7c:8d:6d:26:c9,27.0,13,6210,15
2025-05-07 13:21:51,c4:7c:8d:6d:28:fa,25.6,71,2067,1618
2025-05-07 13:21:55,c4:7c:8d:6d:24:ed,26.1,46,1925,772
2025-05-07 13:32:19,c4:7c:8d:6d:4e:df,26.6,81,3682,2032
2025-05-07 13:32:22,c4:7c:8d:6d:26:c9,27.1,14,6121,15
2025-05-07 13:32:24,c4:7c:8d:6d:28:fa,25.7,72,2051,1615
2025-05-07 13:32:27,c4:7c:8d:6d:24:ed,26.3,46,1964,769
2025-05-07 13:42:50,c4:7c:8d:6d:4e:df,26.8,81,3737,2002
2025-05-07 13:42:52,c4:7c:8d:6d:26:c9,27.1,14,6247,16
2025-05-07 13:42:54,c4:7c:8d:6d:28:fa,25.8,71,1917,1623
2025-05-07 13:42:57,c4:7c:8d:6d:24:ed,26.3,45,1992,768
2025-05-07 13:53:20,c4:7c:8d:6d:4e:df,26.8,81,3717,1972
2025-05-07 13:53:23,c4:7c:8d:6d:26:c9,27.1,14,6194,15
2025-05-07 13:53:25,c4:7c:8d:6d:28:fa,25.7,71,2080,1623
2025-05-07 13:53:28,c4:7c:8d:6d:24:ed,26.3,46,1959,766
2025-05-07 14:03:51,c4:7c:8d:6d:4e:df,26.9,81,3713,2006
2025-05-07 14:03:53,c4:7c:8d:6d:26:c9,27.3,14,6247,16
2025-05-07 14:03:56,c4:7c:8d:6d:28:fa,25.8,71,1962,1604
2025-05-07 14:03:59,c4:7c:8d:6d:24:ed,26.3,46,1995,774
2025-05-07 14:14:23,c4:7c:8d:6d:4e:df,26.9,81,3703,2006
2025-05-07 14:14:26,c4:7c:8d:6d:26:c9,27.2,14,6165,15
2025-05-07 14:14:31,c4:7c:8d:6d:28:fa,25.7,71,2096,1615
2025-05-07 14:14:34,c4:7c:8d:6d:24:ed,26.3,45,1885,774
2025-05-07 14:24:58,c4:7c:8d:6d:4e:df,26.9,81,861,1958
2025-05-07 14:25:02,c4:7c:8d:6d:26:c9,27.2,14,5103,15
2025-05-07 14:25:06,c4:7c:8d:6d:28:fa,25.8,71,775,1615
2025-05-07 14:25:10,c4:7c:8d:6d:24:ed,26.3,45,1463,774
2025-05-07 14:35:33,c4:7c:8d:6d:4e:df,26.4,80,842,1987
2025-05-07 14:35:36,c4:7c:8d:6d:26:c9,27.0,14,5122,15
2025-05-07 14:35:39,c4:7c:8d:6d:28:fa,25.3,70,851,1616
2025-05-07 14:35:43,c4:7c:8d:6d:24:ed,26.0,46,1432,774
2025-05-07 14:46:08,c4:7c:8d:6d:4e:df,26.1,80,892,1953
2025-05-07 14:46:10,c4:7c:8d:6d:26:c9,26.7,13,5017,15
2025-05-07 14:46:13,c4:7c:8d:6d:28:fa,25.2,70,806,1593
2025-05-07 14:46:17,c4:7c:8d:6d:24:ed,25.9,46,1441,775
2025-05-07 14:56:43,c4:7c:8d:6d:4e:df,25.6,80,869,1952
2025-05-07 14:56:45,c4:7c:8d:6d:26:c9,26.3,13,5052,15
2025-05-07 14:56:48,c4:7c:8d:6d:28:fa,24.8,70,790,1605
2025-05-07 14:56:54,c4:7c:8d:6d:24:ed,25.3,46,1420,791
2025-05-07 15:07:17,c4:7c:8d:6d:4e:df,25.6,80,908,1944
2025-05-07 15:07:19,c4:7c:8d:6d:26:c9,26.4,13,5001,15
2025-05-07 15:07:22,c4:7c:8d:6d:28:fa,24.9,70,666,1579
2025-05-07 15:07:25,c4:7c:8d:6d:24:ed,25.4,46,1473,781
2025-05-07 15:17:50,c4:7c:8d:6d:26:c9,26.1,13,5085,17
2025-05-07 15:17:53,c4:7c:8d:6d:28:fa,24.7,70,790,1579
2025-05-07 15:17:56,c4:7c:8d:6d:24:ed,25.1,46,1323,784
2025-05-07 15:28:22,c4:7c:8d:6d:4e:df,25.2,78,889,1909
2025-05-07 15:28:24,c4:7c:8d:6d:26:c9,26.1,13,4970,16
2025-05-07 15:28:28,c4:7c:8d:6d:28:fa,24.5,70,681,1574
2025-05-07 15:28:33,c4:7c:8d:6d:24:ed,25.3,46,1457,784
2025-05-07 15:38:57,c4:7c:8d:6d:4e:df,25.0,78,110,1916
2025-05-07 15:38:59,c4:7c:8d:6d:26:c9,25.9,13,249,16
2025-05-07 15:39:03,c4:7c:8d:6d:28:fa,24.4,70,252,1568
2025-05-07 15:49:29,c4:7c:8d:6d:4e:df,24.9,78,0,1911
2025-05-07 15:49:32,c4:7c:8d:6d:26:c9,25.5,13,264,15
2025-05-07 15:49:34,c4:7c:8d:6d:28:fa,24.3,69,142,1577
2025-05-07 15:49:37,c4:7c:8d:6d:24:ed,24.9,45,115,789
2025-05-07 16:00:01,c4:7c:8d:6d:4e:df,24.8,78,84,1887
2025-05-07 16:00:05,c4:7c:8d:6d:28:fa,24.1,69,236,1563
2025-05-07 16:00:08,c4:7c:8d:6d:24:ed,24.8,45,95,787
2025-05-07 16:10:33,c4:7c:8d:6d:4e:df,24.5,78,128,1883
2025-05-07 16:10:36,c4:7c:8d:6d:26:c9,25.1,13,198,15
2025-05-07 16:10:38,c4:7c:8d:6d:28:fa,23.9,69,267,1556
2025-05-07 16:21:01,c4:7c:8d:6d:4e:df,24.6,78,47,1883
2025-05-07 16:21:05,c4:7c:8d:6d:26:c9,25.2,13,249,15
2025-05-07 16:21:07,c4:7c:8d:6d:28:fa,23.8,69,87,1537
2025-05-07 16:21:11,c4:7c:8d:6d:24:ed,24.7,44,94,781
2025-05-07 16:31:35,c4:7c:8d:6d:4e:df,24.5,78,130,1877
2025-05-07 16:31:38,c4:7c:8d:6d:26:c9,25.3,13,150,15
2025-05-07 16:31:40,c4:7c:8d:6d:28:fa,23.9,69,234,1539
2025-05-07 16:31:43,c4:7c:8d:6d:24:ed,24.9,45,0,780
2025-05-07 16:42:07,c4:7c:8d:6d:4e:df,24.6,78,130,1822
2025-05-07 16:42:09,c4:7c:8d:6d:26:c9,25.3,13,189,17
2025-05-07 16:42:14,c4:7c:8d:6d:24:ed,24.8,45,94,776
2025-05-07 16:52:38,c4:7c:8d:6d:4e:df,24.6,78,108,1829
2025-05-07 16:52:40,c4:7c:8d:6d:26:c9,25.2,13,218,16
2025-05-07 16:52:43,c4:7c:8d:6d:28:fa,24.0,68,126,1530
2025-05-07 16:52:46,c4:7c:8d:6d:24:ed,24.8,45,135,774
2025-05-07 17:03:11,c4:7c:8d:6d:4e:df,24.6,78,110,1829
2025-05-07 17:03:13,c4:7c:8d:6d:26:c9,25.2,13,267,16
2025-05-07 17:03:16,c4:7c:8d:6d:28:fa,24.0,68,234,1519
2025-05-07 17:03:19,c4:7c:8d:6d:24:ed,24.9,45,138,771
2025-05-07 17:13:44,c4:7c:8d:6d:4e:df,24.8,78,89,1800
2025-05-07 17:13:47,c4:7c:8d:6d:26:c9,25.3,13,202,15
2025-05-07 17:13:50,c4:7c:8d:6d:28:fa,24.1,68,126,1519
2025-05-07 17:24:18,c4:7c:8d:6d:4e:df,24.7,78,14,1815
2025-05-07 17:24:20,c4:7c:8d:6d:26:c9,25.3,13,233,17
2025-05-07 17:24:23,c4:7c:8d:6d:28:fa,24.1,68,234,1505
2025-05-07 17:24:26,c4:7c:8d:6d:24:ed,25.1,45,117,761
2025-05-07 17:34:49,c4:7c:8d:6d:4e:df,24.9,78,0,1812
2025-05-07 17:34:52,c4:7c:8d:6d:26:c9,25.3,13,198,16
2025-05-07 17:34:55,c4:7c:8d:6d:28:fa,24.3,68,87,1496
2025-05-07 17:34:57,c4:7c:8d:6d:24:ed,25.1,45,94,761
2025-05-07 17:45:22,c4:7c:8d:6d:4e:df,25.0,78,146,1812
2025-05-07 17:45:24,c4:7c:8d:6d:26:c9,25.5,13,233,16
2025-05-07 17:45:27,c4:7c:8d:6d:28:fa,24.3,68,237,1491
2025-05-07 17:45:30,c4:7c:8d:6d:24:ed,25.2,45,134,758
2025-05-07 17:55:53,c4:7c:8d:6d:4e:df,25.1,78,50,1812
2025-05-07 17:55:56,c4:7c:8d:6d:26:c9,25.7,13,197,16
2025-05-07 17:56:03,c4:7c:8d:6d:24:ed,25.3,45,97,763
2025-05-07 18:06:27,c4:7c:8d:6d:4e:df,25.0,78,92,1797
2025-05-07 18:06:31,c4:7c:8d:6d:26:c9,25.7,13,202,15
2025-05-07 18:06:35,c4:7c:8d:6d:28:fa,24.4,68,126,1480
2025-05-07 18:06:39,c4:7c:8d:6d:24:ed,25.3,45,113,757
2025-05-07 18:17:04,c4:7c:8d:6d:4e:df,25.1,78,107,1766
2025-05-07 18:17:07,c4:7c:8d:6d:26:c9,25.6,13,265,17
2025-05-07 18:17:10,c4:7c:8d:6d:28:fa,24.4,68,220,1491
2025-05-07 18:17:14,c4:7c:8d:6d:24:ed,25.3,45,136,767
2025-05-07 18:27:40,c4:7c:8d:6d:4e:df,25.0,78,108,1785
2025-05-07 18:27:43,c4:7c:8d:6d:26:c9,25.6,13,215,16
2025-05-07 18:27:46,c4:7c:8d:6d:28:fa,24.4,68,250,1471
2025-05-07 18:27:49,c4:7c:8d:6d:24:ed,25.3,44,17,763
2025-05-07 18:38:13,c4:7c:8d:6d:4e:df,25.1,76,69,1785
2025-05-07 18:38:16,c4:7c:8d:6d:26:c9,25.7,13,249,15
2025-05-07 18:38:19,c4:7c:8d:6d:28:fa,24.4,68,158,1471
2025-05-07 18:38:23,c4:7c:8d:6d:24:ed,25.3,45,150,757
2025-05-07 18:48:48,c4:7c:8d:6d:4e:df,24.7,76,128,1795
2025-05-07 18:48:51,c4:7c:8d:6d:26:c9,25.4,13,150,16
2025-05-07 18:48:54,c4:7c:8d:6d:28:fa,24.2,67,250,1491
2025-05-07 18:48:56,c4:7c:8d:6d:24:ed,25.1,46,92,763
2025-05-07 18:59:21,c4:7c:8d:6d:26:c9,25.2,13,250,15
2025-05-07 18:59:23,c4:7c:8d:6d:28:fa,24.0,67,126,1485
2025-05-07 18:59:25,c4:7c:8d:6d:24:ed,24.8,44,97,764
2025-05-07 19:09:50,c4:7c:8d:6d:4e:df,24.5,77,84,1792
2025-05-07 19:09:54,c4:7c:8d:6d:26:c9,25.2,13,151,15
2025-05-07 19:09:56,c4:7c:8d:6d:28:fa,23.9,67,250,1487
2025-05-07 19:09:58,c4:7c:8d:6d:24:ed,24.8,45,113,767
2025-05-07 19:20:22,c4:7c:8d:6d:4e:df,24.5,78,110,1777
2025-05-07 19:20:26,c4:7c:8d:6d:26:c9,25.2,13,250,15
2025-05-07 19:20:28,c4:7c:8d:6d:28:fa,24.0,67,126,1476
2025-05-07 19:20:30,c4:7c:8d:6d:24:ed,24.8,45,55,765
2025-05-07 19:30:54,c4:7c:8d:6d:4e:df,24.5,77,89,1777
2025-05-07 19:30:58,c4:7c:8d:6d:26:c9,25.1,13,198,16
2025-05-07 19:31:02,c4:7c:8d:6d:28:fa,24.1,67,237,1476
2025-05-07 19:31:06,c4:7c:8d:6d:24:ed,24.9,44,78,761
2025-05-07 19:41:30,c4:7c:8d:6d:4e:df,24.5,77,92,1770
2025-05-07 19:41:35,c4:7c:8d:6d:26:c9,25.0,13,264,15
2025-05-07 19:41:43,c4:7c:8d:6d:24:ed,24.7,45,14,768
2025-05-07 19:52:07,c4:7c:8d:6d:4e:df,24.2,77,69,1794
2025-05-07 19:52:13,c4:7c:8d:6d:28:fa,23.7,67,126,1457
2025-05-07 19:52:18,c4:7c:8d:6d:24:ed,24.5,45,78,768
2025-05-07 20:02:42,c4:7c:8d:6d:4e:df,24.0,77,110,1767
2025-05-07 20:02:45,c4:7c:8d:6d:26:c9,24.6,13,249,16
2025-05-07 20:02:48,c4:7c:8d:6d:28:fa,23.6,67,236,1483
2025-05-07 20:02:50,c4:7c:8d:6d:24:ed,24.3,45,74,764
2025-05-07 20:13:14,c4:7c:8d:6d:4e:df,24.1,76,108,1771
2025-05-07 20:13:19,c4:7c:8d:6d:26:c9,24.6,13,182,15
2025-05-07 20:13:22,c4:7c:8d:6d:28:fa,23.4,67,87,1460
2025-05-07 20:13:24,c4:7c:8d:6d:24:ed,24.2,45,115,766
2025-05-07 20:23:50,c4:7c:8d:6d:4e:df,24.2,77,0,1771
2025-05-07 20:23:53,c4:7c:8d:6d:26:c9,24.7,13,175,16
2025-05-07 20:23:56,c4:7c:8d:6d:28:fa,23.6,67,220,1472
2025-05-07 20:23:59,c4:7c:8d:6d:24:ed,24.3,45,94,764
2025-05-07 20:34:24,c4:7c:8d:6d:4e:df,23.8,76,0,1780
2025-05-07 20:34:28,c4:7c:8d:6d:26:c9,24.3,13,218,16
2025-05-07 20:34:31,c4:7c:8d:6d:28:fa,23.3,67,220,1448
2025-05-07 20:34:33,c4:7c:8d:6d:24:ed,24.1,45,22,765
2025-05-07 20:44:57,c4:7c:8d:6d:4e:df,23.5,76,112,1765
2025-05-07 20:45:00,c4:7c:8d:6d:26:c9,23.9,13,234,13
2025-05-07 20:45:03,c4:7c:8d:6d:28:fa,23.1,67,126,1456
2025-05-07 20:45:06,c4:7c:8d:6d:24:ed,23.6,45,94,760
2025-05-07 20:55:32,c4:7c:8d:6d:4e:df,23.4,75,0,1781
2025-05-07 20:55:35,c4:7c:8d:6d:26:c9,24.1,13,186,15
2025-05-07 20:55:41,c4:7c:8d:6d:24:ed,23.8,45,0,761
2025-05-07 21:06:05,c4:7c:8d:6d:4e:df,23.5,76,132,1745
2025-05-07 21:06:08,c4:7c:8d:6d:26:c9,24.2,13,234,15
2025-05-07 21:06:11,c4:7c:8d:6d:28:fa,23.2,66,234,1456
2025-05-07 21:06:13,c4:7c:8d:6d:24:ed,23.9,45,99,756
2025-05-07 21:16:37,c4:7c:8d:6d:4e:df,23.8,75,47,1753
2025-05-07 21:16:40,c4:7c:8d:6d:26:c9,24.5,13,35,15
2025-05-07 21:16:44,c4:7c:8d:6d:28:fa,23.2,66,126,1433
2025-05-07 21:16:48,c4:7c:8d:6d:24:ed,24.1,45,135,754
2025-05-07 21:27:13,c4:7c:8d:6d:4e:df,23.8,76,132,1733
2025-05-07 21:27:16,c4:7c:8d:6d:26:c9,24.5,13,232,15
2025-05-07 21:27:19,c4:7c:8d:6d:28:fa,23.3,66,250,1444
2025-05-07 21:27:21,c4:7c:8d:6d:24:ed,24.1,45,97,752
2025-05-07 21:37:45,c4:7c:8d:6d:4e:df,23.9,76,50,1742
2025-05-07 21:37:48,c4:7c:8d:6d:26:c9,24.7,13,166,14
2025-05-07 21:37:51,c4:7c:8d:6d:28:fa,23.3,66,139,1431
2025-05-07 21:37:54,c4:7c:8d:6d:24:ed,24.1,45,74,744
2025-05-07 21:48:19,c4:7c:8d:6d:4e:df,24.1,76,146,1730
2025-05-07 21:48:22,c4:7c:8d:6d:26:c9,24.6,13,249,15
2025-05-07 21:48:25,c4:7c:8d:6d:28:fa,23.3,66,220,1433
2025-05-07 21:48:27,c4:7c:8d:6d:24:ed,24.2,45,95,750
2025-05-07 21:58:51,c4:7c:8d:6d:4e:df,24.0,75,66,1730
2025-05-07 21:58:55,c4:7c:8d:6d:26:c9,24.7,13,166,15
2025-05-07 21:58:58,c4:7c:8d:6d:28:fa,23.3,66,139,1413
2025-05-07 21:59:00,c4:7c:8d:6d:24:ed,24.3,45,94,742
2025-05-07 22:09:24,c4:7c:8d:6d:4e:df,23.8,75,14,1727
2025-05-07 22:09:27,c4:7c:8d:6d:26:c9,24.5,13,249,16
2025-05-07 22:09:31,c4:7c:8d:6d:28:fa,23.3,66,234,1424
2025-05-07 22:09:35,c4:7c:8d:6d:24:ed,24.1,44,78,740
2025-05-07 22:20:00,c4:7c:8d:6d:4e:df,24.0,76,63,1718
2025-05-07 22:20:03,c4:7c:8d:6d:26:c9,24.5,13,233,15
2025-05-07 22:20:06,c4:7c:8d:6d:28:fa,23.3,66,126,1424
2025-05-07 22:20:08,c4:7c:8d:6d:24:ed,24.1,43,95,745
2025-05-07 22:30:32,c4:7c:8d:6d:4e:df,23.7,75,110,1716
2025-05-07 22:30:35,c4:7c:8d:6d:26:c9,24.3,13,199,16
2025-05-07 22:30:38,c4:7c:8d:6d:28:fa,23.3,66,220,1415
2025-05-07 22:30:40,c4:7c:8d:6d:24:ed,23.9,45,73,737
2025-05-07 22:41:04,c4:7c:8d:6d:4e:df,23.7,76,132,1719
2025-05-07 22:41:07,c4:7c:8d:6d:26:c9,24.2,13,236,15
2025-05-07 22:41:11,c4:7c:8d:6d:28:fa,23.2,66,104,1412
2025-05-07 22:41:15,c4:7c:8d:6d:24:ed,24.0,43,135,741
2025-05-07 22:51:40,c4:7c:8d:6d:4e:df,23.7,75,89,1713
2025-05-07 22:51:43,c4:7c:8d:6d:26:c9,24.4,13,249,15
2025-05-07 22:51:46,c4:7c:8d:6d:28:fa,23.1,66,234,1418
2025-05-07 23:02:15,c4:7c:8d:6d:4e:df,24.0,75,89,1701
2025-05-07 23:02:18,c4:7c:8d:6d:26:c9,24.6,13,217,15
2025-05-07 23:02:21,c4:7c:8d:6d:28:fa,23.4,66,202,1407
2025-05-07 23:02:23,c4:7c:8d:6d:24:ed,24.2,43,94,736
2025-05-07 23:12:47,c4:7c:8d:6d:4e:df,24.2,75,108,1688
2025-05-07 23:12:52,c4:7c:8d:6d:26:c9,24.9,13,267,15
2025-05-07 23:12:55,c4:7c:8d:6d:28:fa,23.6,66,126,1410
2025-05-07 23:12:58,c4:7c:8d:6d:24:ed,24.5,45,81,732
2025-05-07 23:23:22,c4:7c:8d:6d:4e:df,24.5,76,87,1688
2025-05-07 23:23:25,c4:7c:8d:6d:26:c9,25.0,13,218,15
2025-05-07 23:23:40,c4:7c:8d:6d:28:fa,23.7,66,220,1395
2025-05-07 23:23:45,c4:7c:8d:6d:24:ed,24.6,45,58,731
2025-05-07 23:34:09,c4:7c:8d:6d:4e:df,24.4,75,0,1685
2025-05-07 23:34:12,c4:7c:8d:6d:26:c9,25.2,13,220,15
2025-05-07 23:34:15,c4:7c:8d:6d:28:fa,24.0,66,250,1381
2025-05-07 23:34:17,c4:7c:8d:6d:24:ed,24.8,44,95,733
2025-05-07 23:44:41,c4:7c:8d:6d:4e:df,24.4,75,87,1694
2025-05-07 23:44:44,c4:7c:8d:6d:26:c9,25.1,13,182,15
2025-05-07 23:44:47,c4:7c:8d:6d:28:fa,23.9,66,158,1392
2025-05-07 23:44:49,c4:7c:8d:6d:24:ed,24.6,45,17,731
2025-05-07 23:55:13,c4:7c:8d:6d:4e:df,24.3,75,0,1688
2025-05-07 23:55:16,c4:7c:8d:6d:26:c9,25.1,13,234,16
2025-05-07 23:55:19,c4:7c:8d:6d:28:fa,24.1,66,202,1390
2025-05-07 23:55:21,c4:7c:8d:6d:24:ed,24.7,45,115,727
2025-05-08 00:05:45,c4:7c:8d:6d:4e:df,24.4,75,71,1700
2025-05-08 00:05:48,c4:7c:8d:6d:26:c9,25.0,13,166,15
2025-05-08 00:05:51,c4:7c:8d:6d:28:fa,24.1,66,87,1390
2025-05-08 00:05:53,c4:7c:8d:6d:24:ed,24.8,45,74,728
2025-05-08 00:16:17,c4:7c:8d:6d:4e:df,24.3,75,86,1685
2025-05-08 00:16:19,c4:7c:8d:6d:26:c9,24.9,13,232,14
2025-05-08 00:16:22,c4:7c:8d:6d:28:fa,24.0,66,220,1390
2025-05-08 00:16:24,c4:7c:8d:6d:24:ed,24.6,45,19,719
2025-05-08 00:26:49,c4:7c:8d:6d:4e:df,24.2,75,108,1685
2025-05-08 00:26:52,c4:7c:8d:6d:26:c9,25.0,13,118,15
2025-05-08 00:26:55,c4:7c:8d:6d:28:fa,24.0,66,50,1381
2025-05-08 00:26:57,c4:7c:8d:6d:24:ed,24.7,43,115,731
2025-05-08 00:37:21,c4:7c:8d:6d:4e:df,24.2,75,1022,1671
2025-05-08 00:37:24,c4:7c:8d:6d:26:c9,24.9,13,3715,15
2025-05-08 00:37:27,c4:7c:8d:6d:28:fa,24.3,66,1429,1378
2025-05-08 00:37:29,c4:7c:8d:6d:24:ed,24.7,45,850,726
2025-05-08 00:47:53,c4:7c:8d:6d:4e:df,24.5,75,1062,1676
2025-05-08 00:47:56,c4:7c:8d:6d:26:c9,25.2,13,3944,16
2025-05-08 00:48:01,c4:7c:8d:6d:28:fa,24.3,66,1164,1371
2025-05-08 00:48:03,c4:7c:8d:6d:24:ed,24.9,43,943,723
2025-05-08 00:58:27,c4:7c:8d:6d:4e:df,24.5,75,1026,1668
2025-05-08 00:58:30,c4:7c:8d:6d:26:c9,25.3,13,4159,15
2025-05-08 00:58:33,c4:7c:8d:6d:28:fa,24.3,66,1335,1373
2025-05-08 00:58:35,c4:7c:8d:6d:24:ed,25.0,43,945,723
2025-05-08 01:08:59,c4:7c:8d:6d:4e:df,24.8,75,1033,1670
2025-05-08 01:09:02,c4:7c:8d:6d:26:c9,25.6,13,4125,15
2025-05-08 01:09:05,c4:7c:8d:6d:28:fa,24.4,66,1144,1354
2025-05-08 01:09:07,c4:7c:8d:6d:24:ed,25.0,44,932,718
2025-05-08 01:19:31,c4:7c:8d:6d:4e:df,24.9,76,998,1659
2025-05-08 01:19:47,c4:7c:8d:6d:26:c9,25.6,13,4290,15
2025-05-08 01:19:49,c4:7c:8d:6d:28:fa,24.4,66,1273,1351
2025-05-08 01:30:15,c4:7c:8d:6d:4e:df,24.7,75,1017,1653
2025-05-08 01:30:18,c4:7c:8d:6d:26:c9,25.7,13,4242,16
2025-05-08 01:30:21,c4:7c:8d:6d:28:fa,24.4,66,1101,1351
2025-05-08 01:30:23,c4:7c:8d:6d:24:ed,25.1,44,959,715
2025-05-08 01:40:48,c4:7c:8d:6d:4e:df,24.9,75,943,1659
2025-05-08 01:40:51,c4:7c:8d:6d:26:c9,25.7,13,4337,16
2025-05-08 01:40:54,c4:7c:8d:6d:28:fa,24.4,66,1195,1342
2025-05-08 01:40:56,c4:7c:8d:6d:24:ed,25.1,43,975,707
2025-05-08 01:51:20,c4:7c:8d:6d:4e:df,25.0,75,919,1650
2025-05-08 01:51:26,c4:7c:8d:6d:28:fa,24.4,66,1005,1351
2025-05-08 01:51:31,c4:7c:8d:6d:24:ed,25.1,44,860,715
2025-05-08 02:01:55,c4:7c:8d:6d:4e:df,24.9,75,986,1636
2025-05-08 02:01:59,c4:7c:8d:6d:26:c9,26.0,13,4233,17
2025-05-08 02:02:02,c4:7c:8d:6d:28:fa,24.6,66,1179,1342
2025-05-08 02:02:04,c4:7c:8d:6d:24:ed,25.0,43,1048,711
2025-05-08 02:12:28,c4:7c:8d:6d:4e:df,25.0,75,1006,1647
2025-05-08 02:12:31,c4:7c:8d:6d:26:c9,25.7,13,4371,17
2025-05-08 02:12:33,c4:7c:8d:6d:28:fa,24.5,66,1005,1342
2025-05-08 02:12:37,c4:7c:8d:6d:24:ed,25.1,44,991,715
2025-05-08 02:23:03,c4:7c:8d:6d:4e:df,25.0,75,1030,1639
2025-05-08 02:23:06,c4:7c:8d:6d:26:c9,25.9,13,4211,15
2025-05-08 02:23:08,c4:7c:8d:6d:28:fa,24.4,66,1164,1340
2025-05-08 02:23:11,c4:7c:8d:6d:24:ed,25.1,43,1048,715
2025-05-08 02:33:35,c4:7c:8d:6d:4e:df,24.9,75,47,1642
2025-05-08 02:33:38,c4:7c:8d:6d:26:c9,25.5,13,248,16
2025-05-08 02:33:41,c4:7c:8d:6d:28:fa,24.4,65,104,1337
2025-05-08 02:33:45,c4:7c:8d:6d:24:ed,24.9,43,55,711
2025-05-08 02:44:09,c4:7c:8d:6d:4e:df,24.5,75,128,1634
2025-05-08 02:44:11,c4:7c:8d:6d:26:c9,25.2,13,164,17
2025-05-08 02:44:14,c4:7c:8d:6d:28:fa,24.3,65,250,1328
2025-05-08 02:44:17,c4:7c:8d:6d:24:ed,24.8,43,19,716
2025-05-08 02:54:41,c4:7c:8d:6d:4e:df,24.5,75,84,1634
2025-05-08 02:54:44,c4:7c:8d:6d:26:c9,25.1,13,218,16
2025-05-08 02:54:46,c4:7c:8d:6d:28:fa,24.3,65,104,1342
2025-05-08 02:54:49,c4:7c:8d:6d:24:ed,24.9,43,94,714
2025-05-08 03:05:14,c4:7c:8d:6d:4e:df,24.4,75,90,1628
2025-05-08 03:05:16,c4:7c:8d:6d:26:c9,24.9,13,201,17
2025-05-08 03:05:20,c4:7c:8d:6d:28:fa,24.3,64,220,1324
2025-05-08 03:05:24,c4:7c:8d:6d:24:ed,24.7,43,99,714
2025-05-08 03:15:49,c4:7c:8d:6d:4e:df,24.2,75,69,1634
2025-05-08 03:15:51,c4:7c:8d:6d:26:c9,24.9,13,232,17
2025-05-08 03:15:57,c4:7c:8d:6d:28:fa,24.2,64,104,1324
2025-05-08 03:16:00,c4:7c:8d:6d:24:ed,24.7,43,79,712
2025-05-08 03:26:24,c4:7c:8d:6d:4e:df,24.2,75,110,1626
2025-05-08 03:26:27,c4:7c:8d:6d:26:c9,24.9,13,218,17
2025-05-08 03:26:31,c4:7c:8d:6d:28:fa,24.2,64,250,1316
2025-05-08 03:26:33,c4:7c:8d:6d:24:ed,24.7,43,99,707
2025-05-08 03:36:57,c4:7c:8d:6d:4e:df,24.2,74,0,1629
2025-05-08 03:36:59,c4:7c:8d:6d:26:c9,25.0,13,215,17
2025-05-08 03:37:03,c4:7c:8d:6d:28:fa,24.0,64,155,1318
2025-05-08 03:37:05,c4:7c:8d:6d:24:ed,24.7,43,113,706
2025-05-08 03:47:29,c4:7c:8d:6d:4e:df,24.1,74,132,1623
2025-05-08 03:47:32,c4:7c:8d:6d:26:c9,24.8,13,170,15
2025-05-08 03:47:34,c4:7c:8d:6d:28:fa,24.0,64,234,1312
2025-05-08 03:47:37,c4:7c:8d:6d:24:ed,24.6,43,0,705
2025-05-08 03:58:01,c4:7c:8d:6d:4e:df,24.0,74,90,1623
2025-05-08 03:58:04,c4:7c:8d:6d:26:c9,24.7,13,182,16
2025-05-08 03:58:06,c4:7c:8d:6d:28:fa,23.9,64,126,1312
2025-05-08 03:58:11,c4:7c:8d:6d:24:ed,24.5,43,115,705
2025-05-08 04:08:35,c4:7c:8d:6d:4e:df,24.1,74,50,1615
2025-05-08 04:08:38,c4:7c:8d:6d:26:c9,24.8,13,233,15
2025-05-08 04:08:41,c4:7c:8d:6d:28:fa,23.9,64,250,1303
2025-05-08 04:08:44,c4:7c:8d:6d:24:ed,24.6,44,17,706
2025-05-08 04:19:15,c4:7c:8d:6d:4e:df,24.1,74,27,1615
2025-05-08 04:19:19,c4:7c:8d:6d:26:c9,24.6,13,167,16
2025-05-08 04:19:21,c4:7c:8d:6d:28:fa,24.0,64,158,1303
2025-05-08 04:19:25,c4:7c:8d:6d:24:ed,24.4,43,135,713
2025-05-08 04:29:52,c4:7c:8d:6d:4e:df,24.1,74,90,1606
2025-05-08 04:29:55,c4:7c:8d:6d:26:c9,24.5,13,236,15
2025-05-08 04:29:57,c4:7c:8d:6d:28:fa,24.0,64,203,1305
2025-05-08 04:30:01,c4:7c:8d:6d:24:ed,24.3,43,55,703
2025-05-08 04:40:28,c4:7c:8d:6d:4e:df,24.0,74,87,1608
2025-05-08 04:40:31,c4:7c:8d:6d:26:c9,24.6,13,186,15
2025-05-08 04:40:34,c4:7c:8d:6d:28:fa,24.0,64,236,1286
2025-05-08 04:40:40,c4:7c:8d:6d:24:ed,24.3,43,118,705
2025-05-08 04:51:05,c4:7c:8d:6d:4e:df,23.8,73,68,1599
2025-05-08 04:51:08,c4:7c:8d:6d:26:c9,24.5,13,205,15
2025-05-08 04:51:10,c4:7c:8d:6d:28:fa,23.8,64,104,1295
2025-05-08 04:51:13,c4:7c:8d:6d:24:ed,24.4,43,118,700
2025-05-08 05:01:37,c4:7c:8d:6d:4e:df,23.8,74,128,1591
2025-05-08 05:01:40,c4:7c:8d:6d:26:c9,24.6,13,218,15
2025-05-08 05:01:42,c4:7c:8d:6d:28:fa,23.9,63,220,1297
2025-05-08 05:01:45,c4:7c:8d:6d:24:ed,24.3,43,118,696
2025-05-08 05:12:10,c4:7c:8d:6d:4e:df,23.8,73,89,1588
2025-05-08 05:12:13,c4:7c:8d:6d:26:c9,24.5,13,250,15
2025-05-08 05:12:15,c4:7c:8d:6d:28:fa,23.9,63,158,1281
2025-05-08 05:12:18,c4:7c:8d:6d:24:ed,24.3,43,1,701
2025-05-08 05:22:42,c4:7c:8d:6d:4e:df,23.8,73,0,1594
2025-05-08 05:22:45,c4:7c:8d:6d:26:c9,24.3,13,202,15
2025-05-08 05:22:47,c4:7c:8d:6d:28:fa,23.7,63,218,1292
2025-05-08 05:22:51,c4:7c:8d:6d:24:ed,24.3,43,76,696
2025-05-08 05:33:16,c4:7c:8d:6d:4e:df,23.8,73,0,1588
2025-05-08 05:33:19,c4:7c:8d:6d:26:c9,24.3,13,233,15
2025-05-08 05:33:21,c4:7c:8d:6d:28:fa,23.7,63,281,1273
2025-05-08 05:33:24,c4:7c:8d:6d:24:ed,24.2,43,136,696
2025-05-08 05:43:48,c4:7c:8d:6d:4e:df,23.8,73,110,1574
2025-05-08 05:43:50,c4:7c:8d:6d:26:c9,24.4,13,40,15
2025-05-08 05:43:53,c4:7c:8d:6d:28:fa,23.7,63,158,1264
2025-05-08 05:43:56,c4:7c:8d:6d:24:ed,24.2,43,78,697
2025-05-08 05:54:21,c4:7c:8d:6d:4e:df,23.6,72,68,1579
2025-05-08 05:54:23,c4:7c:8d:6d:26:c9,24.4,13,267,15
2025-05-08 05:54:26,c4:7c:8d:6d:28:fa,23.7,63,203,1273
2025-05-08 05:54:29,c4:7c:8d:6d:24:ed,24.2,43,95,688
2025-05-08 06:04:53,c4:7c:8d:6d:4e:df,23.6,72,74,1568
2025-05-08 06:04:56,c4:7c:8d:6d:26:c9,24.3,13,168,15
2025-05-08 06:04:59,c4:7c:8d:6d:28:fa,23.7,63,158,1278
2025-05-08 06:05:02,c4:7c:8d:6d:24:ed,24.2,43,94,692
2025-05-08 06:15:26,c4:7c:8d:6d:4e:df,23.6,72,107,1545
2025-05-08 06:15:28,c4:7c:8d:6d:26:c9,24.3,13,234,16
2025-05-08 06:15:31,c4:7c:8d:6d:28:fa,23.7,63,281,1258
2025-05-08 06:15:34,c4:7c:8d:6d:24:ed,24.3,43,115,697
2025-05-08 06:25:58,c4:7c:8d:6d:4e:df,23.6,72,132,1571
2025-05-08 06:26:00,c4:7c:8d:6d:26:c9,24.3,13,186,15
2025-05-08 06:26:03,c4:7c:8d:6d:28:fa,23.7,63,189,1264
2025-05-08 06:26:06,c4:7c:8d:6d:24:ed,24.4,42,94,692
2025-05-08 06:36:30,c4:7c:8d:6d:4e:df,23.7,72,110,1571
2025-05-08 06:36:32,c4:7c:8d:6d:26:c9,24.3,12,233,16
2025-05-08 06:36:35,c4:7c:8d:6d:28:fa,23.7,63,250,1247
2025-05-08 06:36:38,c4:7c:8d:6d:24:ed,24.3,43,136,696
2025-05-08 06:47:03,c4:7c:8d:6d:4e:df,23.6,72,89,1550
2025-05-08 06:47:06,c4:7c:8d:6d:26:c9,24.4,13,94,16
2025-05-08 06:47:08,c4:7c:8d:6d:28:fa,23.7,63,126,1247
2025-05-08 06:47:11,c4:7c:8d:6d:24:ed,24.3,43,95,683
2025-05-08 06:57:35,c4:7c:8d:6d:4e:df,23.9,72,68,1547
2025-05-08 06:57:38,c4:7c:8d:6d:26:c9,24.5,13,233,15
2025-05-08 06:57:43,c4:7c:8d:6d:24:ed,24.4,43,97,682
2025-05-08 07:08:10,c4:7c:8d:6d:4e:df,23.9,72,112,1537
2025-05-08 07:08:14,c4:7c:8d:6d:26:c9,24.6,13,215,15
2025-05-08 07:08:16,c4:7c:8d:6d:28:fa,23.7,63,236,1247
2025-05-08 07:08:19,c4:7c:8d:6d:24:ed,24.3,42,39,678
2025-05-08 07:18:43,c4:7c:8d:6d:4e:df,23.8,72,68,1530
2025-05-08 07:18:47,c4:7c:8d:6d:26:c9,24.5,13,217,16
2025-05-08 07:18:51,c4:7c:8d:6d:24:ed,24.4,43,115,687
2025-05-08 07:29:14,c4:7c:8d:6d:4e:df,24.0,72,30,1537
2025-05-08 07:29:18,c4:7c:8d:6d:26:c9,24.6,13,182,16
2025-05-08 07:29:20,c4:7c:8d:6d:28:fa,23.6,63,158,1234
2025-05-08 07:29:23,c4:7c:8d:6d:24:ed,24.3,43,34,682
2025-05-08 07:39:47,c4:7c:8d:6d:4e:df,24.0,0,125,1539
2025-05-08 07:39:49,c4:7c:8d:6d:26:c9,24.7,13,172,15
2025-05-08 07:39:53,c4:7c:8d:6d:28:fa,23.6,63,220,1251
2025-05-08 07:39:58,c4:7c:8d:6d:24:ed,24.5,42,115,687
2025-05-08 07:50:22,c4:7c:8d:6d:4e:df,24.1,72,90,1537
2025-05-08 07:50:24,c4:7c:8d:6d:26:c9,24.5,13,250,15
2025-05-08 07:50:28,c4:7c:8d:6d:28:fa,23.6,63,158,1242
2025-05-08 07:50:32,c4:7c:8d:6d:24:ed,24.4,43,78,687
2025-05-08 08:00:58,c4:7c:8d:6d:4e:df,24.0,72,128,1528
2025-05-08 08:01:02,c4:7c:8d:6d:26:c9,24.5,13,249,15
2025-05-08 08:01:04,c4:7c:8d:6d:28:fa,23.4,63,220,1234
2025-05-08 08:01:08,c4:7c:8d:6d:24:ed,24.3,42,81,680
2025-05-08 08:11:34,c4:7c:8d:6d:4e:df,24.0,72,89,1530
2025-05-08 08:11:36,c4:7c:8d:6d:26:c9,24.7,13,99,15
2025-05-08 08:11:39,c4:7c:8d:6d:28:fa,23.4,63,220,1225
2025-05-08 08:11:44,c4:7c:8d:6d:24:ed,24.3,43,94,683
2025-05-08 08:22:08,c4:7c:8d:6d:4e:df,24.1,72,89,1516
2025-05-08 08:22:11,c4:7c:8d:6d:26:c9,24.5,13,250,14
2025-05-08 08:22:14,c4:7c:8d:6d:28:fa,23.6,63,86,1223
2025-05-08 08:22:19,c4:7c:8d:6d:24:ed,24.3,42,135,680
2025-05-08 08:32:43,c4:7c:8d:6d:4e:df,24.0,72,107,1511
2025-05-08 08:32:46,c4:7c:8d:6d:26:c9,24.5,13,249,15
2025-05-08 08:32:48,c4:7c:8d:6d:28:fa,23.6,63,250,1221
2025-05-08 08:32:51,c4:7c:8d:6d:24:ed,24.2,43,99,680
2025-05-08 08:43:16,c4:7c:8d:6d:4e:df,24.3,72,128,1516
2025-05-08 08:43:18,c4:7c:8d:6d:26:c9,24.9,13,202,15
2025-05-08 08:43:21,c4:7c:8d:6d:28:fa,23.9,62,123,1217
2025-05-08 08:43:24,c4:7c:8d:6d:24:ed,24.7,43,117,670
2025-05-08 08:53:48,c4:7c:8d:6d:4e:df,24.3,72,0,1510
2025-05-08 08:53:51,c4:7c:8d:6d:26:c9,25.0,13,234,14
2025-05-08 08:53:54,c4:7c:8d:6d:28:fa,24.0,63,220,1219
2025-05-08 08:53:57,c4:7c:8d:6d:24:ed,24.7,43,118,669
2025-05-08 09:04:20,c4:7c:8d:6d:4e:df,24.5,72,108,1508
2025-05-08 09:04:23,c4:7c:8d:6d:26:c9,25.1,13,164,15
2025-05-08 09:04:31,c4:7c:8d:6d:28:fa,23.9,62,104,1208
2025-05-08 09:04:34,c4:7c:8d:6d:24:ed,24.8,43,74,671
2025-05-08 09:14:57,c4:7c:8d:6d:4e:df,24.5,72,86,1508
2025-05-08 09:15:00,c4:7c:8d:6d:26:c9,25.0,13,248,15
2025-05-08 09:15:03,c4:7c:8d:6d:28:fa,23.9,62,220,1191
2025-05-08 09:15:06,c4:7c:8d:6d:24:ed,24.7,43,113,674
2025-05-08 09:25:29,c4:7c:8d:6d:4e:df,24.5,72,34,1483
2025-05-08 09:25:33,c4:7c:8d:6d:26:c9,25.0,13,166,16
2025-05-08 09:25:37,c4:7c:8d:6d:28:fa,23.9,62,107,1212
2025-05-08 09:25:41,c4:7c:8d:6d:24:ed,24.6,42,74,674
2025-05-08 09:36:04,c4:7c:8d:6d:4e:df,24.4,72,108,1488
2025-05-08 09:36:07,c4:7c:8d:6d:26:c9,25.0,13,171,15
2025-05-08 09:36:10,c4:7c:8d:6d:28:fa,23.7,62,250,1212
2025-05-08 09:36:13,c4:7c:8d:6d:24:ed,24.5,43,115,675
2025-05-08 09:46:36,c4:7c:8d:6d:4e:df,24.3,72,130,1491
2025-05-08 09:46:40,c4:7c:8d:6d:26:c9,24.9,13,135,16
2025-05-08 09:46:46,c4:7c:8d:6d:24:ed,24.5,43,99,675
2025-05-08 09:57:10,c4:7c:8d:6d:4e:df,24.3,72,84,1493
2025-05-08 09:57:15,c4:7c:8d:6d:26:c9,24.9,13,250,16
2025-05-08 09:57:17,c4:7c:8d:6d:28:fa,23.7,62,139,1206
2025-05-08 09:57:20,c4:7c:8d:6d:24:ed,24.5,42,134,676
2025-05-08 10:07:44,c4:7c:8d:6d:4e:df,24.4,72,92,1488
2025-05-08 10:07:47,c4:7c:8d:6d:26:c9,24.9,13,151,16
2025-05-08 10:07:49,c4:7c:8d:6d:28:fa,23.7,62,250,1197
2025-05-08 10:07:52,c4:7c:8d:6d:24:ed,24.4,42,117,672
2025-05-08 10:18:16,c4:7c:8d:6d:4e:df,24.4,71,107,1470
2025-05-08 10:18:19,c4:7c:8d:6d:26:c9,24.9,13,250,15
2025-05-08 10:18:23,c4:7c:8d:6d:28:fa,23.7,61,104,1197
2025-05-08 10:18:28,c4:7c:8d:6d:24:ed,24.4,42,117,675
2025-05-08 10:28:51,c4:7c:8d:6d:4e:df,24.4,71,112,1470
2025-05-08 10:28:54,c4:7c:8d:6d:26:c9,24.9,13,156,16
2025-05-08 10:28:58,c4:7c:8d:6d:28:fa,23.6,62,220,1188
2025-05-08 10:29:03,c4:7c:8d:6d:24:ed,24.6,43,74,676
2025-05-08 10:39:26,c4:7c:8d:6d:4e:df,24.3,71,0,1476
2025-05-08 10:39:28,c4:7c:8d:6d:26:c9,24.9,13,248,16
2025-05-08 10:39:32,c4:7c:8d:6d:28:fa,23.7,61,126,1188
2025-05-08 10:39:37,c4:7c:8d:6d:24:ed,24.3,42,61,674
2025-05-08 10:50:00,c4:7c:8d:6d:4e:df,24.4,71,35,1476
2025-05-08 10:50:04,c4:7c:8d:6d:26:c9,24.9,13,182,16
2025-05-08 10:50:09,c4:7c:8d:6d:28:fa,23.7,61,236,1188
2025-05-08 10:50:12,c4:7c:8d:6d:24:ed,24.5,43,94,674
2025-05-08 11:00:35,c4:7c:8d:6d:4e:df,24.4,72,30,1468
2025-05-08 11:00:38,c4:7c:8d:6d:26:c9,24.8,13,248,15
2025-05-08 11:00:42,c4:7c:8d:6d:28:fa,23.7,61,104,1188
2025-05-08 11:00:45,c4:7c:8d:6d:24:ed,24.6,42,0,667
2025-05-08 11:11:09,c4:7c:8d:6d:4e:df,24.4,71,132,1468
2025-05-08 11:11:12,c4:7c:8d:6d:26:c9,24.8,13,166,15
2025-05-08 11:11:17,c4:7c:8d:6d:28:fa,23.7,61,236,1178
2025-05-08 11:11:20,c4:7c:8d:6d:24:ed,24.4,43,136,667
2025-05-08 11:21:43,c4:7c:8d:6d:4e:df,24.4,72,71,1462
2025-05-08 11:21:46,c4:7c:8d:6d:26:c9,24.9,13,268,15
2025-05-08 11:21:49,c4:7c:8d:6d:28:fa,23.7,61,107,1171
2025-05-08 11:21:52,c4:7c:8d:6d:24:ed,24.5,42,97,672
2025-05-08 11:32:18,c4:7c:8d:6d:4e:df,24.5,71,108,1457
2025-05-08 11:32:22,c4:7c:8d:6d:26:c9,25.0,13,182,15
2025-05-08 11:32:24,c4:7c:8d:6d:28:fa,23.7,61,267,1178
2025-05-08 11:32:27,c4:7c:8d:6d:24:ed,24.5,43,76,666
2025-05-08 11:42:50,c4:7c:8d:6d:4e:df,24.5,71,112,1465
2025-05-08 11:42:53,c4:7c:8d:6d:26:c9,25.0,13,267,15
2025-05-08 11:42:57,c4:7c:8d:6d:28:fa,23.7,61,142,1178
2025-05-08 11:43:01,c4:7c:8d:6d:24:ed,24.6,42,37,666
2025-05-08 11:53:24,c4:7c:8d:6d:4e:df,24.5,71,84,1452
2025-05-08 11:53:28,c4:7c:8d:6d:26:c9,25.1,13,234,16
2025-05-08 11:53:31,c4:7c:8d:6d:28:fa,23.9,61,220,1165
2025-05-08 11:53:33,c4:7c:8d:6d:24:ed,24.6,42,117,665
2025-05-08 12:03:57,c4:7c:8d:6d:4e:df,24.5,71,108,1445
2025-05-08 12:04:00,c4:7c:8d:6d:26:c9,25.0,13,164,15
2025-05-08 12:04:04,c4:7c:8d:6d:28:fa,24.0,61,126,1165
2025-05-08 12:04:08,c4:7c:8d:6d:24:ed,24.7,42,78,666
2025-05-08 12:14:32,c4:7c:8d:6d:4e:df,24.7,71,0,1454
2025-05-08 12:14:36,c4:7c:8d:6d:26:c9,25.2,13,250,16
2025-05-08 12:14:40,c4:7c:8d:6d:28:fa,24.0,61,220,1156
2025-05-08 12:14:44,c4:7c:8d:6d:24:ed,24.7,42,78,670
2025-05-08 12:25:08,c4:7c:8d:6d:4e:df,24.7,71,14,1440
2025-05-08 12:25:11,c4:7c:8d:6d:26:c9,25.2,13,233,16
2025-05-08 12:25:15,c4:7c:8d:6d:28:fa,24.0,61,126,1156
2025-05-08 12:25:20,c4:7c:8d:6d:24:ed,24.7,42,74,657
2025-05-08 12:35:43,c4:7c:8d:6d:4e:df,24.6,71,108,1440
2025-05-08 12:35:46,c4:7c:8d:6d:26:c9,25.2,13,268,17
2025-05-08 12:35:50,c4:7c:8d:6d:28:fa,24.0,61,267,1153
2025-05-08 12:35:55,c4:7c:8d:6d:24:ed,24.8,42,115,663
2025-05-08 12:46:18,c4:7c:8d:6d:4e:df,24.7,71,108,1446
2025-05-08 12:46:21,c4:7c:8d:6d:26:c9,25.2,13,248,15
2025-05-08 12:46:25,c4:7c:8d:6d:28:fa,24.0,61,186,1153
2025-05-08 12:46:28,c4:7c:8d:6d:24:ed,24.9,42,17,664
2025-05-08 12:56:55,c4:7c:8d:6d:26:c9,25.3,13,218,17
2025-05-08 12:56:57,c4:7c:8d:6d:28:fa,24.2,61,250,1160
2025-05-08 12:56:59,c4:7c:8d:6d:24:ed,24.9,42,136,659
2025-05-08 13:07:23,c4:7c:8d:6d:4e:df,24.9,70,47,1435
2025-05-08 13:07:25,c4:7c:8d:6d:26:c9,25.3,13,148,16
2025-05-08 13:07:28,c4:7c:8d:6d:28:fa,24.2,61,104,1160
2025-05-08 13:07:31,c4:7c:8d:6d:24:ed,24.9,42,58,657
2025-05-08 13:17:56,c4:7c:8d:6d:4e:df,25.1,70,110,1435
2025-05-08 13:17:58,c4:7c:8d:6d:26:c9,25.3,13,202,15
2025-05-08 13:18:02,c4:7c:8d:6d:28:fa,24.3,61,220,1147
2025-05-08 13:18:07,c4:7c:8d:6d:24:ed,25.1,42,115,657
2025-05-08 13:28:31,c4:7c:8d:6d:4e:df,25.1,70,68,1435
2025-05-08 13:28:34,c4:7c:8d:6d:26:c9,25.5,13,232,15
2025-05-08 13:28:37,c4:7c:8d:6d:28:fa,24.4,61,104,1151
2025-05-08 13:28:40,c4:7c:8d:6d:24:ed,25.1,43,74,660
2025-05-08 13:39:15,c4:7c:8d:6d:4e:df,25.1,70,89,1430
2025-05-08 13:39:18,c4:7c:8d:6d:26:c9,25.7,13,232,17
2025-05-08 13:39:22,c4:7c:8d:6d:28:fa,24.4,61,250,1137
2025-05-08 13:39:25,c4:7c:8d:6d:24:ed,25.3,42,95,659
2025-05-08 13:49:49,c4:7c:8d:6d:4e:df,25.2,71,0,1427
2025-05-08 13:49:52,c4:7c:8d:6d:26:c9,25.7,13,201,15
2025-05-08 13:49:55,c4:7c:8d:6d:28:fa,24.7,61,139,1131
2025-05-08 13:49:57,c4:7c:8d:6d:24:ed,25.4,43,73,643
2025-05-08 14:00:21,c4:7c:8d:6d:4e:df,25.4,71,87,1427
2025-05-08 14:00:24,c4:7c:8d:6d:26:c9,25.7,13,202,17
2025-05-08 14:00:27,c4:7c:8d:6d:28:fa,25.3,61,248,1128
2025-05-08 14:00:29,c4:7c:8d:6d:24:ed,25.7,43,78,650
2025-05-08 14:10:53,c4:7c:8d:6d:4e:df,25.5,71,132,1431
2025-05-08 14:10:56,c4:7c:8d:6d:26:c9,25.9,13,249,15
2025-05-08 14:10:59,c4:7c:8d:6d:28:fa,25.4,61,105,1135
2025-05-08 14:11:03,c4:7c:8d:6d:24:ed,25.8,43,0,647
2025-05-08 14:21:27,c4:7c:8d:6d:4e:df,25.5,71,0,1410
2025-05-08 14:21:30,c4:7c:8d:6d:26:c9,26.1,13,181,16
2025-05-08 14:21:33,c4:7c:8d:6d:28:fa,25.3,61,234,1150
2025-05-08 14:21:35,c4:7c:8d:6d:24:ed,25.8,43,117,648
2025-05-08 14:31:59,c4:7c:8d:6d:4e:df,25.6,71,130,1408
2025-05-08 14:32:02,c4:7c:8d:6d:26:c9,26.2,13,249,16
2025-05-08 14:32:05,c4:7c:8d:6d:28:fa,25.1,61,104,1139
2025-05-08 14:32:07,c4:7c:8d:6d:24:ed,26.0,43,56,657
2025-05-08 14:42:31,c4:7c:8d:6d:4e:df,25.7,71,126,1414
2025-05-08 14:42:34,c4:7c:8d:6d:26:c9,26.2,13,76,17
2025-05-08 14:42:38,c4:7c:8d:6d:28:fa,25.3,61,250,1131
2025-05-08 14:42:41,c4:7c:8d:6d:24:ed,25.9,43,134,647
2025-05-08 14:53:05,c4:7c:8d:6d:4e:df,25.8,71,47,1395
2025-05-08 14:53:08,c4:7c:8d:6d:26:c9,26.3,13,265,17
2025-05-08 14:53:11,c4:7c:8d:6d:28:fa,25.1,61,140,1139
2025-05-08 14:53:14,c4:7c:8d:6d:24:ed,25.9,43,74,657
2025-05-08 15:03:43,c4:7c:8d:6d:4e:df,25.8,71,144,1392
2025-05-08 15:03:46,c4:7c:8d:6d:26:c9,26.3,13,201,16
2025-05-08 15:03:49,c4:7c:8d:6d:28:fa,25.3,61,250,1131
2025-05-08 15:03:51,c4:7c:8d:6d:24:ed,26.0,43,95,649
2025-05-08 15:14:15,c4:7c:8d:6d:4e:df,25.8,71,66,1397
2025-05-08 15:14:19,c4:7c:8d:6d:26:c9,26.3,13,268,17
2025-05-08 15:14:22,c4:7c:8d:6d:28:fa,25.3,61,121,1139
2025-05-08 15:14:24,c4:7c:8d:6d:24:ed,25.9,43,0,660
2025-05-08 15:24:49,c4:7c:8d:6d:4e:df,25.8,71,112,1403
2025-05-08 15:24:53,c4:7c:8d:6d:26:c9,26.3,13,181,15
2025-05-08 15:24:57,c4:7c:8d:6d:28:fa,25.3,61,220,1137
2025-05-08 15:25:01,c4:7c:8d:6d:24:ed,26.0,43,135,649
2025-05-08 15:35:25,c4:7c:8d:6d:4e:df,25.8,71,68,1400
2025-05-08 15:35:28,c4:7c:8d:6d:26:c9,26.3,12,248,17
2025-05-08 15:35:31,c4:7c:8d:6d:28:fa,25.3,61,104,1128
2025-05-08 15:35:33,c4:7c:8d:6d:24:ed,26.0,43,0,655
2025-05-08 15:45:57,c4:7c:8d:6d:4e:df,25.9,71,87,1392
2025-05-08 15:46:00,c4:7c:8d:6d:26:c9,26.3,13,115,16
2025-05-08 15:46:04,c4:7c:8d:6d:28:fa,25.3,61,220,1128
2025-05-08 15:46:08,c4:7c:8d:6d:24:ed,26.0,43,19,655
2025-05-08 15:56:32,c4:7c:8d:6d:4e:df,25.8,71,105,1392
2025-05-08 15:56:34,c4:7c:8d:6d:26:c9,26.3,12,249,15
2025-05-08 15:56:37,c4:7c:8d:6d:28:fa,25.3,61,66,1126
2025-05-08 15:56:39,c4:7c:8d:6d:24:ed,26.0,43,74,658
2025-05-08 16:07:03,c4:7c:8d:6d:4e:df,25.9,71,0,1390
2025-05-08 16:07:06,c4:7c:8d:6d:26:c9,26.3,12,198,17
2025-05-08 16:07:10,c4:7c:8d:6d:28:fa,25.3,61,203,1128
2025-05-08 16:07:13,c4:7c:8d:6d:24:ed,26.0,43,76,655
2025-05-08 16:17:37,c4:7c:8d:6d:4e:df,25.8,70,0,1400
2025-05-08 16:17:43,c4:7c:8d:6d:28:fa,25.4,61,84,1126
2025-05-08 16:17:46,c4:7c:8d:6d:24:ed,26.0,43,76,655
2025-05-08 16:28:10,c4:7c:8d:6d:4e:df,25.8,70,29,1383
2025-05-08 16:28:12,c4:7c:8d:6d:26:c9,26.3,12,249,17
2025-05-08 16:28:15,c4:7c:8d:6d:28:fa,25.3,61,250,1121
2025-05-08 16:28:17,c4:7c:8d:6d:24:ed,26.0,43,135,649
2025-05-08 16:38:41,c4:7c:8d:6d:4e:df,25.9,70,9,1403
2025-05-08 16:38:43,c4:7c:8d:6d:26:c9,26.4,13,58,17
2025-05-08 16:38:46,c4:7c:8d:6d:28:fa,25.4,61,139,1128
2025-05-08 16:38:48,c4:7c:8d:6d:24:ed,26.0,43,73,653
2025-05-08 16:49:12,c4:7c:8d:6d:4e:df,25.8,71,107,1392
2025-05-08 16:49:16,c4:7c:8d:6d:26:c9,26.3,13,234,16
2025-05-08 16:49:20,c4:7c:8d:6d:28:fa,25.4,61,248,1121
2025-05-08 16:49:23,c4:7c:8d:6d:24:ed,26.0,43,0,655
2025-05-08 16:59:47,c4:7c:8d:6d:4e:df,25.9,70,84,1390
2025-05-08 16:59:51,c4:7c:8d:6d:26:c9,26.4,12,234,17
2025-05-08 16:59:54,c4:7c:8d:6d:28:fa,25.4,61,126,1126
2025-05-08 16:59:56,c4:7c:8d:6d:24:ed,26.1,43,94,654
2025-05-08 17:10:20,c4:7c:8d:6d:4e:df,25.9,70,90,1383
2025-05-08 17:10:23,c4:7c:8d:6d:26:c9,26.4,12,74,17
2025-05-08 17:10:28,c4:7c:8d:6d:28:fa,25.4,61,203,1121
2025-05-08 17:10:30,c4:7c:8d:6d:24:ed,26.1,43,56,659
2025-05-08 17:20:54,c4:7c:8d:6d:4e:df,26.0,71,65,1395
2025-05-08 17:20:57,c4:7c:8d:6d:26:c9,26.3,12,249,17
2025-05-08 17:21:01,c4:7c:8d:6d:28:fa,25.4,61,121,1110
2025-05-08 17:21:05,c4:7c:8d:6d:24:ed,26.0,43,74,654
2025-05-08 17:31:29,c4:7c:8d:6d:4e:df,25.9,70,90,1375
2025-05-08 17:31:32,c4:7c:8d:6d:26:c9,26.3,13,233,17
2025-05-08 17:31:35,c4:7c:8d:6d:28:fa,25.4,61,248,1121
2025-05-08 17:31:37,c4:7c:8d:6d:24:ed,26.0,43,115,654
2025-05-08 17:42:01,c4:7c:8d:6d:4e:df,25.9,71,126,1386
2025-05-08 17:42:03,c4:7c:8d:6d:26:c9,26.4,12,164,17
2025-05-08 17:42:06,c4:7c:8d:6d:28:fa,25.4,61,121,1121
2025-05-08 17:42:08,c4:7c:8d:6d:24:ed,26.0,43,74,658
2025-05-08 17:52:32,c4:7c:8d:6d:4e:df,25.8,70,87,1362
2025-05-08 17:52:34,c4:7c:8d:6d:26:c9,26.3,13,248,16
2025-05-08 17:52:37,c4:7c:8d:6d:28:fa,25.4,61,217,1110
2025-05-08 17:52:39,c4:7c:8d:6d:24:ed,26.1,43,135,654
2025-05-08 18:03:03,c4:7c:8d:6d:4e:df,26.0,70,0,1383
2025-05-08 18:03:05,c4:7c:8d:6d:26:c9,26.3,12,58,17
2025-05-08 18:03:08,c4:7c:8d:6d:28:fa,25.4,61,84,1110
2025-05-08 18:03:10,c4:7c:8d:6d:24:ed,26.0,43,97,654
2025-05-08 18:13:34,c4:7c:8d:6d:4e:df,26.0,70,89,1365
2025-05-08 18:13:36,c4:7c:8d:6d:26:c9,26.3,13,232,17
2025-05-08 18:13:39,c4:7c:8d:6d:28:fa,25.4,61,250,1112
2025-05-08 18:13:41,c4:7c:8d:6d:24:ed,26.0,43,117,650
2025-05-08 18:24:05,c4:7c:8d:6d:4e:df,25.8,70,32,1383
2025-05-08 18:24:07,c4:7c:8d:6d:26:c9,26.5,12,181,17
2025-05-08 18:24:11,c4:7c:8d:6d:28:fa,25.3,60,121,1102
2025-05-08 18:24:16,c4:7c:8d:6d:24:ed,26.1,43,92,643
2025-05-08 18:34:42,c4:7c:8d:6d:4e:df,25.9,70,65,1358
2025-05-08 18:34:44,c4:7c:8d:6d:26:c9,26.3,12,248,16
2025-05-08 18:34:47,c4:7c:8d:6d:28:fa,25.4,61,250,1102
2025-05-08 18:34:49,c4:7c:8d:6d:24:ed,26.0,43,118,640
2025-05-08 18:45:14,c4:7c:8d:6d:4e:df,25.9,70,110,1367
2025-05-08 18:45:17,c4:7c:8d:6d:26:c9,26.4,12,164,17
2025-05-08 18:45:21,c4:7c:8d:6d:28:fa,25.4,60,121,1102
2025-05-08 18:45:25,c4:7c:8d:6d:24:ed,26.0,43,0,642
2025-05-08 18:55:49,c4:7c:8d:6d:4e:df,25.9,70,50,1358
2025-05-08 18:55:53,c4:7c:8d:6d:26:c9,26.3,12,268,17
2025-05-08 18:55:56,c4:7c:8d:6d:28:fa,25.3,60,217,1095
2025-05-08 18:55:59,c4:7c:8d:6d:24:ed,26.0,43,56,642
2025-05-08 19:06:26,c4:7c:8d:6d:4e:df,25.9,70,107,1339
2025-05-08 19:06:29,c4:7c:8d:6d:26:c9,26.3,13,166,16
2025-05-08 19:06:32,c4:7c:8d:6d:28:fa,25.3,60,236,1095
2025-05-08 19:06:34,c4:7c:8d:6d:24:ed,26.0,41,0,650
2025-05-08 19:16:58,c4:7c:8d:6d:4e:df,25.8,70,66,1367
2025-05-08 19:17:01,c4:7c:8d:6d:26:c9,26.3,12,248,16
2025-05-08 19:17:06,c4:7c:8d:6d:28:fa,25.4,60,104,1091
2025-05-08 19:17:10,c4:7c:8d:6d:24:ed,26.0,43,0,647
2025-05-08 19:27:34,c4:7c:8d:6d:4e:df,25.6,70,90,1363
2025-05-08 19:27:36,c4:7c:8d:6d:26:c9,26.0,13,234,17
2025-05-08 19:27:40,c4:7c:8d:6d:28:fa,25.4,60,236,1091
2025-05-08 19:27:42,c4:7c:8d:6d:24:ed,25.9,41,135,643
2025-05-08 19:38:06,c4:7c:8d:6d:4e:df,25.6,70,87,1360
2025-05-08 19:38:09,c4:7c:8d:6d:26:c9,26.0,13,134,17
2025-05-08 19:38:12,c4:7c:8d:6d:28:fa,25.4,60,121,1073
2025-05-08 19:38:14,c4:7c:8d:6d:24:ed,26.0,41,95,638
2025-05-08 19:48:38,c4:7c:8d:6d:4e:df,25.5,70,128,1360
2025-05-08 19:48:41,c4:7c:8d:6d:26:c9,26.1,13,234,17
2025-05-08 19:48:44,c4:7c:8d:6d:28:fa,25.6,60,217,1080
2025-05-08 19:48:46,c4:7c:8d:6d:24:ed,26.0,43,117,637
2025-05-08 19:59:15,c4:7c:8d:6d:4e:df,25.6,70,86,1355
2025-05-08 19:59:20,c4:7c:8d:6d:28:fa,25.4,60,121,1082
2025-05-08 19:59:25,c4:7c:8d:6d:24:ed,26.1,41,0,637
2025-05-08 20:09:51,c4:7c:8d:6d:26:c9,26.3,12,181,17
2025-05-08 20:09:54,c4:7c:8d:6d:28:fa,25.6,60,217,1080
2025-05-08 20:09:56,c4:7c:8d:6d:24:ed,26.1,43,115,634
2025-05-08 20:20:20,c4:7c:8d:6d:26:c9,26.5,12,264,17
2025-05-08 20:20:25,c4:7c:8d:6d:28:fa,26.0,60,105,1072
2025-05-08 20:20:28,c4:7c:8d:6d:24:ed,26.5,41,71,627
2025-05-08 20:30:54,c4:7c:8d:6d:4e:df,26.1,70,130,1339
2025-05-08 20:30:57,c4:7c:8d:6d:26:c9,26.7,12,265,17
2025-05-08 20:31:00,c4:7c:8d:6d:28:fa,26.2,60,248,1068
2025-05-08 20:31:02,c4:7c:8d:6d:24:ed,26.9,42,115,627
2025-05-08 20:41:26,c4:7c:8d:6d:4e:df,26.4,70,108,1329
2025-05-08 20:41:28,c4:7c:8d:6d:26:c9,26.9,12,250,17
2025-05-08 20:41:32,c4:7c:8d:6d:28:fa,26.5,60,140,1062
2025-05-08 20:41:35,c4:7c:8d:6d:24:ed,26.9,42,0,626
2025-05-08 20:51:59,c4:7c:8d:6d:4e:df,26.4,70,0,1318
2025-05-08 20:52:01,c4:7c:8d:6d:26:c9,27.0,12,249,17
2025-05-08 20:52:05,c4:7c:8d:6d:28:fa,26.5,60,217,1062
2025-05-08 20:52:08,c4:7c:8d:6d:24:ed,27.0,42,115,627
2025-05-08 21:02:32,c4:7c:8d:6d:4e:df,26.6,70,128,1330
2025-05-08 21:02:36,c4:7c:8d:6d:28:fa,26.5,60,105,1073
2025-05-08 21:02:38,c4:7c:8d:6d:24:ed,26.9,42,71,625
2025-05-08 21:13:05,c4:7c:8d:6d:4e:df,26.7,70,6,1332
2025-05-08 21:13:07,c4:7c:8d:6d:26:c9,27.2,13,201,16
2025-05-08 21:13:10,c4:7c:8d:6d:28:fa,26.5,60,248,1062
2025-05-08 21:13:12,c4:7c:8d:6d:24:ed,27.1,42,99,630
2025-05-08 21:23:37,c4:7c:8d:6d:4e:df,26.7,70,50,1317
2025-05-08 21:23:39,c4:7c:8d:6d:26:c9,27.3,13,250,16
2025-05-08 21:23:42,c4:7c:8d:6d:28:fa,26.5,60,140,1064
2025-05-08 21:23:45,c4:7c:8d:6d:24:ed,27.2,42,35,625
2025-05-08 21:34:10,c4:7c:8d:6d:4e:df,26.8,70,4,1330
2025-05-08 21:34:12,c4:7c:8d:6d:26:c9,27.3,13,215,16
2025-05-08 21:34:15,c4:7c:8d:6d:28:fa,26.3,60,217,1066
2025-05-08 21:34:17,c4:7c:8d:6d:24:ed,27.0,42,55,627
2025-05-08 21:44:41,c4:7c:8d:6d:4e:df,26.6,70,125,1332
2025-05-08 21:44:44,c4:7c:8d:6d:26:c9,27.1,13,250,16
2025-05-08 21:44:50,c4:7c:8d:6d:24:ed,27.0,42,94,632
2025-05-08 21:55:16,c4:7c:8d:6d:4e:df,26.8,70,82,1332
2025-05-08 21:55:18,c4:7c:8d:6d:26:c9,27.2,13,182,16
2025-05-08 21:55:21,c4:7c:8d:6d:28:fa,26.6,60,68,1058
2025-05-08 21:55:24,c4:7c:8d:6d:24:ed,27.1,42,113,622
2025-05-08 22:05:47,c4:7c:8d:6d:4e:df,26.7,70,90,1324
2025-05-08 22:05:50,c4:7c:8d:6d:26:c9,27.3,13,248,16
2025-05-08 22:05:53,c4:7c:8d:6d:28:fa,26.7,60,218,1058
2025-05-08 22:05:56,c4:7c:8d:6d:24:ed,27.2,42,94,619
2025-05-08 22:16:21,c4:7c:8d:6d:4e:df,26.9,70,82,1317
2025-05-08 22:16:23,c4:7c:8d:6d:26:c9,27.4,12,164,16
2025-05-08 22:16:26,c4:7c:8d:6d:28:fa,26.7,60,140,1065
2025-05-08 22:16:29,c4:7c:8d:6d:24:ed,27.2,42,69,622
2025-05-08 22:26:52,c4:7c:8d:6d:4e:df,27.0,70,110,1314
2025-05-08 22:26:56,c4:7c:8d:6d:26:c9,27.5,12,248,16
2025-05-08 22:26:59,c4:7c:8d:6d:28:fa,26.9,60,234,1063
2025-05-08 22:27:01,c4:7c:8d:6d:24:ed,27.4,42,117,620
2025-05-08 22:37:24,c4:7c:8d:6d:4e:df,27.2,70,105,1319
2025-05-08 22:37:28,c4:7c:8d:6d:26:c9,27.5,13,182,16
2025-05-08 22:37:32,c4:7c:8d:6d:28:fa,26.9,60,140,1054
2025-05-08 22:37:38,c4:7c:8d:6d:24:ed,27.4,42,92,619
2025-05-08 22:48:02,c4:7c:8d:6d:4e:df,27.2,70,126,1301
2025-05-08 22:48:05,c4:7c:8d:6d:26:c9,27.7,13,248,16
2025-05-08 22:48:08,c4:7c:8d:6d:28:fa,27.0,60,234,1061
2025-05-08 22:48:13,c4:7c:8d:6d:24:ed,27.6,42,99,619
2025-05-08 22:58:36,c4:7c:8d:6d:4e:df,27.4,70,0,1312
2025-05-08 22:58:41,c4:7c:8d:6d:28:fa,27.1,60,68,1050
2025-05-08 22:58:45,c4:7c:8d:6d:24:ed,27.7,42,74,621
2025-05-08 23:09:09,c4:7c:8d:6d:4e:df,27.3,70,0,1307
2025-05-08 23:09:12,c4:7c:8d:6d:26:c9,27.7,13,265,16
2025-05-08 23:09:16,c4:7c:8d:6d:28:fa,27.1,60,217,1048
2025-05-08 23:09:18,c4:7c:8d:6d:24:ed,27.8,43,95,615
2025-05-08 23:19:42,c4:7c:8d:6d:4e:df,27.3,70,0,1314
2025-05-08 23:19:45,c4:7c:8d:6d:26:c9,27.9,13,233,16
2025-05-08 23:19:48,c4:7c:8d:6d:28:fa,27.2,60,140,1048
2025-05-08 23:19:50,c4:7c:8d:6d:24:ed,27.8,42,113,615
2025-05-08 23:30:13,c4:7c:8d:6d:4e:df,27.4,70,0,1312
2025-05-08 23:30:17,c4:7c:8d:6d:26:c9,27.8,13,268,18
2025-05-08 23:30:20,c4:7c:8d:6d:28:fa,27.2,60,217,1046
2025-05-08 23:30:22,c4:7c:8d:6d:24:ed,27.8,43,71,615
2025-05-08 23:40:45,c4:7c:8d:6d:4e:df,27.5,71,29,1304
2025-05-08 23:40:50,c4:7c:8d:6d:26:c9,27.9,13,217,16
2025-05-08 23:40:53,c4:7c:8d:6d:28:fa,27.2,60,86,1048
2025-05-08 23:40:56,c4:7c:8d:6d:24:ed,27.8,42,55,620
2025-05-08 23:51:19,c4:7c:8d:6d:4e:df,27.7,70,9,1293
2025-05-08 23:51:22,c4:7c:8d:6d:26:c9,28.1,13,249,16
2025-05-08 23:51:25,c4:7c:8d:6d:28:fa,27.2,60,233,1048
2025-05-08 23:51:28,c4:7c:8d:6d:24:ed,27.7,42,90,620
2025-05-09 00:01:51,c4:7c:8d:6d:4e:df,27.7,70,105,1299
2025-05-09 00:01:54,c4:7c:8d:6d:26:c9,28.1,13,166,16
2025-05-09 00:01:58,c4:7c:8d:6d:28:fa,27.1,60,68,1048
2025-05-09 00:02:02,c4:7c:8d:6d:24:ed,27.7,42,97,621
2025-05-09 00:12:25,c4:7c:8d:6d:4e:df,27.7,70,82,1289
2025-05-09 00:12:34,c4:7c:8d:6d:28:fa,27.1,60,234,1057
2025-05-09 00:12:37,c4:7c:8d:6d:24:ed,27.8,42,0,620
2025-05-09 00:23:00,c4:7c:8d:6d:4e:df,27.7,70,126,1291
2025-05-09 00:23:03,c4:7c:8d:6d:26:c9,28.0,13,248,16
2025-05-09 00:23:05,c4:7c:8d:6d:28:fa,27.2,60,171,1041
2025-05-09 00:23:08,c4:7c:8d:6d:24:ed,28.0,42,134,614
2025-05-09 00:33:33,c4:7c:8d:6d:4e:df,27.7,70,47,1291
2025-05-09 00:33:36,c4:7c:8d:6d:26:c9,28.1,13,197,16
2025-05-09 00:33:40,c4:7c:8d:6d:28:fa,27.2,60,248,1041
2025-05-09 00:33:45,c4:7c:8d:6d:24:ed,27.9,42,115,620
2025-05-09 00:44:08,c4:7c:8d:6d:4e:df,27.7,70,86,1299
2025-05-09 00:44:12,c4:7c:8d:6d:26:c9,28.0,13,233,16
2025-05-09 00:44:18,c4:7c:8d:6d:24:ed,27.8,42,92,620
2025-05-09 00:54:41,c4:7c:8d:6d:4e:df,27.7,70,105,1279
2025-05-09 00:54:44,c4:7c:8d:6d:26:c9,28.1,13,202,16
2025-05-09 00:54:47,c4:7c:8d:6d:28:fa,27.2,60,86,1039
2025-05-09 00:54:50,c4:7c:8d:6d:24:ed,27.8,42,74,620
2025-05-09 01:05:15,c4:7c:8d:6d:4e:df,27.7,69,105,1281
2025-05-09 01:05:21,c4:7c:8d:6d:26:c9,28.0,13,198,16
2025-05-09 01:05:24,c4:7c:8d:6d:28:fa,27.1,60,248,1050
2025-05-09 01:05:28,c4:7c:8d:6d:24:ed,27.8,42,16,621
2025-05-09 01:15:51,c4:7c:8d:6d:4e:df,27.4,69,47,1286
2025-05-09 01:15:54,c4:7c:8d:6d:26:c9,27.7,13,265,16
2025-05-09 01:15:57,c4:7c:8d:6d:28:fa,27.0,60,125,1034
2025-05-09 01:16:02,c4:7c:8d:6d:24:ed,27.5,42,115,631
2025-05-09 01:26:26,c4:7c:8d:6d:4e:df,27.4,69,107,1264
2025-05-09 01:26:29,c4:7c:8d:6d:26:c9,27.7,13,163,16
2025-05-09 01:26:33,c4:7c:8d:6d:28:fa,26.9,60,248,1047
2025-05-09 01:26:37,c4:7c:8d:6d:24:ed,27.5,42,90,627
2025-05-09 01:37:00,c4:7c:8d:6d:4e:df,27.2,69,81,1276
2025-05-09 01:37:04,c4:7c:8d:6d:26:c9,27.6,13,248,16
2025-05-09 01:37:07,c4:7c:8d:6d:28:fa,26.8,60,121,1038
2025-05-09 01:37:10,c4:7c:8d:6d:24:ed,27.3,42,117,620
2025-05-09 01:47:33,c4:7c:8d:6d:4e:df,27.1,70,128,1287
2025-05-09 01:47:36,c4:7c:8d:6d:26:c9,27.4,13,197,18
2025-05-09 01:47:38,c4:7c:8d:6d:28:fa,26.6,60,249,1034
2025-05-09 01:47:41,c4:7c:8d:6d:24:ed,27.2,42,90,622
2025-05-09 01:58:04,c4:7c:8d:6d:4e:df,27.0,68,63,1290
2025-05-09 01:58:07,c4:7c:8d:6d:26:c9,27.4,12,183,16
2025-05-09 01:58:09,c4:7c:8d:6d:28:fa,26.5,60,86,1044
2025-05-09 01:58:12,c4:7c:8d:6d:24:ed,27.2,42,115,610
2025-05-09 02:08:36,c4:7c:8d:6d:4e:df,26.9,68,110,1284
2025-05-09 02:08:39,c4:7c:8d:6d:26:c9,27.3,12,151,18
2025-05-09 02:08:41,c4:7c:8d:6d:28:fa,26.5,60,218,1038
2025-05-09 02:08:44,c4:7c:8d:6d:24:ed,27.2,43,113,625
2025-05-09 02:19:13,c4:7c:8d:6d:4e:df,26.9,68,82,1270
2025-05-09 02:19:16,c4:7c:8d:6d:26:c9,27.2,12,248,16
2025-05-09 02:19:19,c4:7c:8d:6d:28:fa,26.3,60,86,1030
2025-05-09 02:19:23,c4:7c:8d:6d:24:ed,26.9,42,71,622
2025-05-09 02:29:46,c4:7c:8d:6d:4e:df,26.8,68,86,1254
2025-05-09 02:29:49,c4:7c:8d:6d:26:c9,27.2,12,234,16
2025-05-09 02:29:51,c4:7c:8d:6d:28:fa,26.2,59,218,1025
2025-05-09 02:29:55,c4:7c:8d:6d:24:ed,26.9,42,97,614
2025-05-09 02:40:19,c4:7c:8d:6d:4e:df,26.7,68,105,1272
2025-05-09 02:40:22,c4:7c:8d:6d:26:c9,27.0,12,183,17
2025-05-09 02:40:25,c4:7c:8d:6d:28:fa,26.2,59,218,1027
2025-05-09 02:40:29,c4:7c:8d:6d:24:ed,26.7,42,71,622
2025-05-09 02:50:52,c4:7c:8d:6d:4e:df,26.6,68,0,1277
2025-05-09 02:50:55,c4:7c:8d:6d:26:c9,27.0,12,232,17
2025-05-09 02:50:58,c4:7c:8d:6d:28:fa,26.1,59,125,1018
2025-05-09 02:51:01,c4:7c:8d:6d:24:ed,26.7,42,19,620
2025-05-09 03:01:24,c4:7c:8d:6d:4e:df,26.4,68,0,1252
2025-05-09 03:01:27,c4:7c:8d:6d:26:c9,27.0,12,181,17
2025-05-09 03:01:30,c4:7c:8d:6d:28:fa,26.1,59,215,1013
2025-05-09 03:11:55,c4:7c:8d:6d:4e:df,26.3,68,13,1261
2025-05-09 03:11:58,c4:7c:8d:6d:26:c9,26.9,12,264,17
2025-05-09 03:12:01,c4:7c:8d:6d:28:fa,26.0,59,125,1013
2025-05-09 03:12:04,c4:7c:8d:6d:24:ed,26.7,42,74,616
2025-05-09 03:22:27,c4:7c:8d:6d:4e:df,26.4,68,104,1263
2025-05-09 03:22:30,c4:7c:8d:6d:26:c9,26.8,12,166,17
2025-05-09 03:22:33,c4:7c:8d:6d:28:fa,26.0,58,249,1006
2025-05-09 03:22:36,c4:7c:8d:6d:24:ed,26.6,41,0,617
2025-05-09 03:32:59,c4:7c:8d:6d:4e:df,26.4,68,32,1257
2025-05-09 03:33:02,c4:7c:8d:6d:26:c9,26.7,12,187,17
2025-05-09 03:33:05,c4:7c:8d:6d:28:fa,25.9,58,156,1006
2025-05-09 03:33:08,c4:7c:8d:6d:24:ed,26.5,42,55,602
2025-05-09 03:43:31,c4:7c:8d:6d:4e:df,26.3,68,48,1257
2025-05-09 03:43:33,c4:7c:8d:6d:26:c9,26.8,12,201,17
2025-05-09 03:43:36,c4:7c:8d:6d:28:fa,25.8,58,218,998
2025-05-09 03:43:39,c4:7c:8d:6d:24:ed,26.5,41,60,615
2025-05-09 03:54:02,c4:7c:8d:6d:4e:df,26.3,68,29,1241
2025-05-09 03:54:04,c4:7c:8d:6d:26:c9,26.6,12,232,17
2025-05-09 03:54:08,c4:7c:8d:6d:28:fa,25.8,58,86,1002
2025-05-09 03:54:12,c4:7c:8d:6d:24:ed,26.5,41,71,608
2025-05-09 04:04:35,c4:7c:8d:6d:4e:df,26.1,68,68,1243
2025-05-09 04:04:37,c4:7c:8d:6d:26:c9,26.7,12,232,17
2025-05-09 04:04:40,c4:7c:8d:6d:28:fa,25.7,58,218,993
2025-05-09 04:04:43,c4:7c:8d:6d:24:ed,26.3,41,115,609
2025-05-09 04:15:06,c4:7c:8d:6d:4e:df,26.2,68,82,1228
2025-05-09 04:15:08,c4:7c:8d:6d:26:c9,26.5,12,167,17
2025-05-09 04:15:11,c4:7c:8d:6d:28:fa,25.6,58,48,995
2025-05-09 04:15:14,c4:7c:8d:6d:24:ed,26.1,41,74,609
2025-05-09 04:25:37,c4:7c:8d:6d:4e:df,26.0,68,68,1228
2025-05-09 04:25:39,c4:7c:8d:6d:26:c9,26.5,12,264,17
2025-05-09 04:25:42,c4:7c:8d:6d:28:fa,25.6,58,218,991
2025-05-09 04:25:46,c4:7c:8d:6d:24:ed,26.1,41,117,610
2025-05-09 04:36:11,c4:7c:8d:6d:4e:df,26.0,68,48,1250
2025-05-09 04:36:14,c4:7c:8d:6d:26:c9,26.5,12,99,17
2025-05-09 04:36:18,c4:7c:8d:6d:28:fa,25.4,58,249,995
2025-05-09 04:36:22,c4:7c:8d:6d:24:ed,26.3,41,56,611
2025-05-09 04:46:45,c4:7c:8d:6d:4e:df,25.9,67,87,1223
2025-05-09 04:46:48,c4:7c:8d:6d:26:c9,26.4,12,265,17
2025-05-09 04:46:51,c4:7c:8d:6d:28:fa,25.4,58,86,992
2025-05-09 04:46:54,c4:7c:8d:6d:24:ed,26.0,41,117,611
2025-05-09 04:57:17,c4:7c:8d:6d:4e:df,25.8,67,66,1223
2025-05-09 04:57:20,c4:7c:8d:6d:26:c9,26.2,12,198,17
2025-05-09 04:57:22,c4:7c:8d:6d:28:fa,25.4,58,218,992
2025-05-09 04:57:25,c4:7c:8d:6d:24:ed,26.0,41,71,604
2025-05-09 05:07:48,c4:7c:8d:6d:4e:df,25.8,67,90,1216
2025-05-09 05:07:51,c4:7c:8d:6d:26:c9,26.2,12,185,17
2025-05-09 05:07:53,c4:7c:8d:6d:28:fa,25.3,57,125,988
2025-05-09 05:07:56,c4:7c:8d:6d:24:ed,26.0,41,117,599
2025-05-09 05:18:20,c4:7c:8d:6d:4e:df,25.8,67,105,1216
2025-05-09 05:18:25,c4:7c:8d:6d:26:c9,26.3,13,148,17
2025-05-09 05:18:27,c4:7c:8d:6d:28:fa,25.3,57,249,986
2025-05-09 05:18:30,c4:7c:8d:6d:24:ed,25.9,41,118,602
2025-05-09 05:28:53,c4:7c:8d:6d:4e:df,25.8,67,0,1221
2025-05-09 05:28:56,c4:7c:8d:6d:26:c9,26.3,12,268,17
2025-05-09 05:28:58,c4:7c:8d:6d:28:fa,25.2,57,86,986
2025-05-09 05:29:01,c4:7c:8d:6d:24:ed,26.0,42,53,605
2025-05-09 05:39:24,c4:7c:8d:6d:4e:df,25.7,67,0,1215
2025-05-09 05:39:28,c4:7c:8d:6d:26:c9,26.1,11,201,17
2025-05-09 05:39:31,c4:7c:8d:6d:28:fa,25.2,57,218,993
2025-05-09 05:39:35,c4:7c:8d:6d:24:ed,25.7,41,56,601
2025-05-09 05:50:01,c4:7c:8d:6d:4e:df,25.6,67,108,1207
2025-05-09 05:50:04,c4:7c:8d:6d:26:c9,26.0,11,249,16
2025-05-09 05:50:07,c4:7c:8d:6d:28:fa,25.2,57,125,988
2025-05-09 05:50:10,c4:7c:8d:6d:24:ed,25.7,41,95,603
2025-05-09 06:00:37,c4:7c:8d:6d:26:c9,25.9,11,151,17
2025-05-09 06:00:40,c4:7c:8d:6d:28:fa,25.1,56,248,991
2025-05-09 06:00:43,c4:7c:8d:6d:24:ed,25.7,41,76,591
2025-05-09 06:11:06,c4:7c:8d:6d:4e:df,25.4,67,84,1218
2025-05-09 06:11:09,c4:7c:8d:6d:26:c9,25.9,11,234,17
2025-05-09 06:11:12,c4:7c:8d:6d:28:fa,24.9,57,125,977
2025-05-09 06:11:14,c4:7c:8d:6d:24:ed,25.7,41,0,597
2025-05-09 06:21:38,c4:7c:8d:6d:4e:df,25.5,67,126,1202
2025-05-09 06:21:42,c4:7c:8d:6d:26:c9,25.7,11,198,17
2025-05-09 06:21:45,c4:7c:8d:6d:28:fa,24.9,56,249,980
2025-05-09 06:21:50,c4:7c:8d:6d:24:ed,25.5,41,56,592
2025-05-09 06:32:14,c4:7c:8d:6d:4e:df,25.4,66,84,1195
2025-05-09 06:32:17,c4:7c:8d:6d:26:c9,25.8,11,264,16
2025-05-09 06:32:20,c4:7c:8d:6d:28:fa,24.8,56,248,980
2025-05-09 06:32:24,c4:7c:8d:6d:24:ed,25.4,41,61,599
2025-05-09 06:42:48,c4:7c:8d:6d:4e:df,25.3,67,107,1205
2025-05-09 06:42:50,c4:7c:8d:6d:26:c9,25.7,11,164,17
2025-05-09 06:42:53,c4:7c:8d:6d:28:fa,24.8,56,249,980
2025-05-09 06:42:56,c4:7c:8d:6d:24:ed,25.4,41,55,593
2025-05-09 06:53:21,c4:7c:8d:6d:4e:df,25.3,66,65,1188
2025-05-09 06:53:23,c4:7c:8d:6d:26:c9,25.8,11,265,17
2025-05-09 06:53:26,c4:7c:8d:6d:28:fa,24.8,56,125,980
2025-05-09 06:53:28,c4:7c:8d:6d:24:ed,25.4,41,78,594
2025-05-09 07:03:53,c4:7c:8d:6d:4e:df,25.2,66,73,1195
2025-05-09 07:03:55,c4:7c:8d:6d:26:c9,25.7,11,198,17
2025-05-09 07:03:58,c4:7c:8d:6d:28:fa,24.8,56,218,971
2025-05-09 07:04:00,c4:7c:8d:6d:24:ed,25.4,41,117,588
2025-05-09 07:14:24,c4:7c:8d:6d:4e:df,25.2,66,84,1188
2025-05-09 07:14:26,c4:7c:8d:6d:26:c9,25.7,11,218,17
2025-05-09 07:14:29,c4:7c:8d:6d:28:fa,24.7,56,82,973
2025-05-09 07:14:32,c4:7c:8d:6d:24:ed,25.4,41,56,581
2025-05-09 07:24:55,c4:7c:8d:6d:4e:df,25.2,66,130,1184
2025-05-09 07:24:57,c4:7c:8d:6d:26:c9,25.7,11,197,16
2025-05-09 07:25:00,c4:7c:8d:6d:28:fa,24.6,56,218,981
2025-05-09 07:25:02,c4:7c:8d:6d:24:ed,25.4,41,117,581
2025-05-09 07:35:26,c4:7c:8d:6d:4e:df,25.3,66,108,1169
2025-05-09 07:35:28,c4:7c:8d:6d:26:c9,25.7,11,156,17
2025-05-09 07:35:31,c4:7c:8d:6d:28:fa,24.8,56,86,971
2025-05-09 07:35:34,c4:7c:8d:6d:24:ed,25.4,41,0,585
2025-05-09 07:45:57,c4:7c:8d:6d:4e:df,25.3,66,110,1179
2025-05-09 07:46:00,c4:7c:8d:6d:26:c9,25.7,11,215,17
2025-05-09 07:46:03,c4:7c:8d:6d:28:fa,24.7,56,218,975
2025-05-09 07:46:05,c4:7c:8d:6d:24:ed,25.4,41,113,579
2025-05-09 07:56:29,c4:7c:8d:6d:4e:df,25.2,66,65,1169
2025-05-09 07:56:32,c4:7c:8d:6d:26:c9,25.7,11,250,17
2025-05-09 07:56:35,c4:7c:8d:6d:28:fa,24.6,56,86,965
2025-05-09 07:56:38,c4:7c:8d:6d:24:ed,25.3,41,0,583
2025-05-09 08:07:05,c4:7c:8d:6d:4e:df,25.2,66,87,1174
2025-05-09 08:07:08,c4:7c:8d:6d:26:c9,25.7,11,39,17
2025-05-09 08:07:12,c4:7c:8d:6d:28:fa,24.6,56,249,973
2025-05-09 08:07:16,c4:7c:8d:6d:24:ed,25.3,40,134,583
2025-05-09 08:17:40,c4:7c:8d:6d:4e:df,25.1,66,84,1165
2025-05-09 08:17:43,c4:7c:8d:6d:26:c9,25.5,11,233,17
2025-05-09 08:17:45,c4:7c:8d:6d:28:fa,24.5,56,156,971
2025-05-09 08:17:47,c4:7c:8d:6d:24:ed,25.2,41,94,578
2025-05-09 08:28:11,c4:7c:8d:6d:4e:df,25.0,66,112,1167
2025-05-09 08:28:14,c4:7c:8d:6d:26:c9,25.5,11,182,17
2025-05-09 08:28:17,c4:7c:8d:6d:28:fa,24.5,56,233,972
2025-05-09 08:28:20,c4:7c:8d:6d:24:ed,25.1,40,1,586
2025-05-09 08:38:46,c4:7c:8d:6d:4e:df,25.0,66,0,1171
2025-05-09 08:38:49,c4:7c:8d:6d:26:c9,25.3,11,189,17
2025-05-09 08:38:52,c4:7c:8d:6d:28:fa,24.4,55,218,972
2025-05-09 08:38:54,c4:7c:8d:6d:24:ed,25.0,40,92,579
2025-05-09 08:49:19,c4:7c:8d:6d:4e:df,24.9,66,87,1162
2025-05-09 08:49:21,c4:7c:8d:6d:26:c9,25.3,11,198,17
2025-05-09 08:49:24,c4:7c:8d:6d:28:fa,24.2,55,84,969
2025-05-09 08:49:27,c4:7c:8d:6d:24:ed,25.0,41,78,577
2025-05-09 08:59:52,c4:7c:8d:6d:4e:df,24.7,66,107,1167
2025-05-09 08:59:54,c4:7c:8d:6d:26:c9,25.2,11,234,16
2025-05-09 08:59:57,c4:7c:8d:6d:28:fa,24.2,55,233,967
2025-05-09 08:59:59,c4:7c:8d:6d:24:ed,24.9,40,74,576
2025-05-09 09:10:23,c4:7c:8d:6d:4e:df,24.7,66,73,1159
2025-05-09 09:10:25,c4:7c:8d:6d:26:c9,25.2,11,134,16
2025-05-09 09:10:28,c4:7c:8d:6d:28:fa,24.1,55,105,967
2025-05-09 09:10:30,c4:7c:8d:6d:24:ed,24.7,40,97,580
2025-05-09 09:20:54,c4:7c:8d:6d:4e:df,24.8,66,68,1145
2025-05-09 09:20:56,c4:7c:8d:6d:26:c9,25.0,11,234,16
2025-05-09 09:20:59,c4:7c:8d:6d:28:fa,24.0,55,233,971
2025-05-09 09:21:02,c4:7c:8d:6d:24:ed,24.7,40,14,581
2025-05-09 09:31:28,c4:7c:8d:6d:4e:df,24.5,66,92,1154
2025-05-09 09:31:31,c4:7c:8d:6d:26:c9,24.9,11,166,16
2025-05-09 09:31:34,c4:7c:8d:6d:28:fa,24.0,55,202,967
2025-05-09 09:31:36,c4:7c:8d:6d:24:ed,24.7,40,94,578
2025-05-09 09:42:00,c4:7c:8d:6d:4e:df,24.5,66,130,1154
2025-05-09 09:42:02,c4:7c:8d:6d:26:c9,24.9,11,250,17
2025-05-09 09:42:06,c4:7c:8d:6d:28:fa,23.8,55,140,968
2025-05-09 09:42:10,c4:7c:8d:6d:24:ed,24.6,40,94,574
2025-05-09 09:52:35,c4:7c:8d:6d:4e:df,24.5,65,84,1139
2025-05-09 09:52:37,c4:7c:8d:6d:26:c9,24.9,11,249,16
2025-05-09 09:52:40,c4:7c:8d:6d:28:fa,23.8,55,201,967
2025-05-09 09:52:42,c4:7c:8d:6d:24:ed,24.5,40,117,574
2025-05-09 10:03:06,c4:7c:8d:6d:4e:df,24.3,66,0,1149
2025-05-09 10:03:08,c4:7c:8d:6d:26:c9,24.7,11,218,17
2025-05-09 10:03:12,c4:7c:8d:6d:28:fa,23.7,55,140,963
2025-05-09 10:03:16,c4:7c:8d:6d:24:ed,24.4,40,74,573
2025-05-09 10:13:40,c4:7c:8d:6d:4e:df,24.3,65,89,1143
2025-05-09 10:13:42,c4:7c:8d:6d:26:c9,24.8,11,233,17
2025-05-09 10:13:45,c4:7c:8d:6d:28:fa,23.7,55,203,963
2025-05-09 10:13:48,c4:7c:8d:6d:24:ed,24.2,40,97,577
2025-05-09 10:24:15,c4:7c:8d:6d:4e:df,24.3,65,128,1143
2025-05-09 10:24:18,c4:7c:8d:6d:26:c9,24.7,11,182,17
2025-05-09 10:24:22,c4:7c:8d:6d:28:fa,23.6,55,233,960
2025-05-09 10:24:25,c4:7c:8d:6d:24:ed,24.2,40,74,574
2025-05-09 10:34:49,c4:7c:8d:6d:4e:df,24.1,65,11,1128
2025-05-09 10:34:51,c4:7c:8d:6d:26:c9,24.7,11,252,17
2025-05-09 10:34:54,c4:7c:8d:6d:28:fa,23.6,55,105,955
2025-05-09 10:34:56,c4:7c:8d:6d:24:ed,24.1,40,136,575
2025-05-09 10:45:20,c4:7c:8d:6d:4e:df,24.1,65,71,1128
2025-05-09 10:45:23,c4:7c:8d:6d:26:c9,24.6,11,202,17
2025-05-09 10:45:26,c4:7c:8d:6d:28:fa,23.6,55,248,959
2025-05-09 10:45:28,c4:7c:8d:6d:24:ed,24.1,40,94,575
2025-05-09 10:55:55,c4:7c:8d:6d:26:c9,24.4,12,142,17
2025-05-09 10:55:58,c4:7c:8d:6d:28:fa,23.6,55,125,951
2025-05-09 10:56:00,c4:7c:8d:6d:24:ed,24.1,40,134,568
2025-05-09 11:06:24,c4:7c:8d:6d:4e:df,23.9,65,108,1133
2025-05-09 11:06:27,c4:7c:8d:6d:26:c9,24.3,12,202,15
2025-05-09 11:06:30,c4:7c:8d:6d:28:fa,23.4,55,248,955
2025-05-09 11:06:32,c4:7c:8d:6d:24:ed,24.0,40,76,576
2025-05-09 11:16:56,c4:7c:8d:6d:4e:df,24.0,65,128,1124
2025-05-09 11:16:59,c4:7c:8d:6d:26:c9,24.3,11,253,16
2025-05-09 11:17:02,c4:7c:8d:6d:28:fa,23.3,55,125,956
2025-05-09 11:17:04,c4:7c:8d:6d:24:ed,24.1,40,115,571
2025-05-09 11:27:28,c4:7c:8d:6d:4e:df,23.9,65,69,1124
2025-05-09 11:27:31,c4:7c:8d:6d:26:c9,24.2,12,186,16
2025-05-09 11:27:34,c4:7c:8d:6d:28:fa,23.3,55,201,952
2025-05-09 11:27:36,c4:7c:8d:6d:24:ed,24.0,40,0,573
2025-05-09 11:38:01,c4:7c:8d:6d:4e:df,23.8,65,113,1119
2025-05-09 11:38:04,c4:7c:8d:6d:26:c9,24.2,11,254,16
2025-05-09 11:38:07,c4:7c:8d:6d:28:fa,23.4,53,86,951
2025-05-09 11:38:09,c4:7c:8d:6d:24:ed,23.8,40,117,571
2025-05-09 11:48:35,c4:7c:8d:6d:4e:df,23.6,65,9,1119
2025-05-09 11:48:37,c4:7c:8d:6d:26:c9,24.2,11,183,15
2025-05-09 11:48:40,c4:7c:8d:6d:28:fa,23.4,53,248,947
2025-05-09 11:48:42,c4:7c:8d:6d:24:ed,23.8,40,78,572
2025-05-09 11:59:13,c4:7c:8d:6d:4e:df,23.6,65,86,1112
2025-05-09 11:59:15,c4:7c:8d:6d:26:c9,24.1,11,205,17
2025-05-09 11:59:18,c4:7c:8d:6d:28:fa,23.4,53,125,943
2025-05-09 11:59:20,c4:7c:8d:6d:24:ed,23.8,39,0,573
2025-05-09 12:09:44,c4:7c:8d:6d:4e:df,23.6,65,30,1101
2025-05-09 12:09:48,c4:7c:8d:6d:26:c9,24.2,12,202,16
2025-05-09 12:09:51,c4:7c:8d:6d:28:fa,23.4,53,201,942
2025-05-09 12:09:54,c4:7c:8d:6d:24:ed,23.8,40,117,566
2025-05-09 12:20:18,c4:7c:8d:6d:4e:df,23.6,65,29,1101
2025-05-09 12:20:21,c4:7c:8d:6d:26:c9,24.2,11,102,17
2025-05-09 12:20:25,c4:7c:8d:6d:28:fa,23.6,53,248,947
2025-05-09 12:20:33,c4:7c:8d:6d:24:ed,24.1,39,55,570
2025-05-09 12:30:56,c4:7c:8d:6d:4e:df,23.6,65,134,1101
2025-05-09 12:30:59,c4:7c:8d:6d:26:c9,24.2,11,233,15
2025-05-09 12:31:02,c4:7c:8d:6d:28:fa,23.6,53,155,938
2025-05-09 12:31:04,c4:7c:8d:6d:24:ed,24.1,40,113,563
2025-05-09 12:41:29,c4:7c:8d:6d:4e:df,23.9,65,69,1090
2025-05-09 12:41:32,c4:7c:8d:6d:26:c9,24.3,11,182,16
2025-05-09 12:41:36,c4:7c:8d:6d:28:fa,23.6,53,201,938
2025-05-09 12:41:39,c4:7c:8d:6d:24:ed,24.1,39,95,562
2025-05-09 12:52:02,c4:7c:8d:6d:4e:df,23.8,65,68,1086
2025-05-09 12:52:05,c4:7c:8d:6d:26:c9,24.2,11,156,16
2025-05-09 12:52:09,c4:7c:8d:6d:28:fa,23.6,53,140,938
2025-05-09 12:52:12,c4:7c:8d:6d:24:ed,24.0,39,76,563
2025-05-09 13:02:35,c4:7c:8d:6d:4e:df,23.5,65,92,1096
2025-05-09 13:02:40,c4:7c:8d:6d:26:c9,24.1,11,234,15
2025-05-09 13:02:44,c4:7c:8d:6d:28:fa,23.4,53,201,938
2025-05-09 13:02:46,c4:7c:8d:6d:24:ed,23.9,39,95,564
2025-05-09 13:13:09,c4:7c:8d:6d:4e:df,23.6,64,108,1098
2025-05-09 13:13:13,c4:7c:8d:6d:26:c9,24.1,11,182,15
2025-05-09 13:13:16,c4:7c:8d:6d:28:fa,23.4,53,121,935
2025-05-09 13:13:18,c4:7c:8d:6d:24:ed,24.0,39,76,563
2025-05-09 13:23:41,c4:7c:8d:6d:4e:df,23.4,65,92,1081
2025-05-09 13:23:46,c4:7c:8d:6d:28:fa,23.3,53,217,939
2025-05-09 13:23:48,c4:7c:8d:6d:24:ed,23.8,39,61,558
2025-05-09 13:34:13,c4:7c:8d:6d:4e:df,23.5,64,87,1074
2025-05-09 13:34:16,c4:7c:8d:6d:26:c9,24.0,11,253,16
2025-05-09 13:34:20,c4:7c:8d:6d:28:fa,23.3,53,105,941
2025-05-09 13:34:22,c4:7c:8d:6d:24:ed,23.8,39,0,563
2025-05-09 13:44:45,c4:7c:8d:6d:4e:df,23.6,63,112,1072
2025-05-09 13:44:48,c4:7c:8d:6d:26:c9,24.1,11,166,15
2025-05-09 13:44:51,c4:7c:8d:6d:28:fa,23.4,53,248,930
2025-05-09 13:44:53,c4:7c:8d:6d:24:ed,24.0,39,117,560
2025-05-09 13:55:16,c4:7c:8d:6d:4e:df,23.7,63,11,1068
2025-05-09 13:55:19,c4:7c:8d:6d:26:c9,24.2,11,233,17
2025-05-09 13:55:22,c4:7c:8d:6d:28:fa,23.4,53,121,933
2025-05-09 13:55:24,c4:7c:8d:6d:24:ed,24.1,39,19,558
2025-05-09 14:05:48,c4:7c:8d:6d:4e:df,23.8,63,90,1064
2025-05-09 14:05:52,c4:7c:8d:6d:26:c9,24.2,11,198,16
2025-05-09 14:05:55,c4:7c:8d:6d:28:fa,23.4,53,248,924
2025-05-09 14:05:58,c4:7c:8d:6d:24:ed,24.1,38,115,554
2025-05-09 14:16:22,c4:7c:8d:6d:4e:df,23.8,63,47,1073
2025-05-09 14:16:25,c4:7c:8d:6d:26:c9,24.2,11,253,17
2025-05-09 14:16:28,c4:7c:8d:6d:28:fa,23.4,53,217,924
2025-05-09 14:16:30,c4:7c:8d:6d:24:ed,24.0,39,74,557
2025-05-09 14:26:53,c4:7c:8d:6d:4e:df,23.8,63,110,1058
2025-05-09 14:26:56,c4:7c:8d:6d:26:c9,24.2,11,199,15
2025-05-09 14:26:59,c4:7c:8d:6d:28:fa,23.3,53,121,926
2025-05-09 14:27:02,c4:7c:8d:6d:24:ed,24.0,38,117,559
2025-05-09 14:37:26,c4:7c:8d:6d:4e:df,23.8,63,68,1068
2025-05-09 14:37:30,c4:7c:8d:6d:26:c9,24.2,11,253,17
2025-05-09 14:37:33,c4:7c:8d:6d:28:fa,23.3,53,217,928
2025-05-09 14:37:35,c4:7c:8d:6d:24:ed,24.0,39,92,559
2025-05-09 14:47:58,c4:7c:8d:6d:4e:df,23.6,63,113,1049
2025-05-09 14:48:01,c4:7c:8d:6d:26:c9,24.2,11,182,15
2025-05-09 14:48:03,c4:7c:8d:6d:28:fa,23.2,53,121,926
2025-05-09 14:58:28,c4:7c:8d:6d:4e:df,23.6,63,69,1053
2025-05-09 14:58:31,c4:7c:8d:6d:26:c9,23.9,11,233,15
2025-05-09 14:58:33,c4:7c:8d:6d:28:fa,23.2,53,248,924
2025-05-09 14:58:37,c4:7c:8d:6d:24:ed,23.6,38,40,558
2025-05-09 15:09:01,c4:7c:8d:6d:4e:df,23.4,63,32,1057
2025-05-09 15:09:05,c4:7c:8d:6d:26:c9,23.8,11,100,18
2025-05-09 15:09:08,c4:7c:8d:6d:28:fa,23.0,52,217,931
2025-05-09 15:09:11,c4:7c:8d:6d:24:ed,23.4,40,97,559
2025-05-09 15:19:36,c4:7c:8d:6d:4e:df,23.3,63,34,1049
2025-05-09 15:19:39,c4:7c:8d:6d:26:c9,23.7,10,271,17
2025-05-09 15:19:42,c4:7c:8d:6d:28:fa,23.0,52,217,927
2025-05-09 15:19:45,c4:7c:8d:6d:24:ed,23.4,38,97,562
2025-05-09 15:30:09,c4:7c:8d:6d:4e:df,23.2,63,110,1043
2025-05-09 15:30:12,c4:7c:8d:6d:26:c9,23.8,11,218,16
2025-05-09 15:30:15,c4:7c:8d:6d:28:fa,23.0,52,248,929
2025-05-09 15:30:17,c4:7c:8d:6d:24:ed,23.4,39,74,561
2025-05-09 15:40:41,c4:7c:8d:6d:4e:df,23.2,63,47,1050
2025-05-09 15:40:44,c4:7c:8d:6d:26:c9,23.8,11,253,16
2025-05-09 15:40:47,c4:7c:8d:6d:28:fa,23.0,52,105,922
2025-05-09 15:40:51,c4:7c:8d:6d:24:ed,23.3,38,115,558
2025-05-09 15:51:14,c4:7c:8d:6d:4e:df,23.2,63,92,1039
2025-05-09 15:51:17,c4:7c:8d:6d:26:c9,23.8,11,238,16
2025-05-09 15:51:21,c4:7c:8d:6d:28:fa,22.7,52,217,923
2025-05-09 15:51:23,c4:7c:8d:6d:24:ed,23.3,38,74,557
2025-05-09 16:01:49,c4:7c:8d:6d:26:c9,23.7,10,182,16
2025-05-09 16:01:52,c4:7c:8d:6d:28:fa,22.8,52,121,923
2025-05-09 16:01:56,c4:7c:8d:6d:24:ed,23.2,38,138,557
2025-05-09 16:12:21,c4:7c:8d:6d:4e:df,23.1,63,66,1037
2025-05-09 16:12:24,c4:7c:8d:6d:26:c9,23.6,10,218,16
2025-05-09 16:12:27,c4:7c:8d:6d:28:fa,22.7,52,236,921
2025-05-09 16:12:30,c4:7c:8d:6d:24:ed,23.3,38,78,557
2025-05-09 16:22:54,c4:7c:8d:6d:4e:df,23.2,63,35,1039
2025-05-09 16:22:57,c4:7c:8d:6d:26:c9,23.7,11,199,17
2025-05-09 16:23:01,c4:7c:8d:6d:28:fa,22.8,52,155,927
2025-05-09 16:23:03,c4:7c:8d:6d:24:ed,23.2,38,97,557
2025-05-09 16:33:26,c4:7c:8d:6d:4e:df,23.2,63,29,1043
2025-05-09 16:33:32,c4:7c:8d:6d:28:fa,22.8,52,236,919
2025-05-09 16:33:37,c4:7c:8d:6d:24:ed,23.2,38,35,555
2025-05-09 16:44:00,c4:7c:8d:6d:4e:df,23.2,63,92,1041
2025-05-09 16:44:03,c4:7c:8d:6d:26:c9,23.6,11,233,16
2025-05-09 16:44:05,c4:7c:8d:6d:28:fa,22.7,52,121,919
2025-05-09 16:44:08,c4:7c:8d:6d:24:ed,23.1,38,42,559
2025-05-09 16:54:31,c4:7c:8d:6d:4e:df,23.0,63,69,1041
2025-05-09 16:54:34,c4:7c:8d:6d:26:c9,23.5,10,182,17
2025-05-09 16:54:37,c4:7c:8d:6d:28:fa,22.7,52,236,919
2025-05-09 16:54:42,c4:7c:8d:6d:24:ed,23.1,38,74,555
2025-05-09 17:05:06,c4:7c:8d:6d:4e:df,23.1,63,0,1041
2025-05-09 17:05:09,c4:7c:8d:6d:26:c9,23.3,11,218,16
2025-05-09 17:05:11,c4:7c:8d:6d:28:fa,22.7,52,87,916
2025-05-09 17:05:14,c4:7c:8d:6d:24:ed,23.1,38,120,555
2025-05-09 17:15:37,c4:7c:8d:6d:4e:df,23.0,63,69,1029
2025-05-09 17:15:40,c4:7c:8d:6d:26:c9,23.4,10,167,16
2025-05-09 17:15:42,c4:7c:8d:6d:28:fa,22.5,52,202,918
2025-05-09 17:15:45,c4:7c:8d:6d:24:ed,23.1,38,95,550
2025-05-09 17:26:09,c4:7c:8d:6d:4e:df,22.9,63,13,1036
2025-05-09 17:26:13,c4:7c:8d:6d:26:c9,23.5,10,221,16
2025-05-09 17:26:15,c4:7c:8d:6d:28:fa,22.5,52,84,922
2025-05-09 17:26:18,c4:7c:8d:6d:24:ed,23.0,38,0,556
2025-05-09 17:36:41,c4:7c:8d:6d:4e:df,23.0,63,32,1035
2025-05-09 17:36:44,c4:7c:8d:6d:26:c9,23.4,10,202,17
2025-05-09 17:36:49,c4:7c:8d:6d:28:fa,22.5,52,234,918
2025-05-09 17:36:53,c4:7c:8d:6d:24:ed,22.9,38,95,552
2025-05-09 17:47:16,c4:7c:8d:6d:4e:df,22.9,62,110,1031
2025-05-09 17:47:19,c4:7c:8d:6d:26:c9,23.2,10,220,18
2025-05-09 17:47:22,c4:7c:8d:6d:28:fa,22.5,52,155,919
2025-05-09 17:47:26,c4:7c:8d:6d:24:ed,23.0,38,99,551
2025-05-09 17:57:49,c4:7c:8d:6d:4e:df,22.9,62,90,1026
2025-05-09 17:57:52,c4:7c:8d:6d:26:c9,23.2,10,254,17
2025-05-09 17:57:54,c4:7c:8d:6d:28:fa,22.5,51,236,914
2025-05-09 17:57:57,c4:7c:8d:6d:24:ed,22.9,38,78,555
2025-05-09 18:08:21,c4:7c:8d:6d:4e:df,22.8,62,113,1026
2025-05-09 18:08:24,c4:7c:8d:6d:26:c9,23.2,10,166,16
2025-05-09 18:08:26,c4:7c:8d:6d:28:fa,22.4,51,186,910
2025-05-09 18:08:30,c4:7c:8d:6d:24:ed,23.0,38,117,555
2025-05-09 18:18:55,c4:7c:8d:6d:4e:df,22.8,62,0,1033
2025-05-09 18:18:58,c4:7c:8d:6d:26:c9,23.3,10,238,16
2025-05-09 18:19:01,c4:7c:8d:6d:28:fa,22.4,51,236,910
2025-05-09 18:19:06,c4:7c:8d:6d:24:ed,22.7,38,56,555
2025-05-09 18:29:29,c4:7c:8d:6d:4e:df,22.8,62,113,1024
2025-05-09 18:29:32,c4:7c:8d:6d:26:c9,23.2,10,271,16
2025-05-09 18:29:34,c4:7c:8d:6d:28:fa,22.3,51,87,910
2025-05-09 18:29:38,c4:7c:8d:6d:24:ed,22.7,38,3,552
2025-05-09 18:40:03,c4:7c:8d:6d:4e:df,22.8,61,112,1028
2025-05-09 18:40:06,c4:7c:8d:6d:26:c9,23.2,10,185,16
2025-05-09 18:40:08,c4:7c:8d:6d:28:fa,22.3,51,203,910
2025-05-09 18:40:11,c4:7c:8d:6d:24:ed,22.7,38,94,552
2025-05-09 18:50:34,c4:7c:8d:6d:4e:df,22.7,62,74,1024
2025-05-09 18:50:36,c4:7c:8d:6d:26:c9,23.2,10,254,18
2025-05-09 18:50:41,c4:7c:8d:6d:28:fa,22.3,51,121,907
2025-05-09 18:50:48,c4:7c:8d:6d:24:ed,22.7,38,97,544
2025-05-09 19:01:11,c4:7c:8d:6d:4e:df,22.7,63,66,1024
2025-05-09 19:01:16,c4:7c:8d:6d:26:c9,23.1,10,189,16
2025-05-09 19:01:19,c4:7c:8d:6d:28:fa,22.2,51,236,907
2025-05-09 19:01:22,c4:7c:8d:6d:24:ed,22.6,38,0,545
2025-05-09 19:11:45,c4:7c:8d:6d:4e:df,22.8,61,94,1020
2025-05-09 19:11:48,c4:7c:8d:6d:26:c9,23.1,10,202,16
2025-05-09 19:11:51,c4:7c:8d:6d:28:fa,22.2,51,121,907
2025-05-09 19:11:55,c4:7c:8d:6d:24:ed,22.7,38,97,548
2025-05-09 19:22:19,c4:7c:8d:6d:4e:df,22.7,62,0,1023
2025-05-09 19:22:21,c4:7c:8d:6d:26:c9,23.1,11,142,17
2025-05-09 19:22:24,c4:7c:8d:6d:28:fa,22.2,51,236,902
2025-05-09 19:22:27,c4:7c:8d:6d:24:ed,22.6,38,95,552
2025-05-09 19:32:51,c4:7c:8d:6d:4e:df,22.6,61,112,1016
2025-05-09 19:32:54,c4:7c:8d:6d:26:c9,22.8,10,152,17
2025-05-09 19:32:57,c4:7c:8d:6d:28:fa,22.2,51,121,904
2025-05-09 19:33:01,c4:7c:8d:6d:24:ed,22.4,38,43,551
2025-05-09 19:43:25,c4:7c:8d:6d:4e:df,22.6,62,73,1023
2025-05-09 19:43:29,c4:7c:8d:6d:26:c9,22.9,11,236,17
2025-05-09 19:43:35,c4:7c:8d:6d:28:fa,22.2,51,203,900
2025-05-09 19:43:38,c4:7c:8d:6d:24:ed,22.6,38,97,547
2025-05-09 19:54:02,c4:7c:8d:6d:4e:df,22.8,61,108,1020
2025-05-09 19:54:05,c4:7c:8d:6d:26:c9,23.1,10,138,17
2025-05-09 19:54:07,c4:7c:8d:6d:28:fa,22.3,51,84,902
2025-05-09 19:54:11,c4:7c:8d:6d:24:ed,22.9,38,117,544
2025-05-09 20:04:36,c4:7c:8d:6d:4e:df,22.8,61,112,1009
2025-05-09 20:04:39,c4:7c:8d:6d:26:c9,23.1,10,238,16
2025-05-09 20:04:41,c4:7c:8d:6d:28:fa,22.3,51,203,897
2025-05-09 20:04:44,c4:7c:8d:6d:24:ed,22.7,38,78,542
2025-05-09 20:15:07,c4:7c:8d:6d:4e:df,22.6,61,73,1007
2025-05-09 20:15:10,c4:7c:8d:6d:26:c9,23.1,10,218,17
2025-05-09 20:15:12,c4:7c:8d:6d:28:fa,22.3,51,84,898
2025-05-09 20:15:15,c4:7c:8d:6d:24:ed,22.7,38,0,544
2025-05-09 20:25:38,c4:7c:8d:6d:4e:df,22.6,61,112,1011
2025-05-09 20:25:41,c4:7c:8d:6d:26:c9,23.1,10,218,16
2025-05-09 20:25:43,c4:7c:8d:6d:28:fa,22.2,51,203,898
2025-05-09 20:25:46,c4:7c:8d:6d:24:ed,22.7,38,76,544
2025-05-09 20:36:10,c4:7c:8d:6d:4e:df,22.6,61,90,1008
2025-05-09 20:36:13,c4:7c:8d:6d:26:c9,23.0,10,22,16
2025-05-09 20:36:16,c4:7c:8d:6d:28:fa,22.2,51,84,896
2025-05-09 20:36:20,c4:7c:8d:6d:24:ed,22.7,38,118,545
2025-05-09 20:46:43,c4:7c:8d:6d:4e:df,22.6,61,76,1007
2025-05-09 20:46:46,c4:7c:8d:6d:26:c9,23.0,10,252,16
2025-05-09 20:46:49,c4:7c:8d:6d:28:fa,22.2,51,202,896
2025-05-09 20:46:52,c4:7c:8d:6d:24:ed,22.5,38,97,545
2025-05-09 20:57:15,c4:7c:8d:6d:4e:df,22.5,61,52,1006
2025-05-09 20:57:19,c4:7c:8d:6d:26:c9,22.9,10,42,16
2025-05-09 20:57:22,c4:7c:8d:6d:28:fa,22.1,51,121,900
2025-05-09 20:57:26,c4:7c:8d:6d:24:ed,22.6,38,0,548
2025-05-09 21:07:51,c4:7c:8d:6d:4e:df,22.6,61,115,1012
2025-05-09 21:07:54,c4:7c:8d:6d:26:c9,23.0,10,252,16
2025-05-09 21:07:57,c4:7c:8d:6d:28:fa,22.1,51,203,892
2025-05-09 21:08:02,c4:7c:8d:6d:24:ed,22.5,38,99,540
2025-05-09 21:18:25,c4:7c:8d:6d:4e:df,22.6,61,52,997
2025-05-09 21:18:28,c4:7c:8d:6d:26:c9,22.8,11,234,17
2025-05-09 21:18:30,c4:7c:8d:6d:28:fa,22.2,51,87,889
2025-05-09 21:18:33,c4:7c:8d:6d:24:ed,22.4,38,120,543
2025-05-09 21:28:56,c4:7c:8d:6d:4e:df,22.5,61,94,1003
2025-05-09 21:28:59,c4:7c:8d:6d:26:c9,22.9,11,185,16
2025-05-09 21:29:01,c4:7c:8d:6d:28:fa,22.1,51,236,894
2025-05-09 21:29:05,c4:7c:8d:6d:24:ed,22.4,38,78,544
2025-05-09 21:39:31,c4:7c:8d:6d:4e:df,22.3,61,0,1008
2025-05-09 21:39:34,c4:7c:8d:6d:26:c9,22.8,11,234,16
2025-05-09 21:39:37,c4:7c:8d:6d:28:fa,22.0,51,236,889
2025-05-09 21:39:40,c4:7c:8d:6d:24:ed,22.5,38,81,543
2025-05-09 21:50:03,c4:7c:8d:6d:4e:df,23.0,61,3671,994
2025-05-09 21:50:06,c4:7c:8d:6d:26:c9,23.1,10,5257,17
2025-05-09 21:50:09,c4:7c:8d:6d:28:fa,22.6,51,3045,882
2025-05-09 21:50:12,c4:7c:8d:6d:24:ed,22.6,38,1170,539
2025-05-09 22:00:36,c4:7c:8d:6d:4e:df,23.1,82,2903,1245
2025-05-09 22:00:38,c4:7c:8d:6d:26:c9,23.5,11,5251,17
2025-05-09 22:00:41,c4:7c:8d:6d:28:fa,22.7,70,4360,4728
2025-05-09 22:00:44,c4:7c:8d:6d:24:ed,22.9,100,1115,5108
2025-05-09 22:11:07,c4:7c:8d:6d:4e:df,23.4,96,3005,2994
2025-05-09 22:11:09,c4:7c:8d:6d:26:c9,23.9,11,5272,18
2025-05-09 22:11:12,c4:7c:8d:6d:28:fa,22.6,92,4849,3403
2025-05-09 22:21:40,c4:7c:8d:6d:4e:df,23.5,99,2953,3721
2025-05-09 22:21:42,c4:7c:8d:6d:26:c9,24.0,11,5404,17
2025-05-09 22:21:46,c4:7c:8d:6d:28:fa,22.7,93,5058,3191
2025-05-09 22:21:50,c4:7c:8d:6d:24:ed,23.1,83,1134,2763
2025-05-09 22:32:13,c4:7c:8d:6d:4e:df,23.1,99,30,4135
2025-05-09 22:32:15,c4:7c:8d:6d:26:c9,23.6,11,234,17
2025-05-09 22:32:19,c4:7c:8d:6d:28:fa,22.5,93,84,3113
2025-05-09 22:32:23,c4:7c:8d:6d:24:ed,22.8,81,102,2333
2025-05-09 22:42:47,c4:7c:8d:6d:4e:df,22.8,100,134,4157
2025-05-09 22:42:50,c4:7c:8d:6d:26:c9,23.3,11,221,16
2025-05-09 22:42:52,c4:7c:8d:6d:28:fa,22.2,93,203,2991
2025-05-09 22:42:55,c4:7c:8d:6d:24:ed,22.7,78,118,2218
2025-05-09 22:53:18,c4:7c:8d:6d:4e:df,22.6,100,87,4115
2025-05-09 22:53:21,c4:7c:8d:6d:26:c9,23.2,11,168,17
2025-05-09 22:53:23,c4:7c:8d:6d:28:fa,22.1,93,87,2891
2025-05-09 22:53:25,c4:7c:8d:6d:24:ed,22.8,76,97,2146
2025-05-09 23:03:49,c4:7c:8d:6d:4e:df,22.6,100,112,4222
2025-05-09 23:03:52,c4:7c:8d:6d:26:c9,23.1,12,253,16
2025-05-09 23:03:55,c4:7c:8d:6d:28:fa,22.3,92,236,2832
2025-05-09 23:03:59,c4:7c:8d:6d:24:ed,23.0,75,120,2061
2025-05-09 23:14:22,c4:7c:8d:6d:4e:df,22.7,100,73,4200
2025-05-09 23:14:25,c4:7c:8d:6d:26:c9,23.0,11,234,16
2025-05-09 23:14:27,c4:7c:8d:6d:28:fa,22.5,91,69,2764
2025-05-09 23:14:30,c4:7c:8d:6d:24:ed,23.0,73,0,2018
2025-05-09 23:24:55,c4:7c:8d:6d:26:c9,22.9,11,202,16
2025-05-09 23:24:58,c4:7c:8d:6d:28:fa,22.5,91,236,2701
2025-05-09 23:35:27,c4:7c:8d:6d:4e:df,22.6,100,0,4282
2025-05-09 23:35:32,c4:7c:8d:6d:26:c9,23.1,11,220,16
2025-05-09 23:35:34,c4:7c:8d:6d:28:fa,22.5,91,158,2651
2025-05-09 23:35:38,c4:7c:8d:6d:24:ed,23.2,72,100,1907
2025-05-09 23:46:04,c4:7c:8d:6d:4e:df,22.7,100,9,4274
2025-05-09 23:46:06,c4:7c:8d:6d:26:c9,23.3,11,167,16
2025-05-09 23:46:10,c4:7c:8d:6d:28:fa,22.5,91,203,2617
2025-05-09 23:46:14,c4:7c:8d:6d:24:ed,23.1,71,95,1875
2025-05-09 23:56:38,c4:7c:8d:6d:4e:df,22.7,100,0,4237
2025-05-09 23:56:40,c4:7c:8d:6d:26:c9,23.2,11,218,16
2025-05-09 23:56:43,c4:7c:8d:6d:28:fa,22.8,90,66,2512
2025-05-09 23:56:45,c4:7c:8d:6d:24:ed,23.2,71,99,1828
2025-05-10 00:07:10,c4:7c:8d:6d:4e:df,22.9,100,76,4303
2025-05-10 00:07:13,c4:7c:8d:6d:26:c9,23.2,11,167,17
2025-05-10 00:07:16,c4:7c:8d:6d:28:fa,23.0,90,203,2512
2025-05-10 00:07:18,c4:7c:8d:6d:24:ed,23.4,70,120,1802
2025-05-10 00:17:42,c4:7c:8d:6d:4e:df,22.9,100,74,4295
2025-05-10 00:17:44,c4:7c:8d:6d:26:c9,23.4,11,254,17
2025-05-10 00:17:47,c4:7c:8d:6d:28:fa,22.9,90,66,2473
2025-05-10 00:17:50,c4:7c:8d:6d:24:ed,23.4,70,97,1751
2025-05-10 00:28:16,c4:7c:8d:6d:4e:df,22.8,100,134,4259
2025-05-10 00:28:18,c4:7c:8d:6d:26:c9,23.4,11,167,18
2025-05-10 00:28:21,c4:7c:8d:6d:28:fa,23.0,90,220,2449
2025-05-10 00:28:23,c4:7c:8d:6d:24:ed,23.4,70,99,1745
2025-05-10 00:38:48,c4:7c:8d:6d:4e:df,23.0,100,112,4280
2025-05-10 00:38:50,c4:7c:8d:6d:26:c9,23.4,12,236,16
2025-05-10 00:38:53,c4:7c:8d:6d:28:fa,22.7,90,84,2428
2025-05-10 00:38:55,c4:7c:8d:6d:24:ed,23.2,69,120,1725
2025-05-10 00:49:19,c4:7c:8d:6d:4e:df,22.8,100,0,4392
2025-05-10 00:49:21,c4:7c:8d:6d:26:c9,23.4,11,118,17
2025-05-10 00:49:24,c4:7c:8d:6d:28:fa,22.6,90,218,2428
2025-05-10 00:49:26,c4:7c:8d:6d:24:ed,23.1,69,3,1722
2025-05-10 00:59:50,c4:7c:8d:6d:4e:df,22.8,100,0,4333
2025-05-10 00:59:52,c4:7c:8d:6d:26:c9,23.4,11,221,16
2025-05-10 00:59:55,c4:7c:8d:6d:28:fa,22.5,90,126,2408
2025-05-10 00:59:57,c4:7c:8d:6d:24:ed,23.0,68,120,1711
2025-05-10 01:10:20,c4:7c:8d:6d:4e:df,22.8,100,113,4333
2025-05-10 01:10:24,c4:7c:8d:6d:26:c9,23.4,12,19,16
2025-05-10 01:10:27,c4:7c:8d:6d:28:fa,22.5,89,220,2382
2025-05-10 01:10:29,c4:7c:8d:6d:24:ed,23.0,68,74,1687
2025-05-10 01:20:53,c4:7c:8d:6d:4e:df,22.9,100,11,4362
2025-05-10 01:20:55,c4:7c:8d:6d:26:c9,23.4,11,220,17
2025-05-10 01:20:58,c4:7c:8d:6d:28:fa,22.9,89,126,2303
2025-05-10 01:21:00,c4:7c:8d:6d:24:ed,23.2,68,22,1652
2025-05-10 01:31:24,c4:7c:8d:6d:4e:df,23.0,100,74,4317
2025-05-10 01:31:26,c4:7c:8d:6d:26:c9,23.4,11,185,17
2025-05-10 01:31:29,c4:7c:8d:6d:28:fa,22.9,89,233,2366
2025-05-10 01:31:32,c4:7c:8d:6d:24:ed,23.2,68,56,1652
2025-05-10 01:41:57,c4:7c:8d:6d:4e:df,22.9,100,108,4347
2025-05-10 01:42:01,c4:7c:8d:6d:26:c9,23.5,11,171,18
2025-05-10 01:42:03,c4:7c:8d:6d:28:fa,22.7,89,202,2283
2025-05-10 01:42:06,c4:7c:8d:6d:24:ed,23.2,67,139,1655
2025-05-10 01:52:32,c4:7c:8d:6d:4e:df,23.0,100,86,4288
2025-05-10 01:52:35,c4:7c:8d:6d:26:c9,23.4,11,183,17
2025-05-10 01:52:37,c4:7c:8d:6d:28:fa,22.6,88,107,2311
2025-05-10 01:52:39,c4:7c:8d:6d:24:ed,23.1,66,97,1638
2025-05-10 02:03:02,c4:7c:8d:6d:4e:df,23.0,100,113,4310
2025-05-10 02:03:07,c4:7c:8d:6d:26:c9,23.4,12,254,18
2025-05-10 02:03:09,c4:7c:8d:6d:28:fa,22.7,88,203,2270
2025-05-10 02:03:11,c4:7c:8d:6d:24:ed,23.2,66,120,1619
2025-05-10 02:13:35,c4:7c:8d:6d:4e:df,23.0,100,71,4339
2025-05-10 02:13:39,c4:7c:8d:6d:26:c9,23.4,12,154,18
2025-05-10 02:13:41,c4:7c:8d:6d:28:fa,23.0,88,66,2275
2025-05-10 02:13:43,c4:7c:8d:6d:24:ed,23.5,66,120,1597
2025-05-10 02:24:06,c4:7c:8d:6d:4e:df,23.1,100,0,4347
2025-05-10 02:24:11,c4:7c:8d:6d:26:c9,23.4,12,254,16
2025-05-10 02:24:13,c4:7c:8d:6d:28:fa,23.0,88,234,2279
2025-05-10 02:24:16,c4:7c:8d:6d:24:ed,23.4,66,78,1585
2025-05-10 02:34:43,c4:7c:8d:6d:4e:df,23.0,100,0,4339
2025-05-10 02:34:47,c4:7c:8d:6d:26:c9,23.6,12,201,16
2025-05-10 02:34:49,c4:7c:8d:6d:28:fa,22.7,88,203,2258
2025-05-10 02:34:52,c4:7c:8d:6d:24:ed,23.2,66,118,1576
2025-05-10 02:45:19,c4:7c:8d:6d:4e:df,23.1,100,53,4339
2025-05-10 02:45:21,c4:7c:8d:6d:26:c9,23.4,12,221,18
2025-05-10 02:45:24,c4:7c:8d:6d:28:fa,22.7,88,87,2270
2025-05-10 02:45:26,c4:7c:8d:6d:24:ed,23.2,66,74,1567
2025-05-10 02:55:50,c4:7c:8d:6d:4e:df,23.0,100,11,4347
2025-05-10 02:55:53,c4:7c:8d:6d:26:c9,23.5,12,203,18
2025-05-10 02:55:56,c4:7c:8d:6d:28:fa,23.0,88,202,2254
2025-05-10 02:55:58,c4:7c:8d:6d:24:ed,23.4,66,120,1558
2025-05-10 03:06:22,c4:7c:8d:6d:4e:df,23.0,100,113,4332
2025-05-10 03:06:26,c4:7c:8d:6d:26:c9,23.5,12,158,17
2025-05-10 03:06:29,c4:7c:8d:6d:28:fa,23.1,88,158,2242
2025-05-10 03:06:31,c4:7c:8d:6d:24:ed,23.7,66,99,1541
2025-05-10 03:16:54,c4:7c:8d:6d:4e:df,23.1,100,90,4332
2025-05-10 03:16:57,c4:7c:8d:6d:26:c9,23.6,12,150,17
2025-05-10 03:17:00,c4:7c:8d:6d:28:fa,23.0,88,237,2242
2025-05-10 03:17:02,c4:7c:8d:6d:24:ed,23.5,65,63,1530
2025-05-10 03:27:26,c4:7c:8d:6d:4e:df,23.2,100,113,4361
2025-05-10 03:27:29,c4:7c:8d:6d:26:c9,23.5,12,254,17
2025-05-10 03:27:32,c4:7c:8d:6d:28:fa,22.9,87,126,2230
2025-05-10 03:27:35,c4:7c:8d:6d:24:ed,23.3,65,0,1540
2025-05-10 03:38:01,c4:7c:8d:6d:4e:df,23.1,100,87,4361
2025-05-10 03:38:04,c4:7c:8d:6d:26:c9,23.5,12,202,17
2025-05-10 03:38:07,c4:7c:8d:6d:28:fa,22.7,87,220,2230
2025-05-10 03:38:09,c4:7c:8d:6d:24:ed,23.3,65,118,1520
2025-05-10 03:48:32,c4:7c:8d:6d:4e:df,23.2,100,112,4353
2025-05-10 03:48:35,c4:7c:8d:6d:26:c9,23.5,12,218,18
2025-05-10 03:48:38,c4:7c:8d:6d:28:fa,23.1,87,66,2230
2025-05-10 03:48:40,c4:7c:8d:6d:24:ed,23.7,65,0,1483
2025-05-10 03:59:03,c4:7c:8d:6d:4e:df,23.0,100,0,4391
2025-05-10 03:59:06,c4:7c:8d:6d:26:c9,23.7,12,24,17
2025-05-10 03:59:09,c4:7c:8d:6d:28:fa,23.1,87,220,2230
2025-05-10 03:59:11,c4:7c:8d:6d:24:ed,23.7,65,0,1502
2025-05-10 04:09:34,c4:7c:8d:6d:4e:df,23.1,100,13,4332
2025-05-10 04:09:37,c4:7c:8d:6d:26:c9,23.8,12,234,18
2025-05-10 04:09:40,c4:7c:8d:6d:28:fa,23.0,88,104,2222
2025-05-10 04:09:42,c4:7c:8d:6d:24:ed,23.6,64,61,1478
2025-05-10 04:20:05,c4:7c:8d:6d:4e:df,23.1,100,68,4391
2025-05-10 04:20:09,c4:7c:8d:6d:26:c9,23.7,11,167,18
2025-05-10 04:20:13,c4:7c:8d:6d:28:fa,22.9,87,203,2230
2025-05-10 04:20:16,c4:7c:8d:6d:24:ed,23.4,64,118,1491
2025-05-10 04:30:39,c4:7c:8d:6d:4e:df,23.1,100,53,4391
2025-05-10 04:30:42,c4:7c:8d:6d:26:c9,23.8,12,234,18
2025-05-10 04:30:45,c4:7c:8d:6d:28:fa,23.0,87,66,2207
2025-05-10 04:30:47,c4:7c:8d:6d:24:ed,23.6,64,117,1469
2025-05-10 04:41:10,c4:7c:8d:6d:4e:df,23.1,100,29,4353
2025-05-10 04:41:13,c4:7c:8d:6d:26:c9,23.7,12,167,18
2025-05-10 04:41:16,c4:7c:8d:6d:28:fa,23.1,86,236,2211
2025-05-10 04:41:18,c4:7c:8d:6d:24:ed,23.6,63,79,1460
2025-05-10 04:51:42,c4:7c:8d:6d:4e:df,23.1,100,92,4391
2025-05-10 04:51:45,c4:7c:8d:6d:26:c9,23.5,12,254,18
2025-05-10 04:51:48,c4:7c:8d:6d:28:fa,22.9,86,139,2202
2025-05-10 04:51:51,c4:7c:8d:6d:24:ed,23.3,63,24,1457
2025-05-10 05:02:16,c4:7c:8d:6d:4e:df,23.1,100,86,4339
2025-05-10 05:02:19,c4:7c:8d:6d:26:c9,23.5,12,154,17
2025-05-10 05:02:21,c4:7c:8d:6d:28:fa,22.7,86,218,2218
2025-05-10 05:02:23,c4:7c:8d:6d:24:ed,23.3,63,95,1453
2025-05-10 05:12:47,c4:7c:8d:6d:4e:df,23.1,100,113,4427
2025-05-10 05:12:53,c4:7c:8d:6d:28:fa,22.7,86,158,2210
2025-05-10 05:12:55,c4:7c:8d:6d:24:ed,23.2,63,102,1453
2025-05-10 05:23:18,c4:7c:8d:6d:4e:df,23.1,100,90,4398
2025-05-10 05:23:22,c4:7c:8d:6d:26:c9,23.6,12,233,17
2025-05-10 05:23:35,c4:7c:8d:6d:28:fa,23.0,86,203,2198
2025-05-10 05:23:37,c4:7c:8d:6d:24:ed,23.4,63,94,1419
2025-05-10 05:34:03,c4:7c:8d:6d:4e:df,23.1,100,0,4391
2025-05-10 05:34:06,c4:7c:8d:6d:26:c9,23.5,12,138,18
2025-05-10 05:34:10,c4:7c:8d:6d:28:fa,23.1,86,87,2194
2025-05-10 05:34:13,c4:7c:8d:6d:24:ed,23.6,63,0,1426
2025-05-10 05:44:36,c4:7c:8d:6d:4e:df,23.2,100,113,4419
2025-05-10 05:44:39,c4:7c:8d:6d:26:c9,23.7,12,253,16
2025-05-10 05:44:42,c4:7c:8d:6d:28:fa,23.0,86,203,2198
2025-05-10 05:44:44,c4:7c:8d:6d:24:ed,23.4,63,39,1413
2025-05-10 05:55:07,c4:7c:8d:6d:4e:df,23.0,100,0,4361
2025-05-10 05:55:10,c4:7c:8d:6d:26:c9,23.6,12,202,18
2025-05-10 05:55:13,c4:7c:8d:6d:28:fa,22.9,86,107,2186
2025-05-10 05:55:15,c4:7c:8d:6d:24:ed,23.5,63,0,1418
2025-05-10 06:05:38,c4:7c:8d:6d:4e:df,23.2,100,134,4369
2025-05-10 06:05:41,c4:7c:8d:6d:26:c9,23.5,12,205,16
2025-05-10 06:05:45,c4:7c:8d:6d:28:fa,23.1,86,220,2198
2025-05-10 06:05:49,c4:7c:8d:6d:24:ed,23.6,63,56,1400
2025-05-10 06:16:12,c4:7c:8d:6d:4e:df,23.1,100,90,4361
2025-05-10 06:16:15,c4:7c:8d:6d:26:c9,23.7,12,221,17
2025-05-10 06:16:19,c4:7c:8d:6d:28:fa,23.0,86,84,2186
2025-05-10 06:16:23,c4:7c:8d:6d:24:ed,23.5,63,97,1393
2025-05-10 06:26:48,c4:7c:8d:6d:4e:df,23.2,100,113,4361
2025-05-10 06:26:51,c4:7c:8d:6d:26:c9,23.5,12,182,17
2025-05-10 06:26:54,c4:7c:8d:6d:28:fa,22.9,86,236,2166
2025-05-10 06:26:56,c4:7c:8d:6d:24:ed,23.4,63,0,1398
2025-05-10 06:37:21,c4:7c:8d:6d:4e:df,23.1,100,52,4361
2025-05-10 06:37:24,c4:7c:8d:6d:26:c9,23.6,12,218,17
2025-05-10 06:37:27,c4:7c:8d:6d:28:fa,22.7,86,126,2169
2025-05-10 06:37:29,c4:7c:8d:6d:24:ed,23.2,61,139,1392
2025-05-10 06:47:52,c4:7c:8d:6d:4e:df,23.0,100,113,4398
2025-05-10 06:47:55,c4:7c:8d:6d:26:c9,23.6,12,166,17
2025-05-10 06:47:59,c4:7c:8d:6d:28:fa,22.7,86,218,2202
2025-05-10 06:48:03,c4:7c:8d:6d:24:ed,23.1,61,94,1374
2025-05-10 06:58:28,c4:7c:8d:6d:4e:df,23.1,100,90,4332
2025-05-10 06:58:31,c4:7c:8d:6d:26:c9,23.5,12,238,17
2025-05-10 06:58:34,c4:7c:8d:6d:28:fa,22.9,86,84,2178
2025-05-10 06:58:36,c4:7c:8d:6d:24:ed,23.4,60,120,1343
2025-05-10 07:08:59,c4:7c:8d:6d:4e:df,23.1,100,134,4456
2025-05-10 07:09:02,c4:7c:8d:6d:26:c9,23.6,12,185,17
2025-05-10 07:09:05,c4:7c:8d:6d:28:fa,23.1,86,236,2158
2025-05-10 07:09:07,c4:7c:8d:6d:24:ed,23.6,61,117,1330
2025-05-10 07:19:31,c4:7c:8d:6d:4e:df,23.1,100,0,4353
2025-05-10 07:19:34,c4:7c:8d:6d:26:c9,23.7,12,125,18
2025-05-10 07:19:37,c4:7c:8d:6d:28:fa,23.0,86,87,2162
2025-05-10 07:19:39,c4:7c:8d:6d:24:ed,23.5,60,97,1332
2025-05-10 07:30:05,c4:7c:8d:6d:4e:df,23.4,100,113,4346
2025-05-10 07:30:09,c4:7c:8d:6d:26:c9,23.8,12,135,16
2025-05-10 07:30:13,c4:7c:8d:6d:28:fa,23.0,86,220,2151
2025-05-10 07:30:17,c4:7c:8d:6d:24:ed,23.4,60,78,1323
2025-05-10 07:40:43,c4:7c:8d:6d:4e:df,23.9,100,2927,4328
2025-05-10 07:40:46,c4:7c:8d:6d:26:c9,24.0,12,1005,16
2025-05-10 07:40:49,c4:7c:8d:6d:28:fa,23.4,86,2915,2162
2025-05-10 07:40:52,c4:7c:8d:6d:24:ed,23.7,60,697,1305
2025-05-10 07:51:16,c4:7c:8d:6d:4e:df,24.2,100,2997,4362
2025-05-10 07:51:21,c4:7c:8d:6d:26:c9,24.3,12,823,17
2025-05-10 07:51:24,c4:7c:8d:6d:28:fa,23.7,86,2962,2147
2025-05-10 07:51:26,c4:7c:8d:6d:24:ed,24.0,60,600,1312
2025-05-10 08:01:49,c4:7c:8d:6d:4e:df,24.5,100,2937,4367
2025-05-10 08:01:52,c4:7c:8d:6d:26:c9,24.6,12,1025,17
2025-05-10 08:01:55,c4:7c:8d:6d:28:fa,24.0,86,2772,2148
2025-05-10 08:01:58,c4:7c:8d:6d:24:ed,24.1,60,694,1292
2025-05-10 08:12:23,c4:7c:8d:6d:4e:df,24.9,100,2988,4388
2025-05-10 08:12:26,c4:7c:8d:6d:26:c9,24.5,12,984,17
2025-05-10 08:12:28,c4:7c:8d:6d:28:fa,24.0,86,2868,2144
2025-05-10 08:12:33,c4:7c:8d:6d:24:ed,24.1,60,721,1290
2025-05-10 08:22:57,c4:7c:8d:6d:4e:df,24.9,100,2963,4351
2025-05-10 08:23:01,c4:7c:8d:6d:26:c9,24.6,12,925,17
2025-05-10 08:23:03,c4:7c:8d:6d:28:fa,24.2,86,2902,2168
2025-05-10 08:23:06,c4:7c:8d:6d:24:ed,24.1,60,551,1292
2025-05-10 08:33:30,c4:7c:8d:6d:4e:df,24.8,100,2981,4408
2025-05-10 08:33:33,c4:7c:8d:6d:26:c9,24.5,12,884,17
2025-05-10 08:33:35,c4:7c:8d:6d:28:fa,24.2,86,2791,2168
2025-05-10 08:33:38,c4:7c:8d:6d:24:ed,24.1,60,560,1283
2025-05-10 08:44:04,c4:7c:8d:6d:4e:df,25.0,100,2864,4433
2025-05-10 08:44:10,c4:7c:8d:6d:26:c9,24.4,12,1021,17
2025-05-10 08:44:13,c4:7c:8d:6d:28:fa,24.2,86,2853,2168
2025-05-10 08:44:16,c4:7c:8d:6d:24:ed,24.0,60,427,1269
2025-05-10 08:54:39,c4:7c:8d:6d:4e:df,24.8,100,2922,4416
2025-05-10 08:54:43,c4:7c:8d:6d:26:c9,24.4,12,923,16
2025-05-10 08:54:47,c4:7c:8d:6d:28:fa,24.2,86,2727,2168
2025-05-10 08:54:51,c4:7c:8d:6d:24:ed,24.0,60,413,1277
2025-05-10 09:05:15,c4:7c:8d:6d:4e:df,24.7,100,2911,4400
2025-05-10 09:05:18,c4:7c:8d:6d:26:c9,24.2,12,968,17
2025-05-10 09:05:20,c4:7c:8d:6d:28:fa,24.1,86,2871,2168
2025-05-10 09:05:23,c4:7c:8d:6d:24:ed,23.8,60,494,1281
2025-05-10 09:15:47,c4:7c:8d:6d:4e:df,24.7,100,2834,4424
2025-05-10 09:15:50,c4:7c:8d:6d:26:c9,24.1,12,889,17
2025-05-10 09:15:52,c4:7c:8d:6d:28:fa,24.0,86,2732,2172
2025-05-10 09:15:55,c4:7c:8d:6d:24:ed,23.8,60,470,1290
2025-05-10 09:26:19,c4:7c:8d:6d:4e:df,24.9,100,3930,4384
2025-05-10 09:26:23,c4:7c:8d:6d:26:c9,24.6,12,4882,17
2025-05-10 09:26:27,c4:7c:8d:6d:28:fa,24.4,86,3155,2152
2025-05-10 09:26:31,c4:7c:8d:6d:24:ed,24.1,60,1592,1274
2025-05-10 09:36:55,c4:7c:8d:6d:4e:df,25.0,100,3810,4384
2025-05-10 09:36:59,c4:7c:8d:6d:26:c9,24.9,12,4942,17
2025-05-10 09:37:03,c4:7c:8d:6d:24:ed,24.4,60,1635,1272
2025-05-10 09:47:27,c4:7c:8d:6d:4e:df,25.0,100,3983,4416
2025-05-10 09:47:29,c4:7c:8d:6d:28:fa,24.9,86,5759,2151
2025-05-10 09:57:53,c4:7c:8d:6d:4e:df,25.1,100,3904,4348
2025-05-10 09:57:55,c4:7c:8d:6d:28:fa,25.0,86,5677,2132
